status,product_id,slug,title,old_post_content,new_post_content
APPLICABLE,62040,lion-pair-medicated-acne-care-cream-14g,"Lion Pair Medicated Acne Care Cream 14g","<h3>Lion Pair Medicated Acne Care Cream 14g: Your Acne Solution</h3>
<p>Dhaka’s humidity, heat, and pollution often wreak havoc on our skin, making acne a common concern. If আপনি oily বা acne-prone skin নিয়ে দুশ্চিন্তায় থাকেন, Lion Pair Medicated Acne Care Cream আপনার জন্য। E-Mart team এই প্রোডাক্টটি test করেছে এবং আমাদের অভিজ্ঞতায় এটি সত্যিই কার্যকর। এই জাপানি medicated acne cream আপনার pimples কমাতে, redness দূর করতে এবং নতুন breakouts প্রতিরোধে সাহায্য করে।</p>
<p>এই ক্রিমে আছে তিনটি key ingredients: Sulfur, Resorcinol, এবং Isopropyl Methylphenol (IPMP)। Sulfur আপনার ত্বকের excess oil কমাতে সাহায্য করে। Resorcinol pimples এবং blackheads দূর করে। আর IPMP ব্যাকটেরিয়া growth রোধ করে, যা নতুন acne হওয়া থেকে বাঁচায়। এটি oily এবং acne-prone skin এর জন্য perfect।</p>
<h3>How to Use Lion Pair Acne Cream</h3>
<p>এই ক্রিমটি ব্যবহার করা খুব সহজ। প্রথমে আপনার মুখ ভালোভাবে পরিষ্কার করুন। তারপর আক্রান্ত জায়গায় একটি পাতলা layer এ ক্রিমটি apply করুন। দিনে ২-৩ বার ব্যবহার করা যাবে। অবশ্যই sunscreen ব্যবহার করে ত্বককে protect করুন, কারণ এই ক্রিম ত্বককে sunlight এর প্রতি sensitive করে তুলতে পারে।</p>
<h3>Frequently Asked Questions (FAQs)</h3>
<p>১. এই ক্রিমটি কি সব ধরনের ত্বকের জন্য উপযুক্ত?<br />এই ক্রিমটি বিশেষভাবে oily এবং acne-prone skin এর জন্য তৈরি। শুষ্ক বা sensitive skin হলে ব্যবহারের আগে patch test করে নিন।</p>
<p>২. কতদিনে ফলাফল দেখা যাবে?<br />আমাদের অভিজ্ঞতায়, নিয়মিত ব্যবহারে ১-২ সপ্তাহের মধ্যে ফলাফল দেখা যায়। তবে ব্যক্তিভেদে ফলাফল আলাদা হতে পারে।</p>
<p>৩. এই ক্রিমটি কি বাংলাদেশে পাওয়া যায়?<br />হ্যাঁ, Lion Pair Acne Cream 100% অথেনটিক এবং Japan থেকে সরাসরি import করা। E-Mart BD তে এখনই অর্ডার করুন এবং ঢাকায় ১-২ দিনের মধ্যেই পেয়ে যান। COD available।</p>
<h3>Why Choose Lion Pair Acne Cream?</h3>
<p>এই ক্রিমটি শুধু মাত্র acne treat করে না, এটি ত্বকের overall health improve করে। এর compact size (14g) আপনার purse বা travel bag এ সহজে বহনযোগ্য। E-Mart BD তে আপনি trusted এবং genuine প্রোডাক্টই পাবেন। আমাদের team এই প্রোডাক্টটি personally test করেছে এবং আমরা নিজেরাই এর ফলাফলে impressed।</p>
<p>আপনার ত্বককে Dhaka’s harsh environment থেকে বাঁচাতে আজই Lion Pair Medicated Acne Care Cream অর্ডার করুন। দেরি না করে আপনার skincare routine এ এই জাপানি জাদু যোগ করুন!</p>","<h3>Lion Pair Medicated Acne Care Cream 14g: Your Acne Solution</h3>
<p>Dhaka’s humidity, heat, and pollution often wreak havoc on our skin, making acne a common concern. If আপনি oily বা acne-prone skin নিয়ে দুশ্চিন্তায় থাকেন, Lion Pair Medicated Acne Care Cream আপনার জন্য। E-Mart team এই প্রোডাক্টটি test করেছে এবং আমাদের অভিজ্ঞতায় এটি সত্যিই কার্যকর। এই জাপানি medicated acne cream আপনার pimples কমাতে, redness দূর করতে এবং নতুন breakouts প্রতিরোধে সাহায্য করে।</p>
<p>এই ক্রিমে আছে তিনটি key ingredients: Sulfur, Resorcinol, এবং Isopropyl Methylphenol (IPMP)। Sulfur আপনার ত্বকের excess oil কমাতে সাহায্য করে। Resorcinol pimples এবং blackheads দূর করে। আর IPMP ব্যাকটেরিয়া growth রোধ করে, যা নতুন acne হওয়া থেকে বাঁচায়। এটি oily এবং acne-prone skin এর জন্য perfect।</p>
<h3>How to Use Lion Pair Acne Cream</h3>
<p>এই ক্রিমটি ব্যবহার করা খুব সহজ। প্রথমে আপনার মুখ ভালোভাবে পরিষ্কার করুন। তারপর আক্রান্ত জায়গায় একটি পাতলা layer এ ক্রিমটি apply করুন। দিনে ২-৩ বার ব্যবহার করা যাবে। অবশ্যই sunscreen ব্যবহার করে ত্বককে protect করুন, কারণ এই ক্রিম ত্বককে sunlight এর প্রতি sensitive করে তুলতে পারে।</p>
<h3>Why Choose Lion Pair Acne Cream?</h3>
<p>এই ক্রিমটি শুধু মাত্র acne treat করে না, এটি ত্বকের overall health improve করে। এর compact size (14g) আপনার purse বা travel bag এ সহজে বহনযোগ্য। E-Mart BD তে আপনি trusted এবং genuine প্রোডাক্টই পাবেন। আমাদের team এই প্রোডাক্টটি personally test করেছে এবং আমরা নিজেরাই এর ফলাফলে impressed।</p>
<p>আপনার ত্বককে Dhaka’s harsh environment থেকে বাঁচাতে আজই Lion Pair Medicated Acne Care Cream অর্ডার করুন। দেরি না করে আপনার skincare routine এ এই জাপানি জাদু যোগ করুন!</p>"
APPLICABLE,63779,innisfree-true-mild-cica-sunscreen-spf50-pa-35ml-physical-sunscreen,"Innisfree True Mild Cica Sunscreen SPF50+ PA++++ 35ml (Physical sunscreen)","<p>Some products are so good that once you start using them, you never want to let go. The Innisfree True Mild Cica Sunscreen SPF50+ PA++++ 35ml is one of those gems. Whether you're battling Dhaka's heat, humidity, or pollution, this physical sunscreen is your ultimate shield. With its lightweight formula, it protects your skin from harmful UV rays while keeping it calm and hydrated. Plus, it's perfect for sensitive, oily, or acne-prone skin. The E-Mart team has personally verified this product to ensure it's 100% authentic and directly imported from Korea.</p>
<h3>Why choose this product?</h3>
<p>First, it’s a physical sunscreen, meaning it sits on your skin’s surface to reflect UV rays immediately upon application. This makes it a safer and gentler option for sensitive skin types. Second, its SPF50+ PA++++ rating ensures you’re protected from both UVA and UVB rays, which are especially harmful in Dhaka’s sunny and polluted environment. Third, it’s enriched with cica, which soothes and repairs your skin, making it perfect for those dealing with irritation or redness.</p>
<h3>Key Ingredients</h3>
<p>Cica (Centella Asiatica) is a superstar ingredient known for its skin-soothing and healing properties. It helps calm irritated skin and promotes repair. Zinc Oxide acts as a physical barrier, reflecting UV rays away from your skin while being gentle enough for daily use. Green Tea Extract, sourced from Jeju Island, provides antioxidant benefits, protecting your skin from environmental damage and keeping it refreshed.</p>
<h3>How to use it</h3>
<p>Start with clean skin. Apply a generous amount of Innisfree True Mild Cica Sunscreen SPF50+ PA++++ evenly across your face and neck. Massage it in gently until fully absorbed. Reapply every 2-3 hours, especially if you’re spending time outdoors or under direct sunlight. It’s lightweight enough to layer under makeup, so you can confidently wear it throughout the day.</p>
<h3>সাধারণ জিজ্ঞাসা</h3>
<p>প্র: এই সানস্ক্রিনটি তৈলাক্ত ত্বকের জন্য উপযুক্ত কিনা?<br />উ: হ্যাঁ, এটি বিশেষভাবে তৈলাক্ত এবং সংবেদনশীল ত্বকের জন্য ডিজাইন করা হয়েছে। এটি হালকা এবং ম্যাটিফাইং ফর্মুলা দিয়ে তৈরি যা ত্বককে তৈলাক্ততা থেকে মুক্ত রাখে।</p>
<p>প্র: এই পণ্যটি ঢাকার আর্দ্রতা থেকে রক্ষা করতে পারে কি?<br />উ: হ্যাঁ, এটি ঢাকার আর্দ্রতা এবং দূষণের বিরুদ্ধে কার্যকরভাবে কাজ করে। এটি ত্বককে সুরক্ষিত এবং হাইড্রেটেড রাখে।</p>
<p>প্র: এটি মেকআপের নিচে ব্যবহার করা যায় কিনা?<br />উ: অবশ্যই, এটি মেকআপের নিচে ব্যবহার করা যায় এবং এটি মেকআপের সাথে মিশে ত্বককে প্রাকৃতিকভাবে দেখায়।</p>
<p>The Innisfree True Mild Cica Sunscreen SPF50+ PA++++ is a must-have for anyone looking to protect their skin while keeping it healthy and radiant. Its gentle formula makes it suitable for all skin types, and its effectiveness in Dhaka’s harsh climate is unmatched. Order now and enjoy fast delivery—ঢাকায় ১-২ দিন | সারাদেশে ৩-৫ দিন | COD available. Trusted by the E-Mart team, this product is 100% authentic and imported directly from Korea. Give your skin the care it deserves!</p>
<p>{<br />
 ""@context"": ""https://schema.org"",<br />
 ""@type"": ""FAQPage"",<br />
 ""mainEntity"": [<br />
 {<br />
 ""@type"": ""Question"",<br />
 ""name"": ""প্র: এই সানস্ক্রিনটি তৈলাক্ত ত্বকের জন্য উপযুক্ত কিনা?"",<br />
 ""acceptedAnswer"": {<br />
 ""@type"": ""Answer"",<br />
 ""text"": ""হ্যাঁ, এটি বিশেষভাবে তৈলাক্ত এবং সংবেদনশীল ত্বকের জন্য ডিজাইন করা হয়েছে। এটি হালকা এবং ম্যাটিফাইং ফর্মুলা দিয়ে তৈরি যা ত্বককে তৈলাক্ততা থেকে মুক্ত রাখে।""<br />
 }<br />
 },<br />
 {<br />
 ""@type"": ""Question"",<br />
 ""name"": ""প্র: এই পণ্যটি ঢাকার আর্দ্রতা থেকে রক্ষা করতে পারে কি?"",<br />
 ""acceptedAnswer"": {<br />
 ""@type"": ""Answer"",<br />
 ""text"": ""হ্যাঁ, এটি ঢাকার আর্দ্রতা এবং দূষণের বিরুদ্ধে কার্যকরভাবে কাজ করে। এটি ত্বককে সুরক্ষিত এবং হাইড্রেটেড রাখে।""<br />
 }<br />
 },<br />
 {<br />
 ""@type"": ""Question"",<br />
 ""name"": ""প্র: এটি মেকআপের নিচে ব্যবহার করা যায় কিনা?"",<br />
 ""acceptedAnswer"": {<br />
 ""@type"": ""Answer"",<br />
 ""text"": ""অবশ্যই, এটি মেকআপের নিচে ব্যবহার করা যায় এবং এটি মেকআপের সাথে মিশে ত্বককে প্রাকৃতিকভাবে দেখায়।""<br />
 }<br />
 }<br />
 ]<br />
}</p>
<p>","<p>Some products are so good that once you start using them, you never want to let go. The Innisfree True Mild Cica Sunscreen SPF50+ PA++++ 35ml is one of those gems. Whether you're battling Dhaka's heat, humidity, or pollution, this physical sunscreen is your ultimate shield. With its lightweight formula, it protects your skin from harmful UV rays while keeping it calm and hydrated. Plus, it's perfect for sensitive, oily, or acne-prone skin. The E-Mart team has personally verified this product to ensure it's 100% authentic and directly imported from Korea.</p>
<h3>Why choose this product?</h3>
<p>First, it’s a physical sunscreen, meaning it sits on your skin’s surface to reflect UV rays immediately upon application. This makes it a safer and gentler option for sensitive skin types. Second, its SPF50+ PA++++ rating ensures you’re protected from both UVA and UVB rays, which are especially harmful in Dhaka’s sunny and polluted environment. Third, it’s enriched with cica, which soothes and repairs your skin, making it perfect for those dealing with irritation or redness.</p>
<h3>Key Ingredients</h3>
<p>Cica (Centella Asiatica) is a superstar ingredient known for its skin-soothing and healing properties. It helps calm irritated skin and promotes repair. Zinc Oxide acts as a physical barrier, reflecting UV rays away from your skin while being gentle enough for daily use. Green Tea Extract, sourced from Jeju Island, provides antioxidant benefits, protecting your skin from environmental damage and keeping it refreshed.</p>
<h3>How to use it</h3>
<p>Start with clean skin. Apply a generous amount of Innisfree True Mild Cica Sunscreen SPF50+ PA++++ evenly across your face and neck. Massage it in gently until fully absorbed. Reapply every 2-3 hours, especially if you’re spending time outdoors or under direct sunlight. It’s lightweight enough to layer under makeup, so you can confidently wear it throughout the day.</p>"
APPLICABLE,74335,dabo-snail-sheet-mask-23g,"DABO Snail Sheet Mask 23g","<p>E-Mart BD-তে এই পণ্যটা আনার পেছনে একটা গল্প আছে। আমরা চেয়েছি যেন আপনারা Dhaka-র humidity, pollution আর heat-এর সাথে লড়াই করতে পারেন একটু সহজে। সেই ভাবনা থেকেই আমরা নিয়ে এসেছি DABO Snail Sheet Mask 23g, যা 100% অথেনটিক এবং Korea থেকে directly import করা। E-Mart team personally verify করেছে এই পণ্যটি, যাতে আপনি পেতে পারেন genuine K-Beauty experience।</p>
<h3>কেন এই পণ্য বেছে নেবেন?</h3>
<p>DABO Snail Sheet Mask আপনার ত্বককে hydration দেবে deeply এবং effectively। Dhaka-র গরম আর আর্দ্রতায় ত্বক অনেক সময় শুষ্ক আর টানটান হয়ে যায়, এই ম্যাস্ক সেটা ঠিক করে দেবে। এটি ত্বকের elasticity বাড়াতে সাহায্য করে, যা আপনাকে দেবে youthful এবং glowing look।</p>
<p>এই ম্যাস্কটি ত্বককে bright করে এবং even tone এনে দেয়। Pollution এবং dust থেকে হওয়া dullness কমাতে এটি কাজ করে। আপনার ত্বককে করে তোলে soft এবং smooth, যা মুখে একটু freshness যোগায়।</p>
<p>তার সাথে, এটি ত্বকের ক্ষতি repair করতে সাহায্য করে। Snail mucin-এর সাহায্যে এটি ত্বকের cell renewal বাড়িয়ে তোলে এবং damage repair করে। এটি perfect আপনার ত্বকের জন্য, বিশেষ করে যাদের ত্বক sensitive বা acne-prone।</p>
<h3>Key Ingredients</h3>
<p>Snail Mucin: এটা আপনার ত্বককে hydration দেয় এবং repair করে। এটি ত্বকের elasticity বাড়ায় এবং fine lines কমাতে সাহায্য করে।</p>
<p>Hyaluronic Acid: এই উপাদানটি আপনার ত্বকে moisture lock করে রাখে, যা Dhaka-র heat and humidity-তে খুবই দরকারি।</p>
<p>Collagen: এটি ত্বককে firm করে এবং elasticity বাড়ায়, যা আপনাকে দেবে youthful এবং glowing look।</p>
<h3>কীভাবে ব্যবহার করবেন</h3>
<p>মুখ ভালো করে cle anse করার পর ম্যাস্কটি মুখে লাগান। এবার এটি মুখে ভালোভাবে fit করে নিন এবং 15-20 মিনিট অপেক্ষা করুন। সময় শেষ হলে ম্যাস্কটি খুলে ফেলুন এবং বাকি essence gently মুখে massage করে নিন। এটি সপ্তাহে 2-3 বার ব্যবহার করতে পারবেন, এবং ত্বক হবে soft, hydrated এবং glowing।</p>
<h3>স সাধারণ জিজ্ঞাসা</h3>
<p>প্র: এই ম্যাস্কটি কোনো পার্শ্বপ্রতিক্রিয়া সৃষ্টি করে কি?<br />উ: না, এটি gentle এবং ত্বকের জন্য safe। তবে যদি আপনার ত্বক sensitive হয়, আগে patch test করে নিন।</p>
<p>প্র: এই ম্যাস্কটি কতদিন ব্যবহার করা যায়?<br />উ: একবার ব্যবহার করলে সেটি ফেলে দিতে হবে। প্রতিটি ম্যাস্ক শুধুমাত্র একবার ব্যবহারের জন্য উপযুক্ত।</p>
<p>প্র: এটি কোন ধরণের ত্বকের জন্য উপযুক্ত?<br />উ: এটি সব ধরনের ত্বকের জন্য উপযুক্ত, বিশেষ করে dry, sensitive এবং acne-prone ত্বকের জন্য।</p>
<p>DABO Snail Sheet Mask 23g হলো আপনার ত্বকের জন্য একটি trustable choice। এটি 100% অথেনটিক এবং Korea থেকে directly import করা। ঢাকায় ১-২ দিন এবং সারাদেশে ৩-৫ দিনের মধ্যে delivery পাবেন। COD available এর সুবিধাও আছে। E-Mart BD আপনার skincare journey-কে একটু সহজ আর enjoyable করে তুলতে চায়।</p>
<p>{<br />
 ""@context"": ""https://schema.org"",<br />
 ""@type"": ""FAQPage"",<br />
 ""mainEntity"": [<br />
 {<br />
 ""@type"": ""Question"",<br />
 ""name"": ""এই ম্যাস্কটি কোনো পার্শ্বপ্রতিক্রিয়া সৃষ্টি করে কি?"",<br />
 ""acceptedAnswer"": {<br />
 ""@type"": ""Answer"",<br />
 ""text"": ""না, এটি gentle এবং ত্বকের জন্য safe। তবে যদি আপনার ত্বক sensitive হয়, আগে patch test করে নিন।""<br />
 }<br />
 },<br />
 {<br />
 ""@type"": ""Question"",<br />
 ""name"": ""এই ম্যাস্কটি কতদিন ব্যবহার করা যায়?"",<br />
 ""acceptedAnswer"": {<br />
 ""@type"": ""Answer"",<br />
 ""text"": ""একবার ব্যবহার করলে সেটি ফেলে দিতে হবে। প্রতিটি ম্যাস্ক শুধুমাত্র একবার ব্যবহারের জন্য উপযুক্ত।""<br />
 }<br />
 },<br />
 {<br />
 ""@type"": ""Question"",<br />
 ""name"": ""এটি কোন ধরণের ত্বকের জন্য উপযুক্ত?"",<br />
 ""acceptedAnswer"": {<br />
 ""@type"": ""Answer"",<br />
 ""text"": ""এটি সব ধরনের ত্বকের জন্য উপযুক্ত, বিশেষ করে dry, sensitive এবং acne-prone ত্বকের জন্য।""<br />
 }<br />
 }<br />
 ]<br />
}</p>
<p>","<p>E-Mart BD-তে এই পণ্যটা আনার পেছনে একটা গল্প আছে। আমরা চেয়েছি যেন আপনারা Dhaka-র humidity, pollution আর heat-এর সাথে লড়াই করতে পারেন একটু সহজে। সেই ভাবনা থেকেই আমরা নিয়ে এসেছি DABO Snail Sheet Mask 23g, যা 100% অথেনটিক এবং Korea থেকে directly import করা। E-Mart team personally verify করেছে এই পণ্যটি, যাতে আপনি পেতে পারেন genuine K-Beauty experience।</p>
<h3>কেন এই পণ্য বেছে নেবেন?</h3>
<p>DABO Snail Sheet Mask আপনার ত্বককে hydration দেবে deeply এবং effectively। Dhaka-র গরম আর আর্দ্রতায় ত্বক অনেক সময় শুষ্ক আর টানটান হয়ে যায়, এই ম্যাস্ক সেটা ঠিক করে দেবে। এটি ত্বকের elasticity বাড়াতে সাহায্য করে, যা আপনাকে দেবে youthful এবং glowing look।</p>
<p>এই ম্যাস্কটি ত্বককে bright করে এবং even tone এনে দেয়। Pollution এবং dust থেকে হওয়া dullness কমাতে এটি কাজ করে। আপনার ত্বককে করে তোলে soft এবং smooth, যা মুখে একটু freshness যোগায়।</p>
<p>তার সাথে, এটি ত্বকের ক্ষতি repair করতে সাহায্য করে। Snail mucin-এর সাহায্যে এটি ত্বকের cell renewal বাড়িয়ে তোলে এবং damage repair করে। এটি perfect আপনার ত্বকের জন্য, বিশেষ করে যাদের ত্বক sensitive বা acne-prone।</p>
<h3>Key Ingredients</h3>
<p>Snail Mucin: এটা আপনার ত্বককে hydration দেয় এবং repair করে। এটি ত্বকের elasticity বাড়ায় এবং fine lines কমাতে সাহায্য করে।</p>
<p>Hyaluronic Acid: এই উপাদানটি আপনার ত্বকে moisture lock করে রাখে, যা Dhaka-র heat and humidity-তে খুবই দরকারি।</p>
<p>Collagen: এটি ত্বককে firm করে এবং elasticity বাড়ায়, যা আপনাকে দেবে youthful এবং glowing look।</p>
<h3>কীভাবে ব্যবহার করবেন</h3>
<p>মুখ ভালো করে cle anse করার পর ম্যাস্কটি মুখে লাগান। এবার এটি মুখে ভালোভাবে fit করে নিন এবং 15-20 মিনিট অপেক্ষা করুন। সময় শেষ হলে ম্যাস্কটি খুলে ফেলুন এবং বাকি essence gently মুখে massage করে নিন। এটি সপ্তাহে 2-3 বার ব্যবহার করতে পারবেন, এবং ত্বক হবে soft, hydrated এবং glowing।</p>
<h3>স সাধারণ জিজ্ঞাসা</h3>
<p>প্র: এই ম্যাস্কটি কোনো পার্শ্বপ্রতিক্রিয়া সৃষ্টি করে কি?<br />উ: না, এটি gentle এবং ত্বকের জন্য safe। তবে যদি আপনার ত্বক sensitive হয়, আগে patch test করে নিন।</p>
<p>প্র: এই ম্যাস্কটি কতদিন ব্যবহার করা যায়?<br />উ: একবার ব্যবহার করলে সেটি ফেলে দিতে হবে। প্রতিটি ম্যাস্ক শুধুমাত্র একবার ব্যবহারের জন্য উপযুক্ত।</p>
<p>প্র: এটি কোন ধরণের ত্বকের জন্য উপযুক্ত?<br />উ: এটি সব ধরনের ত্বকের জন্য উপযুক্ত, বিশেষ করে dry, sensitive এবং acne-prone ত্বকের জন্য।</p>
<p>DABO Snail Sheet Mask 23g হলো আপনার ত্বকের জন্য একটি trustable choice। এটি 100% অথেনটিক এবং Korea থেকে directly import করা। ঢাকায় ১-২ দিন এবং সারাদেশে ৩-৫ দিনের মধ্যে delivery পাবেন। COD available এর সুবিধাও আছে। E-Mart BD আপনার skincare journey-কে একটু সহজ আর enjoyable করে তুলতে চায়।</p>
<p>"
