product_id,old_post_content,new_post_content
74335,"<p>E-Mart BD-তে এই পণ্যটা আনার পেছনে একটা গল্প আছে। আমরা চেয়েছি যেন আপনারা Dhaka-র humidity, pollution আর heat-এর সাথে লড়াই করতে পারেন একটু সহজে। সেই ভাবনা থেকেই আমরা নিয়ে এসেছি DABO Snail Sheet Mask 23g, যা 100% অথেনটিক এবং Korea থেকে directly import করা। E-Mart team personally verify করেছে এই পণ্যটি, যাতে আপনি পেতে পারেন genuine K-Beauty experience।</p>
<h3>কেন এই পণ্য বেছে নেবেন?</h3>
<p>DABO Snail Sheet Mask আপনার ত্বককে hydration দেবে deeply এবং effectively। Dhaka-র গরম আর আর্দ্রতায় ত্বক অনেক সময় শুষ্ক আর টানটান হয়ে যায়, এই ম্যাস্ক সেটা ঠিক করে দেবে। এটি ত্বকের elasticity বাড়াতে সাহায্য করে, যা আপনাকে দেবে youthful এবং glowing look।</p>
<p>এই ম্যাস্কটি ত্বককে bright করে এবং even tone এনে দেয়। Pollution এবং dust থেকে হওয়া dullness কমাতে এটি কাজ করে। আপনার ত্বককে করে তোলে soft এবং smooth, যা মুখে একটু freshness যোগায়।</p>
<p>তার সাথে, এটি ত্বকের ক্ষতি repair করতে সাহায্য করে। Snail mucin-এর সাহায্যে এটি ত্বকের cell renewal বাড়িয়ে তোলে এবং damage repair করে। এটি perfect আপনার ত্বকের জন্য, বিশেষ করে যাদের ত্বক sensitive বা acne-prone।</p>
<h3>Key Ingredients</h3>
<p>Snail Mucin: এটা আপনার ত্বককে hydration দেয় এবং repair করে। এটি ত্বকের elasticity বাড়ায় এবং fine lines কমাতে সাহায্য করে।</p>
<p>Hyaluronic Acid: এই উপাদানটি আপনার ত্বকে moisture lock করে রাখে, যা Dhaka-র heat and humidity-তে খুবই দরকারি।</p>
<p>Collagen: এটি ত্বককে firm করে এবং elasticity বাড়ায়, যা আপনাকে দেবে youthful এবং glowing look।</p>
<h3>কীভাবে ব্যবহার করবেন</h3>
<p>মুখ ভালো করে cle anse করার পর ম্যাস্কটি মুখে লাগান। এবার এটি মুখে ভালোভাবে fit করে নিন এবং 15-20 মিনিট অপেক্ষা করুন। সময় শেষ হলে ম্যাস্কটি খুলে ফেলুন এবং বাকি essence gently মুখে massage করে নিন। এটি সপ্তাহে 2-3 বার ব্যবহার করতে পারবেন, এবং ত্বক হবে soft, hydrated এবং glowing।</p>
<h3>স সাধারণ জিজ্ঞাসা</h3>
<p>প্র: এই ম্যাস্কটি কোনো পার্শ্বপ্রতিক্রিয়া সৃষ্টি করে কি?<br />উ: না, এটি gentle এবং ত্বকের জন্য safe। তবে যদি আপনার ত্বক sensitive হয়, আগে patch test করে নিন।</p>
<p>প্র: এই ম্যাস্কটি কতদিন ব্যবহার করা যায়?<br />উ: একবার ব্যবহার করলে সেটি ফেলে দিতে হবে। প্রতিটি ম্যাস্ক শুধুমাত্র একবার ব্যবহারের জন্য উপযুক্ত।</p>
<p>প্র: এটি কোন ধরণের ত্বকের জন্য উপযুক্ত?<br />উ: এটি সব ধরনের ত্বকের জন্য উপযুক্ত, বিশেষ করে dry, sensitive এবং acne-prone ত্বকের জন্য।</p>
<p>DABO Snail Sheet Mask 23g হলো আপনার ত্বকের জন্য একটি trustable choice। এটি 100% অথেনটিক এবং Korea থেকে directly import করা। ঢাকায় ১-২ দিন এবং সারাদেশে ৩-৫ দিনের মধ্যে delivery পাবেন। COD available এর সুবিধাও আছে। E-Mart BD আপনার skincare journey-কে একটু সহজ আর enjoyable করে তুলতে চায়।</p>
<p>","<p>E-Mart BD-তে এই পণ্যটা আনার পেছনে একটা গল্প আছে। আমরা চেয়েছি যেন আপনারা Dhaka-র humidity, pollution আর heat-এর সাথে লড়াই করতে পারেন একটু সহজে। সেই ভাবনা থেকেই আমরা নিয়ে এসেছি DABO Snail Sheet Mask 23g, যা 100% অথেনটিক এবং Korea থেকে directly import করা। E-Mart team personally verify করেছে এই পণ্যটি, যাতে আপনি পেতে পারেন genuine K-Beauty experience।</p>
<h3>কেন এই পণ্য বেছে নেবেন?</h3>
<p>DABO Snail Sheet Mask আপনার ত্বককে hydration দেবে deeply এবং effectively। Dhaka-র গরম আর আর্দ্রতায় ত্বক অনেক সময় শুষ্ক আর টানটান হয়ে যায়, এই ম্যাস্ক সেটা ঠিক করে দেবে। এটি ত্বকের elasticity বাড়াতে সাহায্য করে, যা আপনাকে দেবে youthful এবং glowing look।</p>
<p>এই ম্যাস্কটি ত্বককে bright করে এবং even tone এনে দেয়। Pollution এবং dust থেকে হওয়া dullness কমাতে এটি কাজ করে। আপনার ত্বককে করে তোলে soft এবং smooth, যা মুখে একটু freshness যোগায়।</p>
<p>তার সাথে, এটি ত্বকের ক্ষতি repair করতে সাহায্য করে। Snail mucin-এর সাহায্যে এটি ত্বকের cell renewal বাড়িয়ে তোলে এবং damage repair করে। এটি perfect আপনার ত্বকের জন্য, বিশেষ করে যাদের ত্বক sensitive বা acne-prone।</p>
<h3>Key Ingredients</h3>
<p>Snail Mucin: এটা আপনার ত্বককে hydration দেয় এবং repair করে। এটি ত্বকের elasticity বাড়ায় এবং fine lines কমাতে সাহায্য করে।</p>
<p>Hyaluronic Acid: এই উপাদানটি আপনার ত্বকে moisture lock করে রাখে, যা Dhaka-র heat and humidity-তে খুবই দরকারি।</p>
<p>Collagen: এটি ত্বককে firm করে এবং elasticity বাড়ায়, যা আপনাকে দেবে youthful এবং glowing look।</p>
<h3>কীভাবে ব্যবহার করবেন</h3>
<p>মুখ ভালো করে cle anse করার পর ম্যাস্কটি মুখে লাগান। এবার এটি মুখে ভালোভাবে fit করে নিন এবং 15-20 মিনিট অপেক্ষা করুন। সময় শেষ হলে ম্যাস্কটি খুলে ফেলুন এবং বাকি essence gently মুখে massage করে নিন। এটি সপ্তাহে 2-3 বার ব্যবহার করতে পারবেন, এবং ত্বক হবে soft, hydrated এবং glowing।</p>
<p>DABO Snail Sheet Mask 23g হলো আপনার ত্বকের জন্য একটি trustable choice। এটি 100% অথেনটিক এবং Korea থেকে directly import করা। ঢাকায় ১-২ দিন এবং সারাদেশে ৩-৫ দিনের মধ্যে delivery পাবেন। COD available এর সুবিধাও আছে। E-Mart BD আপনার skincare journey-কে একটু সহজ আর enjoyable করে তুলতে চায়।</p>
<p>"
