URL,Last crawled
https://e-mart.com.bd/2024/07/15/jnh-sseng-eol-whipping-cleansing-foam-150ml/,2026-05-09
https://e-mart.com.bd/product/freeman-deep-clearing-manuka-honey-with-tea-tree-clay-mask-15ml/,2026-05-09
https://e-mart.com.bd/2023/04/02/balancing-skincare-routines-halal-ingredients-in-k-beauty-and-j-beauty-during-ramadan-a-guide-for-emart-blog-readers/,2026-05-09
https://e-mart.com.bd/faq-FAQ,2026-05-09
https://e-mart.com.bd/product/cetaphil-ultra-gentle-body-wash-fragrance-free-2/,2026-05-09
https://e-mart.com.bd/2025/11/20/সিরামাইড-কী-স্কিনকেয়ার/,2026-05-09
https://e-mart.com.bd/brands/i'm-from,2026-05-09
https://e-mart.com.bd/product-category/leegeehaam-sun-care/,2026-05-09
https://e-mart.com.bd/product-category/body-care-products/?per_page=36&add-to-cart=2809,2026-05-09
https://e-mart.com.bd/product/eva-claire-model-baby-body-lotion-300ml-2/,2026-05-09
https://e-mart.com.bd/product/freeman-dead-sea-minerals-anti-stress-clay-mask-175-ml/,2026-05-09
https://e-mart.com.bd/product/im-from-mugwort-sheet-mask-23ml/?add-to-cart=3273,2026-05-09
https://e-mart.com.bd/product/the-body-shop-satsuma-shower-gel-250ml/,2026-05-09
https://e-mart.com.bd/about-us-3/,2026-05-09
https://e-mart.com.bd/product/the-body-shop-gel-nettoyant-mains-noix-de-coco-60ml/,2026-05-09
https://e-mart.com.bd/shop/page/2/,2026-05-09
https://e-mart.com.bd/product/bioderma-abcderm-body-bath-relaxing-oil-200ml/,2026-05-09
https://e-mart.com.bd/product/good-molecules-discoloration-correcting-serum-30-ml/?add-to-cart=4092,2026-05-09
https://e-mart.com.bd/product/eucerin-baby-body-lotion-400ml/,2026-05-09
https://e-mart.com.bd/product-category/body-care-products/personal-wellness/?per_page=24,2026-05-09
https://e-mart.com.bd/product-category/hair-personal-care/bath-body/?add-to-cart=36944,2026-05-09
https://e-mart.com.bd/product/pozzy-baby-wipes-72-pcs/,2026-05-09
https://e-mart.com.bd/product/garnier-micellar-oil-infused-cleansing-water-dry-sensitive-skin/,2026-05-09
https://e-mart.com.bd/product/womans-world-moisturizer-cream/,2026-05-09
https://e-mart.com.bd/product/olay-anti-wrinkle-face-wash-150ml/,2026-05-09
https://e-mart.com.bd/category/skincare/korean-skincare-routine/,2026-05-09
https://e-mart.com.bd/product/neutrogena-body-oil-original-scent/,2026-05-09
https://e-mart.com.bd/product-category/makeup-cosmetics/page/2/,2026-05-09
https://e-mart.com.bd/product/skin-cafe-100-natural-essential-oil-tea-tree/,2026-05-09
https://e-mart.com.bd/product/april-skin-magic-snow-cream-70ml/?product_brand=banila-co&add-to-cart=2594,2026-05-09
https://e-mart.com.bd/product/skinmiso-real-clean-peeling-gel-200ml/,2026-05-09
https://e-mart.com.bd/product/loreal-revitalift-laser-renew-anti-ageing-cream-mask-50ml/,2026-05-09
https://e-mart.com.bd/product/dove-nourishing-secrets-invigorating-ritual-body-wash-500ml/,2026-05-09
https://e-mart.com.bd/product-category/skin-care/facial-cleansers/?filter_brand=emami,2026-05-09
https://e-mart.com.bd/product-category/hair-care/hair-oil/?filter_brand=rohto-mentholatum,2026-05-09
"https://e-mart.com.bd/wp-content/webpc-passthru.php?src=https://pinterest.com/pin/create/button/?url%3Dhttps://e-mart.com.bd/product/neogen-surmedic-azulene-soothing-cream-50ml-2/&media=https://e-mart.com.bd/wp-content/uploads/2022/04/12241-NEOGEN-Surmedic-Azulene-Soothing-Cream-1.jpg&nocache=1&description=NEOGEN 
Surmedic Azulene Soothing Cream 50ml",2026-05-09
https://e-mart.com.bd/product/neutrogena-ultra-sheer-dry-touch-sunscreen-broad-spectrum-spf-100/,2026-05-09
https://e-mart.com.bd/home/,2026-05-09
https://e-mart.com.bd/wp-content/webpc-passthru.php?src=https://e-mart.com.bd/wp-content/uploads/2022/04/Fermentation_Eye_Cream_grande_8b0871de-3356-41ea-a391-799164505450_640x-1-500x500.png&nocache=1,2026-05-09
https://e-mart.com.bd/wp-content/webpc-passthru.php?src=https://e-mart.com.bd/wp-content/uploads/2022/04/cosrx-one-step-original-clear-pad-70-pads-14160076996674-500x500.png&nocache=1,2026-05-09
https://e-mart.com.bd/product/neutrogena-age-shield-face-oil-free-broad-spectrum-spf-70-sunscreen-2/,2026-05-09
https://e-mart.com.bd/product/innisfree-no-sebum-mineral-pact-8-5gm-2/?add-to-cart=3630,2026-05-09
https://e-mart.com.bd/product-category/skincare-essentials/physical-mineral-sunscreen/,2026-05-09
https://e-mart.com.bd/product/freeman-hydrating-gel-cream-mask-glacier-water-and-pink-peony/,2026-05-09
https://e-mart.com.bd/product/touch-of-silver-kleurverzorgende-colours-shampoo-400ml/,2026-05-09
https://e-mart.com.bd/product/dear-klairs-anti-aging-combo-blue-cream-30-blue-drop-20ml/,2026-05-09
https://e-mart.com.bd/product/loreal-paris-elnett-normal-strength-hairspray-200ml/,2026-05-09
https://e-mart.com.bd/product/neutrogena-cleansing-toner-blackhead-eliminating-oil-free-2/,2026-05-09
https://e-mart.com.bd/product-category/skin-care/,2026-05-09
https://e-mart.com.bd/product/eucerin-baby-soothing-body-lotion-400ml/,2026-05-09
https://e-mart.com.bd/product/skinfood-honey-sugar-food-mask/,2026-05-08
https://e-mart.com.bd/product-category/on-sale/,2026-05-08
https://e-mart.com.bd/product/clinique-take-the-day-off/,2026-05-08
https://e-mart.com.bd/product-category/health-wellbeing/general-health/,2026-05-08
https://e-mart.com.bd/brands/beaute-moringa-melasma,2026-05-08
https://e-mart.com.bd/product/cerave-eye-repair-cream-14ml/,2026-05-08
https://e-mart.com.bd/2025/06/28/🧴-dr-althea-345-relief-cream-সংবেদনশীল-ও-ব্রণ-প্/,2026-05-08
https://e-mart.com.bd/product-category/beauty-toiletries/sun-care/?shop_view=grid&per_row=2,2026-05-08
https://e-mart.com.bd/2021/02/20/ত্বকচর্চায়-কোরিয়ান-বিউট/,2026-05-08
https://e-mart.com.bd/product/emami-gold-termaric-hand-sanitizer-100ml/,2026-05-08
https://e-mart.com.bd/product/simple-clear-skin-oil-balancing-moisturiser-75ml-2/,2026-05-08
https://e-mart.com.bd/product/neogen-surmedic-azulene-soothing-cream-50ml-2/?add-to-cart=2584,2026-05-08
https://e-mart.com.bd/2023/03/26/unveil-the-magic-of-cosrx-for-acne-prone-sensitive-skin-discover-your-ultimate-skin-savior/,2026-05-08
https://e-mart.com.bd/2023/04/20/travelling-home-for-eid-tips-and-tricks-🚗/,2026-05-08
https://e-mart.com.bd/2025/03/13/রমজানে-কোরিয়ান-ও-জাপানি/,2026-05-08
https://e-mart.com.bd/2023/03/31/discover-the-best-japanese-moisturizers-for-bangladeshi-skin/,2026-05-08
https://e-mart.com.bd/brands/aztec,2026-05-08
https://e-mart.com.bd/2023/04/29/elementor-51516/,2026-05-08
https://e-mart.com.bd/product-category/cream-moisturizer-mary-may/,2026-05-08
https://e-mart.com.bd/category/skincare/melasma/,2026-05-08
https://e-mart.com.bd/product-category/makeup-cosmetics/concealers/feed/,2026-05-08
https://e-mart.com.bd/product-category/skincare-essentials/sleeping-masks/,2026-05-08
https://e-mart.com.bd/product/aqualogica-radiance-squishy-shower-gel-with-watermelon-niacinamide-for-radiant-skin-250ml/feed/,2026-05-08
https://e-mart.com.bd/2021/01/08/জেনে-নিন-নকল-কসমেটিকস-চেন/,2026-05-08
https://e-mart.com.bd/product/freeman-purifying-avocado-oatmeal-facial-clay-mask/?add-to-cart=3218,2026-05-08
https://e-mart.com.bd/product/gluta-c-skin-lightening-face-and-body-soap-with-papaya-135g-2/?add-to-cart=4172,2026-05-08
https://e-mart.com.bd/product/eucerin-baby-wash-and-shampoo-unscented-400ml/,2026-05-08
https://e-mart.com.bd/product/maybelline-fit-me-matte-liquid-foundation-spf22-classic-ivory-120-30ml-2/,2026-05-08
https://e-mart.com.bd/product-category/body-care-products/?per_page=36&add-to-cart=37420,2026-05-08
https://e-mart.com.bd/category/top-cosmetics-ingredients/,2026-05-08
https://e-mart.com.bd/category/life-style/,2026-05-08
https://e-mart.com.bd/product/skinfood-honey-sugar-food-mask/?add-to-cart=2730,2026-05-08
https://e-mart.com.bd/category/skincare/j-beauty-skincare/,2026-05-08
https://e-mart.com.bd/product/mizon-snail-repair-eye-cream-tube-15ml-2/?add-to-cart=2731,2026-05-08
https://e-mart.com.bd/2023/03/29/stay-radiant-in-ramadan-beauty-tips-for-healthy-skin-during-fasting/,2026-05-08
https://e-mart.com.bd/category/skincare/acne/,2026-05-08
https://e-mart.com.bd/shop/jumiso-all-day-pure-c-5-5-serum-30ml,2026-05-08
https://e-mart.com.bd/product-brand/skylake/?product_brand=gluta-c,2026-05-08
https://e-mart.com.bd/2024/01/28/cosrx-the-vitamin-c-23-serum-versus-cosrx-the-vitamin-c-13-serum/,2026-05-08
https://e-mart.com.bd/product-category/babies-moms/,2026-05-08
https://e-mart.com.bd/brands/japanese,2026-05-08
https://e-mart.com.bd/2024/07/30/আপনার-ত্বকের-জন্য-সানস্ক/,2026-05-08
https://e-mart.com.bd/product-category/skincare-essentials/skincare-kit-set/?orderby=popularity&filter_brand=cosrx,2026-05-07
https://e-mart.com.bd/product-category/beauty-toiletries/hair-care/hair-conditioners/?add_to_wishlist=3078,2026-05-07
https://e-mart.com.bd/product-category/health-wellbeing/beauty-supplements/,2026-05-07
"https://e-mart.com.bd/product-category/compact-pressed-powder/?filter_color=19-cream,25-peanut",2026-05-07
https://e-mart.com.bd/product-category/hair-care/hair-scalp-care-products/?per_page=36,2026-05-07
https://e-mart.com.bd/product/some-by-mi-30-days-miracle-tea-tree-clear-spot-oil-10ml/?add-to-cart=2621,2026-05-07
https://e-mart.com.bd/product/eucerin-dermo-purifyer-oil-control-scrub-100ml-2/?add-to-cart=4172,2026-05-07
https://e-mart.com.bd/product/3w-clinic-black-bean-vitalizing-shampoo-500ml-365/,2026-05-07
https://e-mart.com.bd/product/gds-black-shampoo-color-change-shampoo-250-ml/feed/,2026-05-07
https://e-mart.com.bd/product-category/skin-care/page/2/?orderby=popularity&per_row=3&per_page=9&shop_view=grid&add-to-cart=23083,2026-05-07
https://e-mart.com.bd/product-category/skin-care/exfoliator/?add-to-cart=52334,2026-05-07
https://e-mart.com.bd/product-category/body-hair/hair-care-body-hair/shampoo-hair-care-body-hair/,2026-05-06
https://e-mart.com.bd/product/w7-the-matte-fixer-makeup-setting-spray-60ml/,2026-05-06
https://e-mart.com.bd/brand/krave/,2026-05-06
https://e-mart.com.bd/brands/green,2026-05-05
https://e-mart.com.bd/2025/07/13/🌿-vt-cosmetics-reedle-shot-100-স্কিনকেয়ারের-নতু/feed/,2026-05-05
https://e-mart.com.bd/brands/valencia,2026-05-04
https://e-mart.com.bd/brands/sensitive,2026-05-04
https://e-mart.com.bd/brands/dr-jart,2026-05-04
https://e-mart.com.bd/brand/clean-clear/,2026-05-04
https://e-mart.com.bd/brands/paula-s,2026-05-04
https://e-mart.com.bd/brands/absolute,2026-05-04
https://e-mart.com.bd/brands/a-pieu,2026-05-04
https://e-mart.com.bd/brands/i-m-from,2026-05-04
https://e-mart.com.bd/brands/cellpod,2026-05-04
https://e-mart.com.bd/brands/ruthair,2026-05-04
https://e-mart.com.bd/brands/wskin,2026-05-04
https://e-mart.com.bd/brands/barulab,2026-05-04
https://e-mart.com.bd/brands/kao,2026-05-04
https://e-mart.com.bd/brands/nizoral,2026-05-04
https://e-mart.com.bd/brands/ottogi,2026-05-03
https://e-mart.com.bd/brands/labelyoung,2026-05-03
https://e-mart.com.bd/brands?brand=la,2026-05-03
https://e-mart.com.bd/brands/syoss,2026-05-03
https://e-mart.com.bd/product/medi-peel-bio-intense-,2026-05-03
https://e-mart.com.bd/brands/radiant,2026-05-03
https://e-mart.com.bd/brands/tresemm,2026-05-02
https://e-mart.com.bd/product/k-beauty-make-up-cleansing-tissue-argan-oil-60-wipes/,2026-05-02
https://e-mart.com.bd/product/freeman-anti-stress-dead-sea-minerals-facial-clay-mask-175ml/,2026-05-02
https://e-mart.com.bd/product/heimish-velvet-cover-cushion-15-g-spf-5-pa-23-cover-beige-free-refill/,2026-05-02
https://e-mart.com.bd/product/manyo-pure-cleansing-water-sensitive-skin-30-ml/,2026-05-02
https://e-mart.com.bd/product/neogen-dermalogy-probiotics-double-action-serum-special-set-22g2/,2026-05-02
https://e-mart.com.bd/product/neutrogena-visibly-clear-spot-proofing-purifying-toner/,2026-05-01
https://e-mart.com.bd/product/sebamed-baby-cleansing-bar-100ge/,2026-05-01
https://e-mart.com.bd/product/boots-vitamin-c-brightening-sleeping-mask-50ml/,2026-05-01
https://e-mart.com.bd/brands/karite,2026-05-01
https://e-mart.com.bd/product/loreal-elvive-colour-protect-hair-mask-300ml/,2026-05-01
https://e-mart.com.bd/brands/healthy-place,2026-05-01
https://e-mart.com.bd/product/vitamin-e-moisture-protect-lip-care-spf-15-pa/,2026-05-01
https://e-mart.com.bd/product/loreal-paris-elnett-normal-strength-hairspray-200ml/?add-to-cart=4286,2026-04-30
https://e-mart.com.bd/product-category/benton-cream-moisturizer/,2026-04-30
https://e-mart.com.bd/product-category/hair-new-arrival-rated-green/,2026-04-30
https://e-mart.com.bd/product/cosrx-acne-pimple-master-patch-2/?add_to_wishlist=18793,2026-04-30
https://e-mart.com.bd/product-category/hair-mielle/,2026-04-30
https://e-mart.com.bd/product/stylpro-original-makeup-brush-cleanser-sachet-10ml/,2026-04-29
https://e-mart.com.bd/product/cosrx-acne-pimple-master-patch-2/?add_to_wishlist=3164,2026-04-29
https://e-mart.com.bd/product-category/haruharu-wonder-toner/,2026-04-29
https://e-mart.com.bd/product/tonymoly-red-retinol-radiance-whip-cleanser-150-ml/,2026-04-28
https://e-mart.com.bd/product/on-the-body-the-natural-olive-moisture-cleansing-foam-120-g/,2026-04-28
https://e-mart.com.bd/product/axis-y-dark-spot-correcting-glow-serum-50ml-3/,2026-04-28
https://e-mart.com.bd/brands/the,2026-04-28
https://e-mart.com.bd/product-category/beauty-toiletries/bath-shower-essentials/,2026-04-28
https://e-mart.com.bd/product/neutrogena-hydro-boost-exfoliator-smoothing-gel-2/,2026-04-28
https://e-mart.com.bd/product/nature-republic-soothing-moisture-aloe-vera-92-soothing-gel/,2026-04-28
https://e-mart.com.bd/product/pyunkang-yul-pyunkang-yul-essence-tone,2026-04-28
https://e-mart.com.bd/product/neogen-dermalogy-real-cica-pad-90ea/,2026-04-28
https://e-mart.com.bd/product/neutrogena-t-gel-shampoo-greasy-hair/,2026-04-28
https://e-mart.com.bd/product/lotte-extremely-crispy-doritos-nacho-cheese-flavour-60-g/,2026-04-28
https://e-mart.com.bd/brands/daily,2026-04-28
https://e-mart.com.bd/product/k-beauty-make-up-cleansing-tissue-coconut-60-wipes-2/,2026-04-27
https://e-mart.com.bd/product/huggies-wonder-pants-m-38-pcs-7-12-kg-2/,2026-04-27
https://e-mart.com.bd/product/axis-y-artichoke-intensive-skin-barrier-ampoule-30-ml/?add-to-cart=60801,2026-04-27
https://e-mart.com.bd/product/loreal-elvive-colour-protect-caring-shampoo-xxl-700ml-2/,2026-04-27
https://e-mart.com.bd/product/technic-liquid-eyeliner-black-water-resistant/,2026-04-27
https://e-mart.com.bd/product/koelcia-lime-coke-peeling-pad-70pads-125ml/,2026-04-27
https://e-mart.com.bd/brands/bath,2026-04-27
https://e-mart.com.bd/product/technic-pencil-brush-10gm-2/,2026-04-27
https://e-mart.com.bd/product/clinique-all-about-eyes-rich-30ml/,2026-04-27
https://e-mart.com.bd/product-category/aplb-essence/,2026-04-27
https://e-mart.com.bd/product/garnier-natural-rose-water-toner-sensitive-skin-200ml-2/,2026-04-27
https://e-mart.com.bd/product/embla-angel-ring-argan-oil-100ml-2/,2026-04-27
https://e-mart.com.bd/product/lg-organist-vegan-pure-mild-kids-2-in-1-shampoo-body-wash-500-ml/,2026-04-27
https://e-mart.com.bd/product/purito-centella-green-level-all-in-one-mild-pad-70pcs/,2026-04-27
https://e-mart.com.bd/product/loreal-paris-infallible-primer-anti-redness-02-2/,2026-04-27
https://e-mart.com.bd/product-category/body-care-products/body-lotions/?orderby=price-desc&filter_brand=dabo,2026-04-26
https://e-mart.com.bd/product/rokkiss-one-step-all-in-one-cleansing-balm-150-ml/,2026-04-26
https://e-mart.com.bd/product/skinfood-gold-caviar-toner-160-ml-2/?add-to-cart=2730,2026-04-26
https://e-mart.com.bd/brands/house,2026-04-26
https://e-mart.com.bd/brands/innsaei,2026-04-26
https://e-mart.com.bd/product/jigott-whitening-activated-cream-2/,2026-04-26
https://e-mart.com.bd/product-category/body-care-products/handcare/,2026-04-26
https://e-mart.com.bd/product-category/oral-care/,2026-04-26
https://e-mart.com.bd/product/m-a-c-matte-lipstick-please-me-3gm-2/,2026-04-26
https://e-mart.com.bd/product-category/skin-care/page/2/?orderby=popularity&per_row=4&per_page=36&shop_view=grid&add-to-cart=4235,2026-04-26
https://e-mart.com.bd/product/bioderma-abcderm-h2o-micellar-water-1000ml-2/,2026-04-26
https://e-mart.com.bd/product/bioderma-hydrabio-h2o-moisturising-micelle-solution-2/,2026-04-26
https://e-mart.com.bd/product/biore-biore-baking-soda-cleansing-micellar-water-300ml-2/,2026-04-26
https://e-mart.com.bd/product/ekel-collagen-ultra-moisture-foam-cleanser-180-ml/,2026-04-26
https://e-mart.com.bd/product/victorias-secret-electric-beach-fragrance-mist-2/,2026-04-26
https://e-mart.com.bd/product/maybelline-fit-me-matteporeless-pressed-powder-natural-buff-230-2/,2026-04-26
https://e-mart.com.bd/product/emami-fair-and-handsome-fairness-face-wash-ignite-100gm-2/,2026-04-26
https://e-mart.com.bd/product/tonymoly-delight-tony-tint-01-cherry-pink/,2026-04-26
https://e-mart.com.bd/product/medicube-txa-niacinamide-15-serum-30ml-2/,2026-04-26
https://e-mart.com.bd/product/the-body-shop-vitamin-c-glow-boosting-moisturiser-50ml-2/,2026-04-26
https://e-mart.com.bd/product/victorias-secret-body-mist-temptation-2/,2026-04-26
https://e-mart.com.bd/product/m-a-c-satin-lipstick-retro-2/,2026-04-26
https://e-mart.com.bd/product/boots-essentials-cucumber-moisturizing-cream-100ml-2/,2026-04-26
https://e-mart.com.bd/product/tonymoly-fresh-to-go-foam-cleanser-170-ml-avocado/,2026-04-26
https://e-mart.com.bd/product-tag/skinfood/feed/,2026-04-26
https://e-mart.com.bd/product/clinique-dramatically-different-moisturizing-lotion-2/,2026-04-26
https://e-mart.com.bd/product/seba-med-anti-dandruff-shampoo-200ml-2/,2026-04-26
https://e-mart.com.bd/product/klairs-supple-preparation-body-soap-100g/,2026-04-26
https://e-mart.com.bd/brands/skino,2026-04-26
https://e-mart.com.bd/product/cetaphil-moisturizing-lotion-for-all-skin-types-fragrance-free-2/,2026-04-26
https://e-mart.com.bd/product/wet-n-wild-megalast-liquid-catsuit-matte-lipstick-behind-the-bleachers-6g-2/,2026-04-26
https://e-mart.com.bd/product/neogen-pore-tight-refreshing-serum-40ml-2/,2026-04-26
https://e-mart.com.bd/brands/purito,2026-04-26
https://e-mart.com.bd/product-tag/skinfood/?add-to-cart=57945,2026-04-26
https://e-mart.com.bd/product/by-my-beard-conditioner-shampoo-300ml-2/,2026-04-26
https://e-mart.com.bd/product/cetaphil-gentle-skin-cleanser-face-body-473ml-2/,2026-04-26
https://e-mart.com.bd/product/nivea-hyaluron-cellular-filler-elasticity-reshape-anti-age-50ml-2/,2026-04-26
https://e-mart.com.bd/product/cerave-moisturizing-cream-pump-453ml-2/,2026-04-26
https://e-mart.com.bd/product/freeman-deep-clearing-manuka-honey-with-tea-tree-clay-mask-175-ml-175ml-2/,2026-04-26
https://e-mart.com.bd/product/loreal-elvive-full-restore-5-repairing-conditioner-400ml-2/,2026-04-26
https://e-mart.com.bd/product/aveeno-baby-daily-care-2-in-1-shampoo-conditioner-300ml/,2026-04-26
https://e-mart.com.bd/brands/lucido,2026-04-26
https://e-mart.com.bd/brands/laxzin,2026-04-26
https://e-mart.com.bd/product/l-a-girl-pro-concealer-dark-cocoa-8gm-2/,2026-04-26
https://e-mart.com.bd/brands/hada-labo,2026-04-26
https://e-mart.com.bd/brands/beauty,2026-04-26
https://e-mart.com.bd/product/supermom-baby-diaper-medium-26-pcs-6-11-kg-2/,2026-04-26
https://e-mart.com.bd/product/neutrogena-oil-free-acne-wash-facial-cleanser-269ml/,2026-04-25
https://e-mart.com.bd/product/sur-medic-azulene-soothing-peptide-ampoule-80ml-2/,2026-04-25
https://e-mart.com.bd/product-category/on-sale/?per_page=9,2026-04-25
https://e-mart.com.bd/brands/holika-holika,2026-04-25
https://e-mart.com.bd/product/simple-kind-to-eyes-revitalising-eye-roll-on-15ml/,2026-04-25
https://e-mart.com.bd/product/innisfree-jeju-volcanic-pore-toner-250ml/,2026-04-25
https://e-mart.com.bd/tag/exfoliating/,2026-04-25
https://e-mart.com.bd/product/urban-decay-all-nighter-setting-spray-2/,2026-04-25
https://e-mart.com.bd/product/cosrx-acne-pimple-master-patch-2/,2026-04-25
https://e-mart.com.bd/brands/wishcare,2026-04-25
https://e-mart.com.bd/product-category/skin-care/page/2/?orderby=popularity&filter_brand=eucerin&shop_view=grid&per_row=2&add-to-cart=37144,2026-04-25
https://e-mart.com.bd/brands/sadoer,2026-04-25
https://e-mart.com.bd/brands/tonymoly,2026-04-25
https://e-mart.com.bd/brands/nature-republic,2026-04-25
https://e-mart.com.bd/product-tag/acid/?per_row=4&per_page=9&shop_view=grid,2026-04-25
https://e-mart.com.bd/product-category/uncategorized/,2026-04-25
https://e-mart.com.bd/product/banila-co-clean-it-zero-original-cleansing-balm-7ml-2/,2026-04-25
https://e-mart.com.bd/product/purito-dermide-balancing-barrier-balm-60ml-2/,2026-04-25
https://e-mart.com.bd/product/missha-vita-c-plus-ascorbic-acid-brightening-toner-200-ml/,2026-04-25
https://e-mart.com.bd/product/muscletech-nitrotech-protein-milk-chocolate-2-2-lbs-2/,2026-04-25
https://e-mart.com.bd/product/stives-blackhead-clearing-green-tea-scrub-170ge-2/,2026-04-25
https://e-mart.com.bd/product/jumiso-snail-mucin-95-peptide-essence-mini-5ml-2/,2026-04-25
https://e-mart.com.bd/product/pampers-diapers-xl-36s-12-17kg-2/,2026-04-25
https://e-mart.com.bd/product/st-ives-acne-control-apricot-scrub-2/,2026-04-25
https://e-mart.com.bd/product/olay-regenerist-ultra-rich-fragrance-free-day-cream-50ml-2/,2026-04-25
https://e-mart.com.bd/product/im-from-honey-serum-30ml-2/,2026-04-25
https://e-mart.com.bd/product/welcos-body-phren-apple-cocktail-shower-gel-732g-2/,2026-04-25
https://e-mart.com.bd/product/l-a-girl-hd-pro-concealer-espresso-gc985-2/,2026-04-25
https://e-mart.com.bd/product/dr-althea-345na-relief-cream-50ml-2/,2026-04-25
https://e-mart.com.bd/product/victorias-secret-fragrance-body-lotion-golden-bloom-2/,2026-04-25
https://e-mart.com.bd/product/raip-r3-argan-hair-oil-100ml-2/,2026-04-25
https://e-mart.com.bd/product/freeman-cleansing-apple-cider-vinegar-clay-mask-15ml-2/,2026-04-25
https://e-mart.com.bd/product/vaseline-intensive-care-cocoa-glow-body-cream-2/,2026-04-25
https://e-mart.com.bd/product/purito-abp-triple-synergy-liquid/?add_to_wishlist=25853,2026-04-25
https://e-mart.com.bd/product/biore-charcoal-cleansing-micellar-water-300ml-2/,2026-04-25
https://e-mart.com.bd/product/st-ives-hydrating-body-wash-coconut-water-and-orchid-2/,2026-04-25
https://e-mart.com.bd/product/palmers-skin-success-anti-dark-spot-fade-cream-75ml-2/,2026-04-25
https://e-mart.com.bd/product-category/body-care-products/body-lotions/,2026-04-25
https://e-mart.com.bd/product/maybelline-fit-me-concealer-25-medium-6-8ml-2/,2026-04-25
https://e-mart.com.bd/product/tresemme-keratin-smooth-marula-oil-shampoo-700ml/,2026-04-25
https://e-mart.com.bd/product/st-ives-pink-lemon-mandarin-orange-radiant-skin-exfoliating-body-wash-2/,2026-04-25
https://e-mart.com.bd/product/beauty-formulas-charcoal-clay-mask-100ml/,2026-04-24
https://e-mart.com.bd/product/eucerin-oil-control-sun-gel-cream-dry-touch-spf50-50ml-2/,2026-04-24
https://e-mart.com.bd/product/skinfood-lemon-verbena-body-wash/,2026-04-24
https://e-mart.com.bd/product/meloso-total-solution-egg-mask-25-g/,2026-04-24
https://e-mart.com.bd/elementor-51106/,2026-04-24
https://e-mart.com.bd/product/loreal-elvive-dream-lengths-restoring-shampoo-400ml-2/,2026-04-24
https://e-mart.com.bd/product/mizon-black-snail-all-in-one-cream-75ml-2/,2026-04-24
https://e-mart.com.bd/product/illiyoon-stretch-mark-cream-200ml/,2026-04-24
https://e-mart.com.bd/product/loreal-elvive-colour-protect-intensive-purple-hair-mask-250ml-2/,2026-04-24
https://e-mart.com.bd/product/mamonde-blue-chamomile-cream-30-ml/,2026-04-24
https://e-mart.com.bd/product/garnier-sakura-glow-hyaluron-facial-cream-spf30-50ml-2/,2026-04-24
https://e-mart.com.bd/product/loreal-men-expert-hydra-energetic-moisturiser-50ml/,2026-04-24
https://e-mart.com.bd/product/aveeno-skin-relief-soothing-shampoo-300ml-2/,2026-04-24
https://e-mart.com.bd/product/tervina-regenerating-eye-cream-sample-10ml/,2026-04-24
https://e-mart.com.bd/product-category/skin-care/?orderby=popularity&per_page=24&filter_brand=eucerin&add-to-cart=37105,2026-04-24
https://e-mart.com.bd/product/neogen-dermalogy-black-energy-cream-80ml-2/,2026-04-24
https://e-mart.com.bd/product/nivea-body-firming-oil-body-tightening-oil-200ml-2/,2026-04-24
https://e-mart.com.bd/product-category/sunscreen/?add-to-cart=50673,2026-04-24
https://e-mart.com.bd/product/neocare-small-baby-diaper-32-pcs-pack-2/,2026-04-24
https://e-mart.com.bd/product/maybelline-fit-me-dewysmooth-foundation-porcelain-110-2/,2026-04-24
https://e-mart.com.bd/product/dear-klairs-supple-preparation-unscented-toner-180ml/,2026-04-24
https://e-mart.com.bd/product/boots-vitamin-c-brightening-cleansing-gel-100ml-2/,2026-04-24
https://e-mart.com.bd/product/clean-clear-morning-burst-facial-cleanser-240ml-2/,2026-04-24
https://e-mart.com.bd/product/nivea-hyaluron-cellular-filler-elasticity-reshape-night-cream-50ml/,2026-04-24
https://e-mart.com.bd/product/neutrogena-fine-fairness-cream-spf-20-pa-2/,2026-04-24
https://e-mart.com.bd/product/ogx-renewing-argan-oil-of-morocco-conditioner-385ml/,2026-04-24
https://e-mart.com.bd/product/neutrogena-oil-balancing-facial-wash-200ml-2/,2026-04-24
https://e-mart.com.bd/product/aveeno-moisturising-cream-for-dry-sensitive-skin-100ml-2/,2026-04-24
https://e-mart.com.bd/product/neutrogena-refreshingly-clear-oil-free-moisturiser-2/,2026-04-24
https://e-mart.com.bd/product/oral-b-gum-enamel-gentle-whitening-toothpaste-100ml-2/,2026-04-24
https://e-mart.com.bd/product/neocare-large-baby-diaper-50-pcs-pack-2/,2026-04-24
https://e-mart.com.bd/product/marymay-idebenoneblackberry-complex-intensive-total-care-cream-70g/,2026-04-24
https://e-mart.com.bd/product/loreal-paris-men-expert-anti-irritation-shave-gel-200ml-2/,2026-04-24
https://e-mart.com.bd/product/neutrogena-visibly-clear-blackhead-eliminating-sos-cleanser/,2026-04-24
https://e-mart.com.bd/product/technic-15-color-eyeshadow-palette-cinnamon-swirl-30g-2/,2026-04-24
https://e-mart.com.bd/product/huggies-wonder-pants-xl-56s-12-17-kg-2/,2026-04-24
https://e-mart.com.bd/product/loreal-elvive-full-resist-reinforcing-shampoo-400ml-2/,2026-04-24
https://e-mart.com.bd/product/embla-baby-moisture-wash-and-shampoo-300ml-2/,2026-04-24
https://e-mart.com.bd/product/cosrx-green-tea-aqua-soothing-gel-cream-50ml/feed/,2026-04-24
https://e-mart.com.bd/product/jumiso-all-day-pure-c-5-5-serum-30ml-2/,2026-04-24
https://e-mart.com.bd/product/technic-squareletto-24-false-nails-with-glue-rose-gold-glitter-2/,2026-04-24
https://e-mart.com.bd/product/illiyoon-ceramide-ato-concentrate-cream-200ml-2/,2026-04-24
https://e-mart.com.bd/product/isntree-hyaluronic-acid-moist-cream-100-ml/,2026-04-24
https://e-mart.com.bd/product/loreal-feria-hair-colour-45-deep-bronzed-brown-2/,2026-04-24
https://e-mart.com.bd/product/stylpro-original-makeup-brush-cleanser-sachet-10ml-2/,2026-04-24
https://e-mart.com.bd/product/laneige-bouncy-firm-eye-sleeping-mask-3ml/,2026-04-24
https://e-mart.com.bd/product/neotrogena-men-skin-clearing-acne-wash-2/,2026-04-24
https://e-mart.com.bd/product/twinkle-baby-pant-diaper-large-48pcs-2/,2026-04-24
https://e-mart.com.bd/product/holika-holika-aloe-hydro-formula-96-soothing-gel-250-ml/,2026-04-24
https://e-mart.com.bd/product/beauty-formulas-micellar-cleansing-water-2/,2026-04-24
https://e-mart.com.bd/product/loreal-elvive-colour-protect-hair-mask-300ml-2/,2026-04-24
https://e-mart.com.bd/product/cetaphil-daily-defence-face-moisturiser-with-spf-50-2/,2026-04-24
https://e-mart.com.bd/product/tonymoly-timeless-egf-eye-cream-70-ml/,2026-04-24
https://e-mart.com.bd/product/olay-vitality-renewing-night-mask-night-50ml-2/,2026-04-24
https://e-mart.com.bd/product/aveeno-baby-wash-shampoo-236ml-2/,2026-04-24
https://e-mart.com.bd/product/boom-de-ah-dah-hemp-seed-calming-ampoule-50ml-2/,2026-04-24
https://e-mart.com.bd/product/neutrogena-cellular-boost-rejuvenating-night-renew-cream-2/,2026-04-24
https://e-mart.com.bd/product/dove-body-cream-beauty-150ml-2/,2026-04-24
https://e-mart.com.bd/product/eucerin-baby-wash-shampoo-400ml-2/,2026-04-24
https://e-mart.com.bd/product/mise-en-scene-volume-care-purple-collagen-shampoo-680-ml/,2026-04-24
https://e-mart.com.bd/product/tresemme-smooth-silky-shampoo-828ml-2/,2026-04-24
https://e-mart.com.bd/product/nivea-men-sensitive-shower-gel-250ml-2/,2026-04-24
https://e-mart.com.bd/product/dabo-30-days-peptanol-b5-hydra-volume-base-toner-cream-combo/,2026-04-24
https://e-mart.com.bd/product/sum-37-degree-losecsumma-elixir-essence-secreta-12ml/,2026-04-24
https://e-mart.com.bd/product/neutrogena-visibly-renew-supple-touch-body-lotion-2/,2026-04-24
https://e-mart.com.bd/product/neutrogena-hydro-boost-triple-micellar-water-400ml-2/,2026-04-24
https://e-mart.com.bd/product/the-body-shop-vitamin-e-gentle-facial-wash-125ml-2/,2026-04-24
https://e-mart.com.bd/product/innisfree-apple-seed-lip-eye-makeup-remover-100-ml/,2026-04-24
https://e-mart.com.bd/product/raip-beer-yeast-hair-loss-care-shampoo-500-ml/,2026-04-24
https://e-mart.com.bd/product/brightening-combo-rice-toner-30ml-rice-moisturizer-50ml-centella-ampoule-30ml/,2026-04-24
https://e-mart.com.bd/product/cosrx-cica-cleanser-150-ml/,2026-04-24
https://e-mart.com.bd/product/nature-republic-snail-solution-skin-booster-6ml/,2026-04-24
https://e-mart.com.bd/product/syoss-camellia-oil-intensive-repairing-shampoo-680-ml/,2026-04-24
https://e-mart.com.bd/product/dove-cucumber-green-tea-scent-shower-gel-500ml-2/,2026-04-24
https://e-mart.com.bd/product/victorias-secret-dim-all-the-lights-body-mist-2/,2026-04-24
https://e-mart.com.bd/product-category/beauty-toiletries/skin-care/page/96/,2026-04-24
https://e-mart.com.bd/product/the-body-shop-vitamin-c-facial-cleansing-polish-125ml-2/,2026-04-24
https://e-mart.com.bd/product/aveeno-cracked-skin-relief-cica-and-oat-balm-312ge-2/,2026-04-24
https://e-mart.com.bd/product/maybelline-fit-me-matte-poreless-foundation-classic-ivory-120-2/,2026-04-24
https://e-mart.com.bd/product/ponds-magic-powder-bb-50gm-th-2/,2026-04-24
https://e-mart.com.bd/product/neutrogena-hydro-boost-water-gel-cleanser-2/,2026-04-24
https://e-mart.com.bd/product/garnier-micellar-water-skin-naturals-3in1-sensitive-400ml-2/,2026-04-24
https://e-mart.com.bd/product/cetaphil-gentle-foaming-facial-cleanser-236ml-2/,2026-04-24
https://e-mart.com.bd/product/nivea-luminous630-anti-dark-spot-night-cream-50ml-2/,2026-04-24
https://e-mart.com.bd/product/ogx-argan-oil-of-morocco-hair-mask-168ge-2/,2026-04-24
https://e-mart.com.bd/product/eucerin-baby-body-lotion-400ml-2/,2026-04-24
https://e-mart.com.bd/product/st-ives-revitalizing-acai-blueberry-and-chia-seed-oil-body-wash-2/,2026-04-24
https://e-mart.com.bd/product/aztec-secret-indian-healing-clay-2/,2026-04-24
https://e-mart.com.bd/product/neutrogena-oil-free-acne-wash-cream-cleanser-2/,2026-04-24
https://e-mart.com.bd/product/mothercare-lotion-300gm-2/,2026-04-24
https://e-mart.com.bd/product/loreal-paris-skincare-age-perfect-anti-aging-day-cream-70ge-2/,2026-04-24
https://e-mart.com.bd/product/simple-water-boost-skin-quench-sleeping-cream-50ml-2/,2026-04-24
https://e-mart.com.bd/product-category/makeup-cosmetics/lip-makeup/?orderby=rating&per_page=24,2026-04-24
https://e-mart.com.bd/product/aveeno-protect-hydrate-moisturizing-body-sunscreen-lotion-spf30-88ml-2/,2026-04-24
https://e-mart.com.bd/product/kerasys-charmant-musk-perfumed-shampoo-600ml/,2026-04-24
https://e-mart.com.bd/product/tonymoly-gimiya-whitening-cream-50g/,2026-04-24
https://e-mart.com.bd/product/etude-dear-darling-water-tint-05/,2026-04-24
https://e-mart.com.bd/product/the-history-of-whoo-cheongidan-radiant-white-3-pcs-special-gift-set/,2026-04-24
https://e-mart.com.bd/product/bioderma-node-p-anti-dandruff-soothing-shampoo-400ml/,2026-04-24
https://e-mart.com.bd/product/pearl-drops-daily-whitening-ultimate-charcoal-toothpaste-50ml-2/,2026-04-24
https://e-mart.com.bd/product/the-body-shop-grapeseed-glossing-hair-serum-60ml-2/,2026-04-24
https://e-mart.com.bd/product/clean-clear-morning-energy-daily-facial-scrub-150ml-2/,2026-04-24
https://e-mart.com.bd/product/neutrogena-ultra-sheer-dry-touch-sunscreen-spf-55-88ml-2/,2026-04-24
https://e-mart.com.bd/product/harada-shizuoka-matcha-powder-100g-2/,2026-04-24
https://e-mart.com.bd/product/w7-ott-magic-metals-glitter-glam-topper-eye-shadow-top-priority-3-5ml-2/,2026-04-24
https://e-mart.com.bd/product/maybelline-age-rewind-concealer-110-fair-6ml-2/,2026-04-24
https://e-mart.com.bd/product/la-roche-posay-cicaplast-baume-b5-100ml-3/,2026-04-24
https://e-mart.com.bd/product/ogx-brazilian-keratin-smooth-conditioner-385ml-2/,2026-04-24
https://e-mart.com.bd/product/mandom-lucido-aging-care-lotion-q10-anti-aging-lotion-for-men-110ml/,2026-04-24
https://e-mart.com.bd/product/loreal-xxl-elvive-dream-lengths-restoring-shampoo-700ml-2/,2026-04-24
https://e-mart.com.bd/product/skin-cafe-100-natural-essential-oil-tea-tree-2/,2026-04-24
https://e-mart.com.bd/product/touch-of-silver-colour-care-conditioner-200ml-2/,2026-04-24
https://e-mart.com.bd/product/loreal-extreme-fix-indestructible-fixing-paste-75ml-2/,2026-04-24
https://e-mart.com.bd/product/cosrx-refresh-aha-bha-vitamin-c-daily-toner-50ml-2/,2026-04-24
https://e-mart.com.bd/product/neutrogena-visibly-clear-spot-proofing-purifying-toner-2/,2026-04-24
https://e-mart.com.bd/product/cos-de-baha-niacinamide-10-serum-n-30ml-2/,2026-04-24
https://e-mart.com.bd/product/derma-factory-niacinamide-20-serum-30ml-2/,2026-04-24
https://e-mart.com.bd/product/the-body-shop-tea-tree-anti-imperfection-solution-50-ml-2/,2026-04-24
https://e-mart.com.bd/product/st-ives-soft-skin-avocado-honey-scrub-2/,2026-04-24
https://e-mart.com.bd/product/maybelline-fit-me-matte-poreless-foundation-warm-nude-128-2/,2026-04-24
https://e-mart.com.bd/product/s-recover-aloe-vera-soothing-gel-300ml/,2026-04-24
https://e-mart.com.bd/product/astral-original-face-body-moisturiser-shea-butter-200ml-2/,2026-04-24
https://e-mart.com.bd/product/w7-paraben-free-facial-cleansing-wipes-25pcs-expiry-4-28-2022-17909/,2026-04-24
https://e-mart.com.bd/product/biore-rose-quartz-charcoal-gentle-pore-refining-scrub-110ml-2/,2026-04-24
https://e-mart.com.bd/product/mise-en-scene-black-bean-protein-shampoo-1000-ml/,2026-04-24
https://e-mart.com.bd/product/pyunkang-yul-essence-toner-30ml-2/,2026-04-24
https://e-mart.com.bd/product/eucerin-dermocapillaire-soothing-urea-care-100ml-2/,2026-04-24
https://e-mart.com.bd/product/loreal-paris-revitalift-anti-wrinkle-firming-moisturizer-48ge-2/,2026-04-24
https://e-mart.com.bd/product/palmers-skin-success-anti-dark-spot-fade-milk-body-lotion-250ml-2/,2026-04-24
https://e-mart.com.bd/product/gluta-c-face-and-neck-cream-with-kojic-plus-whitening-system-and-spf30-2/,2026-04-24
https://e-mart.com.bd/product/atomy-saengmodan-hair-tonic-200-ml/,2026-04-24
https://e-mart.com.bd/product/etude-dear-darling-water-tint-06/,2026-04-24
https://e-mart.com.bd/product/neogen-dermalogy-white-dual-cream-80ml-2/,2026-04-24
https://e-mart.com.bd/product/pantene-colour-protect-and-smooth-shampoo-700ml-2/,2026-04-24
https://e-mart.com.bd/product/victorias-secret-love-spell-frosted-fragrance-mist-2/,2026-04-24
https://e-mart.com.bd/product/axis-y-dark-spot-correcting-glow-cream-50ml-2/,2026-04-24
https://e-mart.com.bd/product/xpel-keratin-classic-shampoo-400ml-2/,2026-04-24
https://e-mart.com.bd/product/axis-y-quinoa-one-step-balanced-gel-cleanser-180ml-2/,2026-04-24
https://e-mart.com.bd/product/neutrogena-visibly-clear-blackhead-eliminating-sos-cleanser-2/,2026-04-24
https://e-mart.com.bd/product/jigott-natural-aloe-vera-moisture-soothing-gel-2/,2026-04-24
https://e-mart.com.bd/product/neutrogena-oil-free-acne-wash-pink-grapefruit-cream-cleanser-2/,2026-04-24
https://e-mart.com.bd/product/pampers-diapers-xl-26s-12-17kg-2/,2026-04-24
https://e-mart.com.bd/product/loreal-elvive-fibrology-thickening-shampoo-400ml-2/,2026-04-24
https://e-mart.com.bd/product/neogen-dermalogy-black-energy-cream-2/,2026-04-24
https://e-mart.com.bd/product/boots-fragrance-free-moisturising-cream-100ml-2/,2026-04-24
https://e-mart.com.bd/product/dabo-daily-body-wash-romantic-rose/,2026-04-24
https://e-mart.com.bd/product/age-r-glutathione-glow-ampoule-30ml/,2026-04-24
https://e-mart.com.bd/product/enchanteur-charming-perfumed-talc-for-women-250ge-2/,2026-04-24
https://e-mart.com.bd/product/cetaphil-daily-facial-moisturizer-spf-15-2/,2026-04-24
https://e-mart.com.bd/product/ponds-vitamin-hydrating-aloe-vera-micellar-water-100ml-2/,2026-04-24
https://e-mart.com.bd/product/olay-regenerist-skin-perfecting-cleanser-150ml-2/,2026-04-24
https://e-mart.com.bd/product/coxir-vita-c-bright-eye-cream-30ml-2/,2026-04-24
https://e-mart.com.bd/product/dr-althea-brightening-barrier-repair-combo-for-sensitive-skin/,2026-04-24
https://e-mart.com.bd/product/holika-holika-daily-fresh-bamboo-cleansing-foam-150-ml/,2026-04-24
https://e-mart.com.bd/product/jmsolution-glow-luminous-flower-sun-spray-spf50-pa-180-ml/,2026-04-24
https://e-mart.com.bd/product/sooryehan-hyobidam-fermented-gift-set/,2026-04-24
https://e-mart.com.bd/product/missha-vita-c-plus-eraser-toning-cream-30-ml/,2026-04-24
https://e-mart.com.bd/product/holika-holika-prime-youth-24k-gold-repair-ampoule-ex-100ml/,2026-04-24
https://e-mart.com.bd/product/cosrx-pure-fit-cica-cleansing-oil-200ml/,2026-04-24
https://e-mart.com.bd/product/w7-glamorous-false-nails-with-glue-french-nail-01-24-pcs-2/,2026-04-24
https://e-mart.com.bd/product/ogx-kukui-oil-shampoo-2/,2026-04-24
https://e-mart.com.bd/product/welcos-dust-zero-black-cleansing-foam-2/,2026-04-24
https://e-mart.com.bd/product/loreal-paris-feria-hair-color-gel-light-brown-60-2/,2026-04-24
https://e-mart.com.bd/product/cosrx-ac-collection-acne-patch-26-patches-2/,2026-04-24
https://e-mart.com.bd/product/touch-of-silver-daily-shampoo-200ml-2/,2026-04-24
https://e-mart.com.bd/product/maybelline-fit-me-setsmooth-pressed-powder-2/,2026-04-24
https://e-mart.com.bd/product/technic-15-color-eye-shadow-palette-shaken-not-stirred-28gm-2/,2026-04-24
https://e-mart.com.bd/product/mary-may-tranexamic-acidglutathion-eye-cream-30ml/,2026-04-24
https://e-mart.com.bd/product/cos-de-baha-centella-asiatica-recovery-serum-ch-30ml-2/,2026-04-24
https://e-mart.com.bd/product/tonymoly-uv-master-kids-mom-sun-cream-45ml/,2026-04-24
https://e-mart.com.bd/product/nair-moisturising-hair-removal-cream-80ml-2/,2026-04-24
https://e-mart.com.bd/product/kerasys-lovely-romantic-perfumed-rinse-250-ml/,2026-04-24
https://e-mart.com.bd/product/maybelline-age-rewind-concealer-110-fair-2/,2026-04-24
https://e-mart.com.bd/product/aveeno-baby-calming-comfort-bedtime-lotion-200ml-2/,2026-04-24
https://e-mart.com.bd/product/mini-force-kids-soap-80-g/,2026-04-24
https://e-mart.com.bd/product/anua-niacinamide-10-txa-4-serum-10ml-mini-2/,2026-04-23
https://e-mart.com.bd/product/eucerin-urearepair-5-urea-original-cream-75ml-2/,2026-04-23
https://e-mart.com.bd/product/eucerin-dry-skin-face-cream-50ml-2/,2026-04-23
https://e-mart.com.bd/product/freeman-deep-clearing-manuka-honey-tea-tree-oil-175ml-2/,2026-04-23
https://e-mart.com.bd/product/maybelline-fit-me-dewysmooth-foundation-ivory-115-2/,2026-04-23
https://e-mart.com.bd/product/olay-complete-day-cream-spf15-normal-to-dry-50ml-2/,2026-04-23
https://e-mart.com.bd/product/beauty-formulas-vitamin-c-daily-moisturizer-100ml-2/,2026-04-23
https://e-mart.com.bd/product/w7-glamorous-false-nails-with-glue-midnight-express-24-pcs-2/,2026-04-23
https://e-mart.com.bd/product/eucerin-dermo-purifyer-oil-control-scrub-100ml-3/,2026-04-23
https://e-mart.com.bd/product/aveeno-baby-soothing-hydration-creamy-oil-141ge-2/,2026-04-23
https://e-mart.com.bd/product/pantene-pro-v-classic-clean-shampoo-500ml-2/,2026-04-23
https://e-mart.com.bd/product/biore-deep-pore-charcoal-cleanser-200ml-2/,2026-04-23
https://e-mart.com.bd/product/mary-may-niacinamide-chaenomeles-sinensis-serum-30ml-2/,2026-04-23
https://e-mart.com.bd/product/klairs-supple-preparation-body-soap-100g-2/,2026-04-23
https://e-mart.com.bd/product/rice-brightening-combo-2/,2026-04-23
https://e-mart.com.bd/product/neutrogena-deep-clean-purifying-micellar-cleansing-water-334ml-2/,2026-04-23
https://e-mart.com.bd/product/wet-n-wild-photo-focus-pressed-powder-natural-beige-7-5g-2/,2026-04-23
https://e-mart.com.bd/product/nivea-cream-150ml-2/,2026-04-23
https://e-mart.com.bd/product/simple-triple-protection-moisturiser-spf30-40ml-2/,2026-04-23
https://e-mart.com.bd/product/cetaphil-baby-gentle-wash-230ml-gr-2/,2026-04-23
https://e-mart.com.bd/product/technic-angled-perfector-brush-10gm-2/,2026-04-23
https://e-mart.com.bd/product/botanics-all-bright-purifying-face-scrub-75ml-2/,2026-04-23
https://e-mart.com.bd/product/cosrx-ac-collection-blemish-spot-clearing-serum-40ml-2/,2026-04-23
https://e-mart.com.bd/product/technic-blush-palette-warm-edit-20gm/,2026-04-23
https://e-mart.com.bd/product/manyo-pure-deep-cleansing-foam/,2026-04-23
https://e-mart.com.bd/product/neutrogena-rapid-wrinkle-repair-broad-spectrum-spf-30-moisturizer-2/,2026-04-23
https://e-mart.com.bd/product/beauty-formulas-organic-aloe-vera-gel-100ml-2/,2026-04-23
https://e-mart.com.bd/product/neutrogena-oil-free-moisture-spf15-2/,2026-04-23
https://e-mart.com.bd/product/eucerin-baby-wash-and-shampoo-unscented-400ml-2/,2026-04-23
https://e-mart.com.bd/product/st-ives-soothing-body-wash-oatmeal-shea-butter-2/,2026-04-23
https://e-mart.com.bd/product/wet-n-wild-megalast-liquid-catsuit-matte-lipstick-give-me-mocha-2/,2026-04-23
https://e-mart.com.bd/product/marymay-cica-teatree-soothing-wash-off-pack-125g-2/,2026-04-23
https://e-mart.com.bd/product/cos-de-baha-niacinamide-5-arbutin-5-serum-an-30ml-2/,2026-04-23
https://e-mart.com.bd/product/l-a-girl-pro-concealer-toast-8gm-2/,2026-04-23
https://e-mart.com.bd/product/maybelline-fit-me-matte-liquid-foundation-spf22-wram-nude-128-30ml-2/,2026-04-23
https://e-mart.com.bd/product/ts-scalp-ts-shampoo-500-g/,2026-04-23
https://e-mart.com.bd/product/innisfree-my-perfumed-body-lotion-330ml-green-tangerine/,2026-04-23
https://e-mart.com.bd/product/2080-gingivalic-gum-toothpast-orginal-150-g/,2026-04-23
https://e-mart.com.bd/product/illiyoon-ceramide-ato-concentrate-cream-30ml-2/,2026-04-23
https://e-mart.com.bd/product/dabo-30-days-greentea-avocado-nourishing-toner-cream-combo/,2026-04-23
https://e-mart.com.bd/product/pororo-moisture-cream-65g/,2026-04-23
https://e-mart.com.bd/product/innisfree-olive-real-cleansing-foam-150g/,2026-04-23
https://e-mart.com.bd/product/daily-comma-eau-de-parfum-30-ml-musky-ceder/,2026-04-23
https://e-mart.com.bd/product/ogx-nourishing-coconut-oil-hydrating-oil-mist-118ml-2/,2026-04-23
https://e-mart.com.bd/product/ponds-age-miracle-youthful-glow-night-cream-2/,2026-04-23
https://e-mart.com.bd/product/st-ives-exfoliating-body-wash-apricot-2/,2026-04-23
https://e-mart.com.bd/product/beaute-melasma-x-3d-whitening-clinic-cream-35ml-3/,2026-04-23
https://e-mart.com.bd/product/loreal-elvive-extraordinary-oil-nourishing-shampoo-400ml-2/,2026-04-23
https://e-mart.com.bd/product/derma-factory-edlp-houttuynia-cordata-24-cleansing-foam-120g-2/,2026-04-23
https://e-mart.com.bd/product/neutrogena-oil-balancing-facial-wash-2/,2026-04-23
https://e-mart.com.bd/product/carenel-anti-melasma-cica-cream-40ml-2/,2026-04-23
https://e-mart.com.bd/product/makeup-revolution-conceal-define-full-coverage-concealer-c4-4gm-2/,2026-04-23
https://e-mart.com.bd/product/simple-rest-reset-hydrating-gel-50ml-2/,2026-04-23
https://e-mart.com.bd/product/anua-rice-enzyme-brightening-cleansing-powder-40g-2/,2026-04-23
https://e-mart.com.bd/product-category/beauty-toiletries/skin-care/sleeping-masks/?add-to-cart=26336,2026-04-23
https://e-mart.com.bd/product/makeup-revolution-10-niacinamide-and-1-zinc-blemish-pore-serum-2/,2026-04-23
https://e-mart.com.bd/product/mary-may-niacinamide-chaenomeles-sinensis-serum-30ml-3/,2026-04-23
https://e-mart.com.bd/product/garnier-micellar-rose-water-cleanse-glow-micellar-water-2/,2026-04-23
https://e-mart.com.bd/product/muscletech-nitrotech-100-whey-gold-double-rich-chocolate-5-03bs-2/,2026-04-23
https://e-mart.com.bd/product/pantene-pro-v-smooth-sleek-shampoo-500ml-2/,2026-04-23
https://e-mart.com.bd/product/neutrogena-ultra-sheer-dry-touch-sunscreen-broad-spectrum-spf-100-2/,2026-04-23
https://e-mart.com.bd/product/clinique-dramatically-different-moisturizing-gel-2/,2026-04-23
https://e-mart.com.bd/product/cos-de-baha-centella-gel-cream-cg-45ml-2/,2026-04-23
https://e-mart.com.bd/product/neutrogena-rainbath-refreshing-showe-and-bath-gel-2/,2026-04-23
https://e-mart.com.bd/product/clean-clear-blackhead-clearing-cleanser-200ml-2/,2026-04-23
https://e-mart.com.bd/product/axis-y-sunday-morning-refreshing-cleansing-foam-120ml-2/,2026-04-23
https://e-mart.com.bd/product/technic-theglitz-liquid-glitter-eyeshadow-black-5ml-2/,2026-04-23
https://e-mart.com.bd/product/xpel-argan-oil-hydrating-moroccan-hair-mask-200ml-2/,2026-04-23
https://e-mart.com.bd/product/cerave-sa-smoothing-cream-anti-roughness-340ge-2/,2026-04-23
https://e-mart.com.bd/product/neutrogena-hydro-boost-water-gel-lotion-spf-50-88ml-2/,2026-04-23
https://e-mart.com.bd/product/maybelline-fit-me-concealer-15-light-6-8ml-2/,2026-04-23
https://e-mart.com.bd/product/clinique-for-men-oil-mattifying-moisturizer-100ml-2/,2026-04-23
https://e-mart.com.bd/product/dr-ceuracle-tea-tree-purifine-95-essence-50ml-2/,2026-04-23
https://e-mart.com.bd/product/arm-hammer-total-care-baking-soda-toothpaste-125ge-2/,2026-04-23
https://e-mart.com.bd/product/maybelline-fit-me-concealer-10-fair-6-8ml-2/,2026-04-23
https://e-mart.com.bd/product/neutrogena-sheer-zinc-kids-mineral-broad-spectrum-spf-50-sunscreen-2/,2026-04-23
https://e-mart.com.bd/product/victorias-secret-bombshell-seduction-body-mist-2/,2026-04-23
https://e-mart.com.bd/product/dr-ceuracle-cica-regen-95-soothing-gel-110g-2/,2026-04-23
https://e-mart.com.bd/product/bioderma-sebium-h2o-miceller-water-500ml-2/,2026-04-23
https://e-mart.com.bd/product/loreal-men-expert-invisi-control-neat-look-clear-hair-gel-150ml-2/,2026-04-23
https://e-mart.com.bd/product/ligion-glycerine-2/,2026-04-23
https://e-mart.com.bd/product/boots-essential-fragrance-moisturising-lotion-150ml-2/,2026-04-23
https://e-mart.com.bd/product/garnier-skin-active-micellar-cleansing-gel-wash-200ml-2/,2026-04-23
https://e-mart.com.bd/product/neutrogena-clear-and-soothe-mousse-cleanser-150ml-2/,2026-04-23
https://e-mart.com.bd/product/neutrogena-oil-free-acne-wash-daily-scrub-2/,2026-04-23
https://e-mart.com.bd/product/marymay-idebenone-blackberry-intense-cream-100g-2/,2026-04-23
https://e-mart.com.bd/product/the-body-shop-drops-of-light-pure-resurfacing-liquid-peel-145ml-2/,2026-04-23
https://e-mart.com.bd/product/the-body-shop-tea-tree-mattifying-lotion-50ml-2/,2026-04-23
https://e-mart.com.bd/product/ponds-super-light-gel-oil-free-face-moisturizer-100g/,2026-04-23
https://e-mart.com.bd/product/loreal-elvive-nutri-gloss-luminiser-high-shine-shampoo-400ml-2/,2026-04-23
https://e-mart.com.bd/product/huggies-wonder-pants-m-54-pcs-7-12-kg-2/,2026-04-23
https://e-mart.com.bd/product/banila-co-clean-it-zero-original-cleansing-balm-100ml-2/,2026-04-23
https://e-mart.com.bd/product/derma-factory-fresh-aqua-sun-cream-spf50-pa-50g-2/,2026-04-23
https://e-mart.com.bd/product/technic-almond-24-false-nails-with-glue-gloss-purple-2/,2026-04-23
https://e-mart.com.bd/product/victorias-secret-fragrance-body-lotion-glamour-2/,2026-04-23
https://e-mart.com.bd/product/cos-de-baha-snail-mucin-hyaluronic-acid-serum-sh-120ml-3/,2026-04-23
https://e-mart.com.bd/product/loreal-men-expert-hydra-sensitive-soothing-daily-face-100ml-2/,2026-04-23
https://e-mart.com.bd/product/pantene-hair-fall-control-hair-conditioner-335ml-2/,2026-04-23
https://e-mart.com.bd/product/freeman-purifying-avocado-with-oatmeal-clay-mask-15ml-2/,2026-04-23
https://e-mart.com.bd/product/palmers-coconut-oil-foot-oil-100ml-2/,2026-04-23
https://e-mart.com.bd/product/kojie-san-skin-lightening-soap-65gm-x3-2/,2026-04-23
https://e-mart.com.bd/product/3w-clinic-olive-argan-2in1-shampoo-500ml-2/,2026-04-23
https://e-mart.com.bd/product/garnier-skin-naturals-pure-active-3-in-1-face-cream-150ml-2/,2026-04-23
https://e-mart.com.bd/product/dove-baby-rich-moisture-shampoo-200ml-2/,2026-04-23
https://e-mart.com.bd/product/eucerin-hyaluron-filler-ultra-light-moisture-booster-30ml-2/,2026-04-23
https://e-mart.com.bd/product/vaseline-intensive-care-cocoa-radiant-lotion-2/,2026-04-23
https://e-mart.com.bd/product/nivea-micellair-water-200ml-2/,2026-04-23
https://e-mart.com.bd/product/cos-de-baha-salicylic-acid-bha-2-liquid-s2-120ml-2/,2026-04-23
https://e-mart.com.bd/product/neutrogena-ultra-sheer-dry-touch-sunscreen-lotion-spf-55-147ml-2/,2026-04-23
https://e-mart.com.bd/product/victorias-secret-romantic-body-mist-2/,2026-04-23
https://e-mart.com.bd/product/freeman-oil-absorbing-mint-and-lemon-clay-mask-175ml-2/,2026-04-23
https://e-mart.com.bd/product/o-hui-the-first-geniture-skin-softener-20ml/,2026-04-23
https://e-mart.com.bd/product/innisfree-green-tea-hyaluronic-lotion-8ml/,2026-04-23
https://e-mart.com.bd/product/laneige-lip-sleeping-mask-ex-mint-choco-20-g/,2026-04-23
https://e-mart.com.bd/product/dabo-speed-whitening-ex-toner-160-ml-2/,2026-04-23
https://e-mart.com.bd/product/sum-37-degree-losecsumma-elixir-special-gift/,2026-04-23
https://e-mart.com.bd/product/ryo-green-cypress-cooling-shampoo-820ml/,2026-04-23
https://e-mart.com.bd/product/ryo-deep-cleansing-cooling-shampoo-550-ml/,2026-04-23
https://e-mart.com.bd/product/meloso-total-solution-hyaluronic-mask-25-g/,2026-04-23
https://e-mart.com.bd/product/amore-counselor-nabi-perfumed-soap-90g/,2026-04-23
https://e-mart.com.bd/product/ryo-red-ginseng-nutrition-shampoo-820-ml/,2026-04-23
https://e-mart.com.bd/product/neogen-cranberry-real-fresh-foam-cleanser-160g-2/,2026-04-23
https://e-mart.com.bd/product/acwell-acne-clearing-deep-cleansing-foam-2/,2026-04-23
https://e-mart.com.bd/product/freeman-soothing-watermelon-aloe-cooling-gel-mask-175ml-2/,2026-04-23
https://e-mart.com.bd/product/jumiso-super-soothing-cica-aloe-facial-serum-30ml-2/,2026-04-23
https://e-mart.com.bd/product/the-body-shop-moringa-softening-body-butter-2/,2026-04-23
https://e-mart.com.bd/product/loreal-elvive-full-restore-5-extremme-shampoo-xxl-700ml-2/,2026-04-23
https://e-mart.com.bd/product/heimish-bulgarian-rose-tinted-tone-up-sunscreen-30ml-spf50-pa-2/,2026-04-23
https://e-mart.com.bd/product/jumiso-have-a-good-cream-snail-centella-2/,2026-04-23
https://e-mart.com.bd/product/neutrogena-dermatologist-tested-daily-lip-balm-4ge-2/,2026-04-23
https://e-mart.com.bd/product/sur-medic-perfection-all-in-one-facial-eye-cream-35ml/,2026-04-23
https://e-mart.com.bd/product/loreal-paris-elvive-anti-hair-fall-shampoo-400ml-2/,2026-04-23
https://e-mart.com.bd/product/by-wishtrend-mandelic-acid-5-skin-prep-water-30ml-2/,2026-04-23
https://e-mart.com.bd/product/heimish-marine-care-deep-moisture-multi-face-oil-30ml-2/,2026-04-23
https://e-mart.com.bd/product/medicube-zero-pore-pads-2-0-70-pads-2/,2026-04-23
https://e-mart.com.bd/product/axis-y-daily-purifying-treatment-toner-200ml-2/,2026-04-23
https://e-mart.com.bd/product/athena-beaute-100-cotton-wool-cosmetic-pads-80pcs-2/,2026-04-23
https://e-mart.com.bd/product/innisfree-black-green-tea-cream-60-ml-2/,2026-04-23
https://e-mart.com.bd/product/botanics-all-bright-hydrating-night-cream-50ml-2/,2026-04-23
https://e-mart.com.bd/product/maybelline-expert-wear-eyeshadow-quads-07q-luminous-lilacs-2/,2026-04-23
https://e-mart.com.bd/product/palmers-skin-success-anti-dark-spot-night-time-fade-cream-75ml-2/,2026-04-23
https://e-mart.com.bd/product/neogen-dermalogy-white-truffle-ampoule-drop-mist-80ml-2/,2026-04-23
https://e-mart.com.bd/product/xpel-biotin-and-collagen-shampoo-400ml-2/,2026-04-23
https://e-mart.com.bd/product/bioderma-photoderm-aquafluide-sun-active-defense-spf-50-uva-uvb-40ml/,2026-04-23
https://e-mart.com.bd/product/klairs-midnight-blue-calming-cream-30ml-2/,2026-04-23
https://e-mart.com.bd/product/bioderma-abcderm-cleansing-milk-500ml-2/,2026-04-23
https://e-mart.com.bd/product/eucerin-dermo-purifyer-oil-control-scrub-100ml-4/,2026-04-23
https://e-mart.com.bd/product/bioderma-sensibio-ar-cream-40ml-2/,2026-04-23
https://e-mart.com.bd/product/gluta-c-intense-whitening-facial-night-repair-serum-15ml-2/,2026-04-23
https://e-mart.com.bd/product/cetaphil-gentle-skin-cleanser-236ml-2/,2026-04-23
https://e-mart.com.bd/product/neutrogena-visibly-clear-pore-shine-daily-scrub-2/,2026-04-23
https://e-mart.com.bd/product/bioderma-photoderm-max-compact-light-tinted-spf-50-10g/,2026-04-23
https://e-mart.com.bd/product/loreal-revitalift-laser-renew-anti-ageing-cream-mask-50ml-2/,2026-04-23
https://e-mart.com.bd/product/neutrogena-visibly-clear-spot-proofing-purifying-toner-200ml-2/,2026-04-23
https://e-mart.com.bd/product/marymay-collagen-peptide-vital-mask-30pcs-2/,2026-04-23
https://e-mart.com.bd/product/gamdong-body-soap-150-gm-lavender/,2026-04-23
https://e-mart.com.bd/product/jigott-goat-milk-whitening-cream-70ml/,2026-04-23
https://e-mart.com.bd/product/nivea-men-deo-roll-on-deep-50ml-2/,2026-04-23
https://e-mart.com.bd/product/missha-vita-c-plus-spot-correcting-concentrate-ampoule-15-g/,2026-04-23
https://e-mart.com.bd/product/ts-scalp-shampoo-1000g140g/,2026-04-23
https://e-mart.com.bd/product/dabo-30-days-black-snail-all-in-one-toner-cream-combo/,2026-04-23
https://e-mart.com.bd/product/torriden-dive-in-low-molecular-hyaluronic-acid-toner-300ml/,2026-04-23
https://e-mart.com.bd/product/w7-makeup-remover-cookie-2-0-2/,2026-04-23
https://e-mart.com.bd/product/etude-dear-darling-water-tint-04/,2026-04-23
https://e-mart.com.bd/product/innisfree-canola-honey-jelly-mist-80ml-2/,2026-04-23
https://e-mart.com.bd/product/loreal-smooth-sugars-clear-scrub-50ml-2/,2026-04-23
https://e-mart.com.bd/product/ponds-super-light-gel-moisturiser-2/,2026-04-23
https://e-mart.com.bd/product/olay-regenerist-age-defying-night-cream-50ml-2/,2026-04-23
https://e-mart.com.bd/product/loreal-paris-white-perfect-day-cream-spf-17-pa-2/,2026-04-23
https://e-mart.com.bd/product/technic-flat-foundation-brush-10gm-2/,2026-04-23
https://e-mart.com.bd/product/superdrug-vitamin-e-intense-moisture-cream-100ml-2/,2026-04-23
https://e-mart.com.bd/product/neutrogena-rapid-wrinkle-repair-night-face-moisturizer-2/,2026-04-23
https://e-mart.com.bd/product/neutrogena-hydro-boost-hydrating-serum-2/,2026-04-23
https://e-mart.com.bd/product/cosrx-galactomyces-alcohol-free-toner-150ml-2/,2026-04-23
https://e-mart.com.bd/product/optimum-nutrition-gold-standard-100-whey-protein-extrme-milk-chocolate-2-lb-2/,2026-04-23
https://e-mart.com.bd/product/banila-co-clean-it-zero-original-cleansing-balm-25ml-2/,2026-04-23
https://e-mart.com.bd/product/m-a-c-matte-lipstick-candy-yum-yum-3-0-gm-2/,2026-04-23
https://e-mart.com.bd/product/beauty-formulas-brightening-vitamin-c-facial-tonic-150ml-2/,2026-04-23
https://e-mart.com.bd/product/simple-kind-to-skin-hydrating-light-moisturiser-125ml-2/,2026-04-23
https://e-mart.com.bd/product/avene-cleanance-cleansing-gel-200ml-2/,2026-04-23
https://e-mart.com.bd/product/neutrogena-refreshingly-clear-facial-wash-200ml-2/,2026-04-23
https://e-mart.com.bd/product/loreal-elvive-extraordinary-oil-weightless-nourishing-shampoo-400ml-2/,2026-04-23
https://e-mart.com.bd/product/palmers-cocoa-butter-with-vitamin-e-moisturizer-200ge-2/,2026-04-23
https://e-mart.com.bd/product/skin-cafe-100-natural-rose-water-face-and-body-mist-2/,2026-04-23
https://e-mart.com.bd/product/st-ives-soothing-oatmeal-shea-butter-body-wash-400ml-2/,2026-04-23
https://e-mart.com.bd/product/cos-de-baha-niacinamide-20-zinc-4-serum-nz-30ml-2/,2026-04-23
https://e-mart.com.bd/product/birthday-waterproof-lash-adhesive-2/,2026-04-23
https://e-mart.com.bd/product/garnier-with-grape-extract-botanical-milk-dry-skin-200ml-2/,2026-04-23
https://e-mart.com.bd/product/superdrug-naturally-radiant-2in1-moisturiser-serum-50ml-2/,2026-04-23
https://e-mart.com.bd/product/palmers-cocoa-butter-formula-massage-cream-125ge-2/,2026-04-23
https://e-mart.com.bd/product/nair-bikini-underarm-hair-removal-cream-80ml/,2026-04-23
https://e-mart.com.bd/product/marymay-vegan-peptide-bakuchiol-sun-stick-spf50-pa-18g-2/,2026-04-23
https://e-mart.com.bd/product/numbuzin-no-1-pantothenic-b5-active-soothing-serum-50ml-2/,2026-04-23
https://e-mart.com.bd/product/clinique-liquid-facial-soap-mild-2/,2026-04-23
https://e-mart.com.bd/product/beauty-formulas-tea-tree-exfoliating-facial-wash-150ml-2/,2026-04-23
https://e-mart.com.bd/product/olay-regenerist-whip-light-as-air-touch-active-moisturiser-50ml-2/,2026-04-23
https://e-mart.com.bd/product/neutrogena-clear-defend-facial-scrub-150ml-2/,2026-04-23
https://e-mart.com.bd/product/boots-fresh-fruity-raspberry-pomegranate-conditioner-500ml-4/,2026-04-23
https://e-mart.com.bd/product/biomax-red-ginseng-youth-cream-100g-2/,2026-04-23
https://e-mart.com.bd/product/technic-pointed-powder-brush-10gm-2/,2026-04-23
https://e-mart.com.bd/product/loreal-white-perfect-day-cream-spf-17-pa-50ml-2/,2026-04-23
https://e-mart.com.bd/product/freeman-facial-green-tea-orange-blossom-peel-off-gel-mask-2/,2026-04-23
https://e-mart.com.bd/product/rohto-mentholatum-hada-labo-gokujyun-premium-hydrating-milk-140ml-2/,2026-04-23
https://e-mart.com.bd/product/xpel-tea-tree-foaming-face-wash-200ml-2/,2026-04-23
https://e-mart.com.bd/product/by-my-beard-beard-shampoo-300ml-2/,2026-04-23
https://e-mart.com.bd/product/oral-b-3d-white-luxe-glamorous-white-toothpaste-100ml-2/,2026-04-23
https://e-mart.com.bd/product/neutrogena-clear-defend-oil-free-moisturiser-50ml-2/,2026-04-23
https://e-mart.com.bd/product/neutrogena-unscented-hand-cream-2/,2026-04-23
https://e-mart.com.bd/product/beaute-melasma-x-aha-bha-brightening-foam-cleansing-160ml-3/,2026-04-23
https://e-mart.com.bd/product/tresemme-moisture-rich-luxurious-shampoo-900ml-2/,2026-04-23
https://e-mart.com.bd/product/eucerin-sun-fluid-pigment-control-spf50-50ml-2/,2026-04-23
https://e-mart.com.bd/product/on-the-body-goat-milk-nourishing-body-lotion-baby-powder-scent-1000-ml/,2026-04-23
https://e-mart.com.bd/product/on-the-body-veilment-natural-spa-dead-sea-salt-scrub-body-cleanser-sage-woody-scent-580-ml/,2026-04-23
https://e-mart.com.bd/product/etude-dear-darling-water-gel-tint-01-tangerine-red/,2026-04-23
https://e-mart.com.bd/product/beauty-formulas-with-activated-charcoal-nose-pore-6-strips-2/,2026-04-23
https://e-mart.com.bd/product/bioderma-sensibio-ar-2/,2026-04-23
https://e-mart.com.bd/product/kwailnara-confume-argan-gold-moisture-body-lotion-500-gm-2/,2026-04-23
https://e-mart.com.bd/product/beauty-formulas-charcoal-detox-cleanser-150ml-2/,2026-04-23
https://e-mart.com.bd/product/tresemme-clean-replenish-conditioner-828ml-2/,2026-04-23
https://e-mart.com.bd/product/simple-kind-to-eyes-revitalising-eye-roll-on-15ml-3/,2026-04-23
https://e-mart.com.bd/product/technic-fluffy-eyeshadow-brush-10gm-2/,2026-04-23
https://e-mart.com.bd/product-category/beauty-toiletries/sun-care/,2026-04-23
https://e-mart.com.bd/product/technic-banana-bright-lowlighter-concealer-corrector-8ml-2/,2026-04-23
https://e-mart.com.bd/product/makeup-revolution-conceal-define-full-coverage-concealer-c3-4gm-2/,2026-04-23
https://e-mart.com.bd/product/himalaya-protein-repair-regeneration-shampoo-400ml-2/,2026-04-23
https://e-mart.com.bd/product/technic-superfine-matte-pressed-powder-snow-white-10g-2/,2026-04-23
https://e-mart.com.bd/product/m-a-c-matte-lipstick-pink-pigeon-3gm-2/,2026-04-23
https://e-mart.com.bd/product/bioderma-sebium-gel-moussant-cleansing-foaming-gel-200ml-2/,2026-04-23
https://e-mart.com.bd/product/freeman-anti-stress-dead-sea-minerals-facial-clay-mask-175ml-2/,2026-04-23
https://e-mart.com.bd/product/boots-zingy-fresh-lime-shower-gel-250ml-2/,2026-04-23
https://e-mart.com.bd/product/loreal-stylista-the-braid-hair-styling-milk-200ml-2/,2026-04-23
https://e-mart.com.bd/product/prestige-athena-beaute-cotton-wool-cosmetic-pads-2/,2026-04-23
https://e-mart.com.bd/product/loreal-elvive-colour-protect-caring-conditioner-400ml-3/,2026-04-23
https://e-mart.com.bd/product/isopure-vanilla-1lbs-2/,2026-04-23
https://e-mart.com.bd/product/maybelline-fit-me-setsmooth-pressed-powder-8-5gm-2/,2026-04-23
https://e-mart.com.bd/product/clean-clear-oil-free-micellar-water-with-aloe-extract-100ml-2/,2026-04-23
https://e-mart.com.bd/product/mamonde-men-recharging-toner-25ml/,2026-04-23
https://e-mart.com.bd/product/holika-holika-moisture-make-up-sun-cream-spf-50-pa-60-ml/,2026-04-23
https://e-mart.com.bd/product/samhyun-baby-powder-zinc-oxide/,2026-04-23
https://e-mart.com.bd/product/holika-holika-holi-pop-jelly-tint-9-5-ml-rd01/,2026-04-23
https://e-mart.com.bd/product/the-saem-snail-essential-ex-deep-cleansing-foam-150g/,2026-04-23
https://e-mart.com.bd/product/sum-37-degree-secret-cream-ex-sample-10ml/,2026-04-23
https://e-mart.com.bd/product/holika-holika-biotin-damage-care-essence-wax-120-ml/,2026-04-23
https://e-mart.com.bd/product/goongbe-pri-mmune-shampoo-bath-350ml/,2026-04-23
https://e-mart.com.bd/product/innisfree-anti-aging-serum-sunscreen-40-ml/,2026-04-23
https://e-mart.com.bd/product/daily-comma-eau-de-parfum-fresh-citrus-30-ml/,2026-04-23
https://e-mart.com.bd/product/nature-republic-green-derma-tea-tree-cica-soothing-cream-100-ml/,2026-04-23
https://e-mart.com.bd/product/cetaphil-moisturising-cream-226g50g/,2026-04-23
https://e-mart.com.bd/product/the-face-shop-soul-sweet-kiss-parfum-30ml/,2026-04-23
https://e-mart.com.bd/product/the-body-shop-seaweed-oil-balancing-toner-250ml-2/,2026-04-23
https://e-mart.com.bd/product/maybelline-baby-skin-instant-pore-eraser-uk-2/,2026-04-23
https://e-mart.com.bd/product/rohto-mentholatum-hada-labo-koi-gokujyun-perfect-gel-100g-2/,2026-04-23
https://e-mart.com.bd/product/cerave-moisturising-cream-50ml-2/,2026-04-23
https://e-mart.com.bd/product/neutrogena-skin-detox-triple-micellar-water-400ml-2/,2026-04-23
https://e-mart.com.bd/product/aveeno-positively-radiant-skin-brightening-daily-scrub-198ge-2/,2026-04-23
https://e-mart.com.bd/product/im-from-mugwort-mask-110g-2/,2026-04-23
https://e-mart.com.bd/product/tenzero-moisture-cica-soothing-gel-300-ml/,2026-04-23
https://e-mart.com.bd/product/missha-cicadin-hydro-patch-cream-70ml/,2026-04-23
https://e-mart.com.bd/product/innisfree-no-sebum-mineral-powder-5g-new-version/,2026-04-23
https://e-mart.com.bd/product/loreal-paris-excellence-creme-triple-protection-color-8g-2/,2026-04-23
https://e-mart.com.bd/product/french-cafe-cafe-mix-origin-100-sticks/,2026-04-23
https://e-mart.com.bd/product/meloso-total-solution-charcoal-mask-25-g/,2026-04-23
https://e-mart.com.bd/product/nature-republic-mild-green-tea-cream-55ml/,2026-04-23
https://e-mart.com.bd/product/confume-argan-treatment-hair-mist-200ml/,2026-04-23
https://e-mart.com.bd/product/mamonde-centella-trouble-toner-250-ml/,2026-04-23
https://e-mart.com.bd/product/etude-dear-darling-water-tint-03/,2026-04-23
https://e-mart.com.bd/product/purito-hydrop-sweet-gel-mask-100g-2/,2026-04-23
https://e-mart.com.bd/product/pampers-wipes-all-uk-2/,2026-04-23
https://e-mart.com.bd/product/maybelline-fit-me-matte-poreless-foundation-natural-beige-220-2/,2026-04-23
https://e-mart.com.bd/shop/kaine_kombu-hydrating-daily-cleanser-155g,2026-04-23
https://e-mart.com.bd/product/simple-kind-to-skin-smoothing-facial-scrub-75ml-2/,2026-04-23
https://e-mart.com.bd/product/loreal-elvive-full-resist-xxl-pack-reinforcing-shampoo-700ml-2/,2026-04-23
https://e-mart.com.bd/product/xhc-banana-shampoo-400ml-2/,2026-04-23
https://e-mart.com.bd/product/anua-pdrn-hyaluronic-acid-capsule-100-serum-30-ml-2/,2026-04-23
https://e-mart.com.bd/product/loreal-elvive-full-restore-5-low-shampoo-400ml-2/,2026-04-23
https://e-mart.com.bd/product/aveeno-stress-relief-moisturizing-body-lotion-with-lavender-975ml-2/,2026-04-23
https://e-mart.com.bd/product/maybelline-fit-me-matteporeless-pressed-powder-2/,2026-04-23
https://e-mart.com.bd/product/jumiso-all-day-vitamin-nourishing-recharging-wash-off-mask-2/,2026-04-23
https://e-mart.com.bd/product/sum-37-degree-losecsumma-elixir-eye-cream-6ml/,2026-04-23
https://e-mart.com.bd/product/aveeno-positively-radiant-brightening-cleanser-200ml-2/,2026-04-23
https://e-mart.com.bd/product/pampers-all-round-protection-pants-xl-34pcs-12-17kg-2/,2026-04-23
https://e-mart.com.bd/product/superdrug-naturally-radiant-brightening-eye-cream-15ml-2/,2026-04-23
https://e-mart.com.bd/product/cos-de-baha-a5-azelaic-acid-5-serum-30-ml-2/,2026-04-23
https://e-mart.com.bd/product/botanics-all-bright-radiance-concentrate-serum-25ml-2/,2026-04-23
https://e-mart.com.bd/product/acwell-ac-calming-spot-gel-15ml-2/,2026-04-23
https://e-mart.com.bd/product/neutrogena-city-shield-spf-25-hydration-lotion-2/,2026-04-23
https://e-mart.com.bd/product/aplb-pdrn-vitamin-c-ampoule-serum-40ml-2/,2026-04-23
https://e-mart.com.bd/product/victorias-secret-love-spell-frosted-fragrance-mist-3/,2026-04-23
https://e-mart.com.bd/product/cos-de-baha-hyaluronic-acid-b5-serum-hp-30ml-2/,2026-04-23
https://e-mart.com.bd/product/clinique-clarifying-lotion-2-2/,2026-04-23
https://e-mart.com.bd/product/hair-removal-spray-with-baby-oil-lemon-fragrance-200ml-2/,2026-04-23
https://e-mart.com.bd/product/loreal-feria-multi-faceted-shimmering-haircolor-50-medium-2/,2026-04-23
https://e-mart.com.bd/product/holika-holika-good-cera-super-ceramide-cream-in-serum-50ml/,2026-04-23
https://e-mart.com.bd/product/eucerin-calming-daily-moisturizer-creme-226ge-2/,2026-04-23
https://e-mart.com.bd/product/beauty-of-joseon-ginseng-retinal-revive-eye-serum-30ml/,2026-04-23
https://e-mart.com.bd/product/shower-towel-for-men-and-women/,2026-04-23
https://e-mart.com.bd/product/holika-holika-daily-fresh-citron-cleansing-foam-150-ml/,2026-04-23
https://e-mart.com.bd/product/tonymoly-intense-care-gold-24k-snail-sleeping-pack-150-ml/,2026-04-23
https://e-mart.com.bd/product/xtend-bcaas-glacial-grape-30-serving-2/,2026-04-23
https://e-mart.com.bd/product/lebelage-moisture-snail-soothing-gel-300-ml/,2026-04-23
https://e-mart.com.bd/product/mizon-snail-repair-intensive-ampoule-30ml-2/,2026-04-23
https://e-mart.com.bd/product/numbuzin-no-5-goodbye-blemish-serum-50-ml-2/,2026-04-23
https://e-mart.com.bd/product/boots-fresh-fruity-mango-papaya-conditioner-500ml-4/,2026-04-23
https://e-mart.com.bd/product/seba-med-clear-face-gentle-scrub-150ml-2/,2026-04-23
https://e-mart.com.bd/product/neutrogena-visibly-clear-spot-stress-control-light-moisturiser-2/,2026-04-23
https://e-mart.com.bd/product/neutrogena-blackhead-eliminating-facial-scrub-150ml-2/,2026-04-23
https://e-mart.com.bd/product/cos-de-baha-l1-bakuchiol-retinol-serum-30ml-2/,2026-04-23
https://e-mart.com.bd/product/olay-cleanse-refresh-glow-cleansing-toner-200ml-2/,2026-04-23
https://e-mart.com.bd/product/embla-silk-protein-treatment-essence-200ml/,2026-04-23
https://e-mart.com.bd/product/jumiso-whoa-whoa-soothing-mask/,2026-04-23
https://e-mart.com.bd/product/m-a-c-pro-longwear-foundation-nw-22-30ml-2/,2026-04-23
https://e-mart.com.bd/product/garnier-sakura-white-whitening-serum-cream-spf-30-2/,2026-04-23
https://e-mart.com.bd/product/freeman-hydrating-gel-cream-mask-glacier-water-and-pink-peony-2/,2026-04-23
https://e-mart.com.bd/product/l-a-girl-pro-concealer-lavender-gc993-8gm-2/,2026-04-23
https://e-mart.com.bd/product/neutrogena-city-shield-spf-25-hydration-lotion/,2026-04-23
https://e-mart.com.bd/product/enprani-premiercell-emulsion-50ml/,2026-04-23
https://e-mart.com.bd/product/maybelline-fit-me-concealer-15-light-2/,2026-04-23
https://e-mart.com.bd/product/neutrogena-norwegian-formula-nourishing-body-lotion-with-nordic-berry-2/,2026-04-23
https://e-mart.com.bd/product/dove-cucumber-green-tea-scent-shower-gel-500ml-3/,2026-04-23
https://e-mart.com.bd/product/vaseline-lip-therapy-rosy-lips-2/,2026-04-23
https://e-mart.com.bd/product/st-ives-radiant-skin-pink-lemon-and-mandarin-orange-scrub-2/,2026-04-23
https://e-mart.com.bd/product/mamy-poko-pants-s-42-pcs-4-8-kg-2/,2026-04-23
https://e-mart.com.bd/product/mamonde-pore-shrinker-bakuchiol-cream-60-ml/,2026-04-23
https://e-mart.com.bd/product/bic-disposable-5pcs-razor-pack-orange-2/,2026-04-23
https://e-mart.com.bd/product/victorias-secret-body-mist-aqua-kiss-unwrapped-2/,2026-04-23
https://e-mart.com.bd/product/pantene-pro-v-color-protect-conditioner-700ml-2/,2026-04-23
https://e-mart.com.bd/product/clinique-high-impact-lash-elevating-mascara-01-black-3-5ml-2/,2026-04-23
https://e-mart.com.bd/product/the-body-shop-wild-argan-oil-body-butter-200ml-2/,2026-04-23
https://e-mart.com.bd/product/loreal-fine-flower-milk-rose-jasmine-200ml-2/,2026-04-23
https://e-mart.com.bd/product/nivea-refreshingly-soft-moisturizing-cream-50ml-2/,2026-04-23
https://e-mart.com.bd/product/st-ives-blackhead-clearing-face-green-tea-scrub/,2026-04-23
https://e-mart.com.bd/product/axis-y-dark-spot-correcting-glow-serum-5ml-2/,2026-04-23
https://e-mart.com.bd/product/nivea-urban-skin-detox-sleeping-mask-50ml-2/,2026-04-23
https://e-mart.com.bd/product/cetaphil-soothing-gel-cream-with-aloe-skin-protectant-allantoin-2/,2026-04-23
https://e-mart.com.bd/product/neutrogena-men-invigorating-face-wash-2/,2026-04-23
https://e-mart.com.bd/product/medicube-one-day-exosome-shot-2000-serum-30ml-2/,2026-04-23
https://e-mart.com.bd/product/freeman-polishing-charcoal-and-black-sugar-gel-mask-and-scrub-2/,2026-04-23
https://e-mart.com.bd/product/loreal-paris-revitalift-laser-renew-day-cream-15ml-2/,2026-04-23
https://e-mart.com.bd/product/seba-med-everyday-shampoo-200ml-2/,2026-04-23
https://e-mart.com.bd/product/superdrug-naturally-radiant-renewing-night-cream-75ml-2/,2026-04-23
https://e-mart.com.bd/product/stives-energizing-coconut-coffee-scrub-170ge-2/,2026-04-23
https://e-mart.com.bd/product-tag/aveeno-moisturizing-lotion/?shop_view=grid&per_row=2,2026-04-23
https://e-mart.com.bd/product/tresemme-botanique-nourish-and-replenish-shampoo-400ml-2/,2026-04-23
https://e-mart.com.bd/product/mary-may-6-peptide-complex-serum-30ml-2/,2026-04-23
https://e-mart.com.bd/product/simple-daily-skin-detox-clear-pore-scrub-150ml-2/,2026-04-23
https://e-mart.com.bd/product/vaseline-body-lotion-intensive-care-cocoa-radiant-2/,2026-04-23
https://e-mart.com.bd/product/maybelline-fit-me-dewysmooth-foundation-nude-beige-125-30ml-2/,2026-04-23
https://e-mart.com.bd/product/bioderma-crealine-foaming-gel-100ml-2/,2026-04-23
https://e-mart.com.bd/product/cos-de-baha-hyaluronic-acid-serum-hs-60ml-2/,2026-04-23
https://e-mart.com.bd/product/cetaphil-moisturizing-cream-dry-to-very-dry-sensitive-skin-453g/,2026-04-23
https://e-mart.com.bd/product/nivea-soft-skin-moisturizing-cream-chiilled-mint-2/,2026-04-23
https://e-mart.com.bd/product/some-by-mi-aha-bha-pha-30-days-miracle-ac-sos-kit-2/,2026-04-23
https://e-mart.com.bd/product/touch-of-silver-kleurverzorgende-colours-shampoo-400ml-2/,2026-04-23
https://e-mart.com.bd/product/maybelline-fit-me-matte-poreless-foundation-nude-beige-125-2/,2026-04-23
https://e-mart.com.bd/product/neutrogena-fresh-clear-daily-exfoliator-150ml-2/,2026-04-23
https://e-mart.com.bd/product/simple-kind-to-skin-cleansing-facial-wipes-25-wipes-2/,2026-04-23
https://e-mart.com.bd/product/mamy-poko-pants-m-36-pcs-7-12-kg-2/,2026-04-23
https://e-mart.com.bd/product/neutrogena-visibly-clear-spot-proofing-2-in-1-wash-mask-2/,2026-04-23
https://e-mart.com.bd/product/the-body-shop-pink-grapefruit-body-mist-2/,2026-04-23
https://e-mart.com.bd/product/nair-hair-remover-body-20-wax-strips-2/,2026-04-23
https://e-mart.com.bd/product/veet-hair-removal-cream-silk-for-sensitive-skin-100ge-2/,2026-04-23
https://e-mart.com.bd/product/k-beauty-make-up-cleansing-tissue-argan-oil-60-wipes-2/,2026-04-23
https://e-mart.com.bd/product/farlin-baby-wet-wipes-anti-rash-85-pcs-2/,2026-04-23
https://e-mart.com.bd/product/st-ives-softening-coconut-orchid-body-wash-400ml-2/,2026-04-23
https://e-mart.com.bd/product/molfix-extra-large-42-pcs-15-kg-2/,2026-04-23
https://e-mart.com.bd/product/tresemme-keratin-smooth-molecular-keratin-complex-shampoo-425ml-2/,2026-04-23
https://e-mart.com.bd/product/the-body-shop-aloe-calming-cream-facial-cleanser-250ml-2/,2026-04-23
https://e-mart.com.bd/product/technic-15-color-eye-shadow-palette-invite-only-21-9g-2/,2026-04-23
https://e-mart.com.bd/product/tervina-regenerating-cream-sample-10ml/,2026-04-23
https://e-mart.com.bd/product/neogen-cica-repair-snail-essence-100ml-2/,2026-04-23
https://e-mart.com.bd/product/heimish-artless-perfect-cushion-spf50-pa15g-21-light-begige-free-refill-2/,2026-04-23
https://e-mart.com.bd/product/labelyoung-shocking-whitening-cream-pack-50g/,2026-04-23
https://e-mart.com.bd/product/enprani-premiercell-volume-firming-cream-10ml/,2026-04-23
https://e-mart.com.bd/product/palmers-hair-success-gro-treatment-100ml-2/,2026-04-23
https://e-mart.com.bd/product/victorias-secret-fragrance-body-lotion-velvet-petals-2/,2026-04-23
https://e-mart.com.bd/product/loreal-excellence-triple-protection-color-light-brown-6-2/,2026-04-23
https://e-mart.com.bd/product/ogx-coconut-miracle-oil-shampoo-385ml-2/,2026-04-23
https://e-mart.com.bd/product/may-island-aloe-vera-pure-100-soothing-gel-2/,2026-04-23
https://e-mart.com.bd/product/avene-crema-solare-protezione-molto-alta-spf50-50ml-2/,2026-04-23
https://e-mart.com.bd/product/huggies-wonder-pants-s-20pcs-4-8-kg-2/,2026-04-23
https://e-mart.com.bd/product/cosrx-cica-7-relief-kit-3-step-3/,2026-04-23
https://e-mart.com.bd/product/the-body-shop-born-lippy-raspberry-lip-balm-10ml-2/,2026-04-23
https://e-mart.com.bd/product/eucerin-dry-skin-replenishing-cream-with-5-urea-75ml-2/,2026-04-23
https://e-mart.com.bd/product/south-korean-cleantox-slim-diet-60-pcs-330-g/,2026-04-23
https://e-mart.com.bd/product/numbuzin-no-9-nad-retinol-volumetox-eye-cream-10ml-2/,2026-04-23
https://e-mart.com.bd/product/biore-blue-agave-baking-soda-balancing-pore-cleanser-200ml-2/,2026-04-23
https://e-mart.com.bd/product/nivea-moisturising-cream-for-face-hand-body-50ml-2/,2026-04-23
https://e-mart.com.bd/product/wet-n-wild-megaliner-liquid-eyeliner-black-3-5ml-2/,2026-04-23
https://e-mart.com.bd/product/dr-althea-green-tea-fresh-sunscreen-45ml-2/,2026-04-23
https://e-mart.com.bd/product/st-ives-revitalizing-sheet-mask-with-superfoods-2/,2026-04-23
https://e-mart.com.bd/product/w7-lash-adhesive-2/,2026-04-23
https://e-mart.com.bd/product/mizon-snail-repair-intensive-essence-100ml/,2026-04-23
https://e-mart.com.bd/product/clinique-clarifying-lotion-3-combination-oily-400ml-2/,2026-04-23
https://e-mart.com.bd/product/the-body-shop-all-in-one-instablur-2/,2026-04-23
https://e-mart.com.bd/product/stives-acne-control-oil-free-apricot-scrub-170ge-2/,2026-04-23
https://e-mart.com.bd/product/by-wishtrend-mandelic-acid-5-skin-prep-water-120ml-3/,2026-04-23
https://e-mart.com.bd/product/maybelline-dream-liquid-mousse-foundation-porecelain-ivory-10-light-1-2/,2026-04-23
https://e-mart.com.bd/product/axis-y-complete-no-stress-physical-sunscreen-50ml-2/,2026-04-23
https://e-mart.com.bd/product/neutrogena-oil-balancing-shower-mask-150ml-2/,2026-04-23
https://e-mart.com.bd/product-tag/cleanser/?per_row=4&per_page=24&shop_view=grid&add-to-cart=4149,2026-04-23
https://e-mart.com.bd/product/boots-fresh-fruity-mango-papaya-shampoo-500ml-2/,2026-04-23
https://e-mart.com.bd/product/maybelline-instant-age-rewind-eraser-dark-circles-treatment-concealer-100-ivory-2/,2026-04-23
https://e-mart.com.bd/product/st-ives-oatmeal-shea-butter-soothing-body-wash-2/,2026-04-23
https://e-mart.com.bd/product/garnier-ultra-doux-replenishing-shampoo-400ml-2/,2026-04-23
https://e-mart.com.bd/product/heimish-velvet-cover-cushion-15-g-spf-5-pa-23-cover-beige-free-refill-2/,2026-04-23
https://e-mart.com.bd/product/st-ives-daily-hydrating-vitamin-e-and-avocado-body-lotion-2/,2026-04-23
https://e-mart.com.bd/product/eucerin-advanced-repair-cream-for-very-dry-skin-454gm-2/,2026-04-23
https://e-mart.com.bd/product/freeman-clay-mask-mint-and-lemon-clay-mask-175ml-2/,2026-04-23
https://e-mart.com.bd/product/medicube-deep-vita-c-capsule-cream-55ml-2/,2026-04-23
https://e-mart.com.bd/product/cosrx-oil-free-ultra-moisturizing-lotion-with-birch-sap-100ml-2/,2026-04-23
https://e-mart.com.bd/product/seba-med-anti-dry-night-intensive-cream-50ml-2/,2026-04-23
https://e-mart.com.bd/product/by-wishtrend-sulfur-3-clean-gel-30g-2/,2026-04-23
https://e-mart.com.bd/product/ogx-organix-bamboo-fiber-full-conditioner-385ml-2/,2026-04-23
https://e-mart.com.bd/product/biore-daily-detox-cleanser-face-wash-200ml-2/,2026-04-23
https://e-mart.com.bd/product/freeman-renewing-cucumber-peel-of-gel-mask-175ml-2/,2026-04-23
https://e-mart.com.bd/product/ogx-anti-breakage-keratin-oil-conditioner-385ml-2/,2026-04-23
https://e-mart.com.bd/product/m-a-c-amplified-creme-lipstick-girl-about-town-3gm-2/,2026-04-23
https://e-mart.com.bd/product/st-ives-blackhead-clearing-face-green-tea-scrub-3/,2026-04-23
https://e-mart.com.bd/product-category/body-care-products/soap-bodywash/,2026-04-23
https://e-mart.com.bd/product/the-history-of-whoo-radiant-regenerating-essence-8ml/,2026-04-23
https://e-mart.com.bd/product/medicube-pdrn-pink-peptide-serum-30ml-2/,2026-04-23
https://e-mart.com.bd/shop/dr-ceuracle-5α-control-no-sebum-sun-lotion-spf50-pa-50g,2026-04-23
https://e-mart.com.bd/product/freeman-polishing-charcoal-with-black-sugar-clay-mask-15ml-2/,2026-04-23
https://e-mart.com.bd/product/marymay-idebenone-blackberry-intense-cream-100g-3/,2026-04-23
https://e-mart.com.bd/product/good-molecules-discoloration-correcting-serum-30ml/,2026-04-23
https://e-mart.com.bd/product/melano-cc-premium-brightening-essence-serum-20ml-2/,2026-04-23
https://e-mart.com.bd/product/lebelage-moisture-charcoal-soothing-gel-300-ml/,2026-04-23
https://e-mart.com.bd/product/tervina-regenerating-skin-softener-sample-25ml/,2026-04-23
https://e-mart.com.bd/product/some-by-mi-yuja-niacin-anti-blemish-starter-kit/,2026-04-23
https://e-mart.com.bd/product/mamonde-pore-shrinker-bakuchiol-cream-30-ml/,2026-04-23
https://e-mart.com.bd/product/loreal-paris-age-perfect-golden-age-day-cream-50ml-2/,2026-04-23
https://e-mart.com.bd/product/holika-holika-holi-pop-jelly-tint-9-5-ml-pk05/,2026-04-23
https://e-mart.com.bd/product/maybelline-master-fix-by-face-studio-2/,2026-04-23
https://e-mart.com.bd/product/mise-en-scene-perfect-serum-original-conditioner-680-ml/,2026-04-23
https://e-mart.com.bd/product/guerisson-9-complex-skin-130ml/,2026-04-23
https://e-mart.com.bd/product/meloso-total-solution-aloe-mask-25-g/,2026-04-23
https://e-mart.com.bd/product/numbuzin-no-5-vitamin-niacinamide-concentrated-pad-70-pads-2/,2026-04-23
https://e-mart.com.bd/product/sulwhasoo-perfecting-daily-routine-kit-4-item/,2026-04-23
https://e-mart.com.bd/product/pororo-toothpaste-for-kids-90g-watermelon/,2026-04-23
https://e-mart.com.bd/product/nair-face-cream-hair-remover-57-ml/,2026-04-23
https://e-mart.com.bd/product/dabo-moisture-cover-cushion-23-natural-beige-spf-50-pa-13-g/,2026-04-23
https://e-mart.com.bd/product/kojie-san-skin-lightening-soap-65gm-1-pcs-2/,2026-04-23
https://e-mart.com.bd/product/eucerin-dermo-purifyer-oil-control-cleansing-gel-200ml-2/,2026-04-23
https://e-mart.com.bd/product/tonymoly-aloe-99-chok-chok-soothing-gel-250ml/,2026-04-23
https://e-mart.com.bd/product/the-saem-honey-oatmeal-lip-scrub-7-ml/,2026-04-23
https://e-mart.com.bd/product/innisfree-forest-for-men-shaving-cleansing-foam-150g/,2026-04-23
https://e-mart.com.bd/product/missha-creamy-latte-chocolate-172-ml/,2026-04-23
https://e-mart.com.bd/product/mise-en-scene-perfect-serum-styling-shampoo-680-ml/,2026-04-23
https://e-mart.com.bd/product/eucerin-q10-active-anti-wrinkle-night-cream-50ml-2/,2026-04-23
https://e-mart.com.bd/product/numbuzin-no-2-rose-pdrn-collagen-plumping-serum-30ml-2/,2026-04-23
https://e-mart.com.bd/product/victorias-secret-pure-seduction-frosted-fragrance-mist-2/,2026-04-23
https://e-mart.com.bd/product/athena-cotton-wool-pleat-130ge-2/,2026-04-23
https://e-mart.com.bd/product/neutrogena-visibly-clear-pink-grapefruit-facial-cleansing-wipes-25-wipes-2/,2026-04-23
https://e-mart.com.bd/product/olay-vitality-50ml-spf-15-radiance-day-cream-50ml-2/,2026-04-23
https://e-mart.com.bd/product/beauty-formulas-vitamin-e-hair-removal-wax-strips-for-legs-body-20pc-2/,2026-04-23
https://e-mart.com.bd/product/cos-de-baha-m-a-peptide-serum-p-60ml-2/,2026-04-23
https://e-mart.com.bd/product/numbuzin-no-9-nad-bio-lifting-essence-50ml-2/,2026-04-23
https://e-mart.com.bd/product/eucerin-sensitive-protect-sun-cream-spf50-50ml-2/,2026-04-23
https://e-mart.com.bd/product/signal-toothpaste-with-toothbrush-100ml-2/,2026-04-23
https://e-mart.com.bd/product/nivea-extra-white-firm-smooth-body-lotion-400ml-2/,2026-04-23
https://e-mart.com.bd/product/cosrx-honey-glow-kit-3-step-2/,2026-04-23
https://e-mart.com.bd/product/christian-dean-secret-tone-up-sun-cream-70ml-2/,2026-04-23
https://e-mart.com.bd/product/im-from-ginseng-eye-cream-30g-2/,2026-04-23
https://e-mart.com.bd/product/tresemme-colour-shineplex-intensive-mask-300ml-2/,2026-04-23
https://e-mart.com.bd/product/emami-fair-and-handsome-fairness-face-wash-2/,2026-04-23
https://e-mart.com.bd/product/freeman-detoxifying-charcoal-black-sugar-mud-mask-175ml-2/,2026-04-23
https://e-mart.com.bd/product/loreal-paris-age-perfect-rehydrating-day-cream-50ml-2/,2026-04-23
https://e-mart.com.bd/product/neocare-medium-baby-diaper-32-pcs-pack-2/,2026-04-23
https://e-mart.com.bd/product/nivea-coconut-cream-shower-cream-250ml-2/,2026-04-23
https://e-mart.com.bd/product/aveeno-baby-soothing-relief-emollient-cream-200ml-2/,2026-04-23
https://e-mart.com.bd/shop/paulas-choice-skin-perfecting-2-bha-liquid-exfoliant-118ml,2026-04-23
https://e-mart.com.bd/product/loreal-studio-line-fix-style-4-hair-gel-150ml-2/,2026-04-23
https://e-mart.com.bd/product/clinique-liquid-facial-soap-very-dry-to-dry-200ml-2/,2026-04-23
https://e-mart.com.bd/product/holika-holika-aloe-99-fresh-moisturizing-soothing-gel-250-ml/,2026-04-23
https://e-mart.com.bd/product/bioderma-sensibio-foaming-gel-2/,2026-04-23
https://e-mart.com.bd/product/maybelline-fit-me-matte-liquid-foundation-spf22-ivory-115-30ml-2/,2026-04-23
https://e-mart.com.bd/product/st-ives-hydrating-body-wash-coconut-water-orchid-2/,2026-04-23
https://e-mart.com.bd/product/beaute-melasma-x-hyaluronic-water-drop-cream-80ml-2/,2026-04-23
https://e-mart.com.bd/product/neutrogena-clear-soothe-micellar-jelly-makeup-remover-200ml-2/,2026-04-23
https://e-mart.com.bd/product/palmers-coconut-oil-formula-coconut-oil-body-oil-150ml-2/,2026-04-23
https://e-mart.com.bd/product/maybelline-fit-me-setsmooth-pressed-powder-classic-ivory-120-2/,2026-04-23
https://e-mart.com.bd/product/maybelline-fit-me-dewysmooth-foundation-230-natural-buff-2/,2026-04-23
https://e-mart.com.bd/product/oriox-aroma-perfume-mist-15ml-vanila-night/,2026-04-23
https://e-mart.com.bd/product/palmers-coconut-oil-formula-strong-roots-spray-150ml-2/,2026-04-23
https://e-mart.com.bd/product/boots-cucumber-facial-toner-150ml-2/,2026-04-23
https://e-mart.com.bd/product/garnier-ultimate-blends-hair-food-banana-3-in-1-dry-hair-390ml-2/,2026-04-23
https://e-mart.com.bd/product/the-body-shop-british-rose-body-butter-200ml-2/,2026-04-23
https://e-mart.com.bd/product/garnier-skinactive-the-cleanse-and-glow-beauty-duo-gift-set-for-her-2/,2026-04-23
https://e-mart.com.bd/product/tresemme-ultimate-repair-macadamia-oil-lonic-complex-shampoo-425ml-2/,2026-04-23
https://e-mart.com.bd/product/marymay-idebenone-blackberry-complex-serum-30ml-2/,2026-04-23
https://e-mart.com.bd/product/illiyoon-ultra-repair-intensive-care-cream-200-ml/,2026-04-23
https://e-mart.com.bd/product/victorias-secret-showtime-night-angel-fragrance-mist-3/,2026-04-23
https://e-mart.com.bd/product/bragg-organic-apple-cider-vinegar-2/,2026-04-23
https://e-mart.com.bd/product/the-body-shop-pomegranate-firming-day-cream-50ml-2/,2026-04-23
https://e-mart.com.bd/product/foodaholic-cherry-essence-body-lotion-500-ml/,2026-04-23
https://e-mart.com.bd/product/sebamed-clear-face-care-gel-50ml-2/,2026-04-23
https://e-mart.com.bd/product/on-the-body-veilment-natural-spa-dead-sea-salt-scrub-body-cleanser-himalaya-pinksalt-580-ml/,2026-04-23
https://e-mart.com.bd/product/m-a-c-studio-fix-fluid-spf-15-foundation-nc-40-30-0-ml-2/,2026-04-23
https://e-mart.com.bd/product/victorias-secret-body-mist-aqua-kiss-unwrapped-3/,2026-04-23
https://e-mart.com.bd/product/the-body-shop-seaweed-oil-control-gel-cream-50ml-2/,2026-04-23
https://e-mart.com.bd/product/m-a-c-matte-lipstick-russian-red-3gm-2/,2026-04-23
https://e-mart.com.bd/product/tonymoly-delight-tony-tint-03-orange-chacha/,2026-04-23
https://e-mart.com.bd/shop/b_lab-matcha-hydrating-real-sun-stick-21g,2026-04-23
https://e-mart.com.bd/product/im-from-mugwort-sheet-mask-23ml-2/,2026-04-23
https://e-mart.com.bd/product/loreal-face-wash-white-perfect-milky-foam-100ml-2/,2026-04-23
https://e-mart.com.bd/product/vaseline-hair-tonic-and-scalp-conditioner-200ml-2/,2026-04-23
https://e-mart.com.bd/product/cetaphil-moisturizing-cream-for-very-dry-to-dry-sensitive-skin-85gm/,2026-04-23
https://e-mart.com.bd/product/dr-althea-pure-grinding-cleansing-balm-50ml-3/,2026-04-23
https://e-mart.com.bd/product/missha-procure-transtyle-holding-hair-spray-300ml/,2026-04-23
https://e-mart.com.bd/product/ogx-fade-defying-orchid-oil-shampoo-385ml-2/,2026-04-23
https://e-mart.com.bd/product/bragg-organic-apple-cider-vinegar-3/,2026-04-23
https://e-mart.com.bd/product/loreal-paris-triple-active-night-cream-50ml-2/,2026-04-23
https://e-mart.com.bd/product/nivea-men-creme-tin-150ml-2/,2026-04-23
https://e-mart.com.bd/product/seba-med-anti-dry-day-defence-cream-50ml-2/,2026-04-23
https://e-mart.com.bd/product-category/beauty-toiletries/?add-to-cart=36474,2026-04-23
https://e-mart.com.bd/product/dear-klairs-daily-skin-hydrating-water-500ml/,2026-04-23
https://e-mart.com.bd/product/beauty-formulas-charcoal-clay-mask-100ml-2/,2026-04-23
https://e-mart.com.bd/product/clinique-dramatically-different-moisturizing-lotion-very-dry-to-dry-combination-30ml-2/,2026-04-23
https://e-mart.com.bd/product/the-history-of-whoo-radiant-rejuvenating-emulsion-25ml/,2026-04-23
https://e-mart.com.bd/product/technic-retractable-eyeliner-black-2/,2026-04-23
https://e-mart.com.bd/product/neocare-medium-baby-diaper-25-pcs-pack-2/,2026-04-23
https://e-mart.com.bd/product/the-body-shop-tea-tree-skin-clearing-facial-wash-250ml-2/,2026-04-23
https://e-mart.com.bd/product/tresemme-biotin-repair-7-conditioner-400ml-2/,2026-04-23
https://e-mart.com.bd/product/garnier-micellar-water-sensitive-skin-100ml-garnier-skin-active-micellar-water-sensitive-skin-100ml/,2026-04-23
https://e-mart.com.bd/product/loreal-paris-preference-hair-colour-glam-bronde-no-2/,2026-04-23
https://e-mart.com.bd/product/sum-37-degree-losecsumma-elixir-emulsion-20ml/,2026-04-23
https://e-mart.com.bd/product/the-body-shop-moringa-softening-body-butter-200ml-2/,2026-04-23
https://e-mart.com.bd/product/olay-beauty-fluid-face-and-body-moisturizer-200ml-2/,2026-04-23
https://e-mart.com.bd/product/tresemme-keratin-smooth-conditioner-700ml-2/,2026-04-23
https://e-mart.com.bd/product/huggies-wonder-pants-s-42-pcs-4-8-kg-2/,2026-04-23
https://e-mart.com.bd/product/makeup-revolution-15-color-reloaded-euphoria-eyeshadow-palette-2/,2026-04-23
https://e-mart.com.bd/product/the-body-shop-guarana-coffee-energising-cleanser-for-men-150ml-2/,2026-04-23
https://e-mart.com.bd/product/makeup-revolution-conceal-define-full-coverage-concealer-c2-5-4gm-2/,2026-04-23
https://e-mart.com.bd/shop/round-lab-eng-1025-dokdo-ampule_45g,2026-04-23
https://e-mart.com.bd/product/st-ives-almond-and-linseed-body-lotion-2/,2026-04-23
https://e-mart.com.bd/product/loreal-revitalift-eyes-cream-15ml12-2/,2026-04-23
https://e-mart.com.bd/product/neutrogena-clear-defend-facial-wash-200ml-2/,2026-04-23
https://e-mart.com.bd/product/jumiso-antioxidant-glow-facial-essence-40ml-2/,2026-04-23
https://e-mart.com.bd/product/astral-moisturising-cream-500ml-2/,2026-04-23
https://e-mart.com.bd/product/st-ives-exfoliating-body-wash-sea-salt-and-pacific-kelp-2/,2026-04-23
https://e-mart.com.bd/product/the-body-shop-vitamin-c-skin-boost-instant-smoother-2/,2026-04-23
https://e-mart.com.bd/product/the-body-shop-vitamin-e-moisture-protect-lip-care-spf-15-pa/,2026-04-23
https://e-mart.com.bd/product/wet-n-wild-photo-focus-matte-face-primer-25ml-2/,2026-04-23
https://e-mart.com.bd/product/loreal-paris-skin-revitalift-filler-renew-night-cream-50ml-2/,2026-04-23
https://e-mart.com.bd/product/palmers-skin-success-anti-dark-spot-complexion-soap-bar-100ml-2/,2026-04-23
https://e-mart.com.bd/product/sum-37-degree-losecsumma-elixir-cream-10ml/,2026-04-23
https://e-mart.com.bd/product/axis-y-artichoke-intensive-skin-barrier-ampoule-5ml/,2026-04-23
https://e-mart.com.bd/product/garnier-skin-naturals-botanical-milk-200ml-2/,2026-04-23
https://e-mart.com.bd/product/marymay-premium-idebenon-blackberry-complex-essence-mask-20ea-2/,2026-04-23
https://e-mart.com.bd/product/eucerin-baby-wash-shampoo-400ml-mx-2/,2026-04-23
https://e-mart.com.bd/product/m-a-c-amplified-lipstick-vegas-volt-3gm/,2026-04-23
https://e-mart.com.bd/product/jigott-turmeric-moisturizing-soothing-gel-2/,2026-04-23
https://e-mart.com.bd/product/boots-essentials-cucumber-cleansing-lotion-150ml-2/,2026-04-23
https://e-mart.com.bd/product/the-body-shop-satsuma-clementine-body-butter-200ml-2/,2026-04-23
https://e-mart.com.bd/product/neocare-small-baby-diaper-50-pcs-pack-2/,2026-04-23
https://e-mart.com.bd/product/victorias-secret-pure-seduction-body-mist-2/,2026-04-23
https://e-mart.com.bd/product/marymay-white-collagen-cleansing-foam-150ml/,2026-04-23
https://e-mart.com.bd/product/m-a-c-satin-lipstick-mac-red-3gm-2/,2026-04-23
https://e-mart.com.bd/product-tag/beautyofjoseon/?filter_brand=beauty-of-joseon,2026-04-23
https://e-mart.com.bd/product/xpel-tea-tree-oil-10ml-2/,2026-04-23
https://e-mart.com.bd/product/bioderma-photoderm-spot-age-spf-50-40ml/,2026-04-23