#,brand,score,emart_sizes,emartway_sizes,emart_name,emartway_name,emart_price,emartway_price,diff_pct,emart_url,emartway_url
1,Beauty of Joseon,98.0,60ml,30ml,Beauty of Joseon Revive Serum: Ginseng + Snail Mucin 60ml,Beauty of Joseon Revive Serum: Ginseng + Snail Mucin 30ml,1900,1275,49.0,https://e-mart.com.bd/shop/beauty-of-joseon-revive-serum-ginseng-snail-mucin-60ml,https://www.emartwayskincare.com.bd/beauty-of-joseon-revive-serum-ginseng--snail-mucin-30ml
2,SKIN1004,98.0,100ml,15ml,Skin1004 Madagascar Centella Hyalu Cica Water Fit Sun Serum SPF50+ PA++++ 100ml,Skin1004 Madagascar Centella Hyalu-Cica Water-Fit Sun Serum SPF50+ PA++++ 15ml,2500,731,242.0,https://e-mart.com.bd/shop/skin1004-madagascar-centella-hyalu-cica-water-fit-sun-serum-spf50-pa-100ml,https://www.emartwayskincare.com.bd/skin1004-madagascar-centella-hyalu-cica-water-fit-sun-serum-15ml
3,CeraVe,97.7,236ml,237ml,CeraVe Hydrating Foaming Oil Cleanser 236ml,CeraVe Hydrating Foaming Oil Cleanser 237ml,2450,1990,23.1,https://e-mart.com.bd/shop/cerave-hydrating-foaming-oil-cleanser-236ml,https://www.emartwayskincare.com.bd/cerave-hydrating-foaming-oil-cleanser
4,Cosrx,97.7,100g,100ml,Cosrx Hyaluronic Acid Intensive Cream 100gm,Cosrx Hyaluronic Acid Intensive Cream 100ml,1700,1690,0.6,https://e-mart.com.bd/shop/cosrx-hyaluronic-acid-intensive-cream-100gm,https://www.emartwayskincare.com.bd/cosrx-hyaluronic-acid-intensive-cream-100ml
5,Cetaphil,97.6,453g,85g,Cetaphil Moisturizing Cream Dry to Very Dry Sensitive Skin 453g,"Cetaphil Moisturizing Cream for Very Dry To Dry, Sensitive Skin 85g",3200,1399,128.7,https://e-mart.com.bd/shop/cetaphil-moisturizing-cream-dry-to-very-dry-sensitive-skin-453g,https://www.emartwayskincare.com.bd/cetaphil-moisturizing-cream-for-very-dry-to-dry-sensitive-skin-85g
6,Haruharu Wonder,97.6,30ml,10ml,HaruHaru WONDER Black Rice Facial Oil 30ml,Haruharu Wonder Black Rice Facial Oil 10ml,1700,739,129.9,https://e-mart.com.bd/shop/haruharu-wonder-black-rice-facial-oil-30ml,https://www.emartwayskincare.com.bd/haruharu-wonder-black-rice-facial-oil-10ml
7,ISNTREE,97.6,15ml,50ml,Isntree Hyaluronic Acid Water Essence 15ml,Isntree Hyaluronic Acid Water Essence 50ml,500,1716,-70.9,https://e-mart.com.bd/shop/isntree-hyaluronic-acid-water-essence-15ml,https://www.emartwayskincare.com.bd/isntree-hyaluronic-acid-water-essence-50ml
8,Laxzin,97.6,150ml,100ml,Laxzin Acne Control Facial Cleanser 150ml,Laxzin Acne Control Facial Cleanser 100ml,395,250,57.5,https://e-mart.com.bd/shop/laxzin-acne-control-facial-cleanser-150ml,https://www.emartwayskincare.com.bd/laxzin-acne-control-facil-cleanser-100ml
9,SKIN1004,97.6,7g,20g,SKIN1004 Madagascar Centella Hyalu-Cica Silky-Fit Sun Stick 7g,SKIN1004 Madagascar Centella Hyalu-Cica Silky-fit Sun Stick 20g,800,1548,-48.3,https://e-mart.com.bd/shop/skin1004-madagascar-centella-hyalu-cica-silky-fit-sun-stick-7g,https://www.emartwayskincare.com.bd/skin1004-madagascar-centella-hyalu-cica-silky-fit-sun-stick-20g
10,Kose,97.4,230ml,240ml,KOSE SOFTYMO Speedy Cleansing Oil 230ml,KOSE SOFTYMO Speedy Cleansing Oil 240ml,1750,1534,14.0,https://e-mart.com.bd/shop/kose-softymo-speedy-cleansing-oil-230ml,https://www.emartwayskincare.com.bd/kose-softymo-speedy-cleansing-oil
11,CeraVe,97.3,87ml,473ml,Cerave Daily Moisturizing Lotion 87ml (For Normal to Dry Skin),CeraVe Daily Moisturizing Lotion 473ml (Normal To Dry Skin),1232,3256,-62.2,https://e-mart.com.bd/shop/cerave-daily-moisturizing-lotion-87ml-for-normal-to-dry-skin,https://www.emartwayskincare.com.bd/cerave-daily-moisturizing-lotion-473ml-normal-to-dry-skin
12,Coxir,97.3,50ml,30ml,Coxir black snail collagen cream 50ml,Coxir Black Snail Collagen Cream 30ml,1700,1200,41.7,https://e-mart.com.bd/shop/coxir-black-snail-collagen-cream-50ml,https://www.emartwayskincare.com.bd/coxir-black-snail-collagen-cream--50ml
13,Cos De Baha,97.2,60ml,30ml,Cos De BAHA M.A Peptide Serum (P) 60ml,Cos De Baha M.A Peptide Serum (P) 30ml,1500,1079,39.0,https://e-mart.com.bd/shop/cos-de-baha-m-a-peptide-serum-p-60ml,https://www.emartwayskincare.com.bd/cos-de-baha-ma-peptide-serum-p-30ml
14,SKIN1004,97.2,30ml,200ml,SKIN1004 Madagascar Centella Light Cleansing Oil 30ml,SKIN1004 Madagascar Centella Light Cleansing Oil 200ml,750,1640,-54.3,https://e-mart.com.bd/shop/skin1004-madagascar-centella-light-cleansing-oil-30ml,https://www.emartwayskincare.com.bd/skin1004-madagascar-centella-light-cleansing-oil-200ml
15,Neutrogena,97.1,80ml,80g,Neutrogena Ultra Sheer Dry-Touch Sunblock SPF50+ 80ml,Neutrogena Ultra Sheer Dry-Touch Sunblock SPF50+ 80g,1500,1188,26.3,https://e-mart.com.bd/shop/neutrogena-ultra-sheer-dry-touch-sunblock-spf50-80ml,https://www.emartwayskincare.com.bd/neutrogena-ultra-sheer-dry-touch-sunblock-spf50
16,Nivea,97.1,300ml,200ml,Nivea Soft Moisturizing Cream 300ml,Nivea Soft Moisturizing Cream 200ml,1350,704,91.8,https://e-mart.com.bd/shop/nivea-soft-moisturizing-cream-300ml,https://www.emartwayskincare.com.bd/nivea-soft-jar-moisturizing-cream-200ml
17,Acwell,97.0,30ml,150ml,ACWELL Licorice pH Balancing Cleansing Toner 30ml,Acwell Licorice PH Balancing Cleansing Toner 150ml,400,1496,-73.3,https://e-mart.com.bd/shop/acwell-licorice-ph-balancing-cleansing-toner-30ml,https://www.emartwayskincare.com.bd/acwell-licorice-ph-balancing-cleansing-toner-150ml
18,Coxir,97.0,50ml,20ml,COXIR Ultra Hyaluronic Cream 50ml,Coxir Ultra Hyaluronic Cream 20ml,1500,487,207.7,https://e-mart.com.bd/shop/coxir-ultra-hyaluronic-cream-50ml,https://www.emartwayskincare.com.bd/coxir-ultra-hyaluronic-cream-20ml
19,Dr. Althea,96.9,15ml,50ml,Dr. Althea 147 Barrier Cream 15ml,Dr.Althea 147 Barrier Cream 50ml,999,2050,-51.3,https://e-mart.com.bd/shop/dr-althea-147-barrier-cream-15ml,https://www.emartwayskincare.com.bd/dr-althea-147-barrier-cream-50ml
20,Haruharu Wonder,96.9,150ml,30ml,HaruHaru Wonder Black Rice Hyaluronic Toner 150ml,HaruHaru Wonder Black Rice Hyaluronic Toner 30ml,1700,792,114.6,https://e-mart.com.bd/shop/haruharu-wonder-black-rice-hyaluronic-toner-150ml,https://www.emartwayskincare.com.bd/haruharu-wonder-black-rice-hyaluronic-toner-30ml
21,CeraVe,96.8,237ml,355ml,Cerave Hydrating Cleanser For Normal To Dry Skin 237ml USA Version,CeraVe Hydrating Cleanser Normal To Dry Skin 355ml (USA Version),2508,2690,-6.8,https://e-mart.com.bd/shop/buy-cerave-hydrating-cleanser-for-normal-to-dry-skin-237ml,https://www.emartwayskincare.com.bd/cerave-hydrating-cleanser-normal-to-dry-skin-355ml-usa-version
22,Laneige,96.8,15ml,50ml,LANEIGE Cream Skin Refiner 15ml,Laneige Cream Skin Refiner 50ml,350,968,-63.8,https://e-mart.com.bd/shop/laneige-cream-skin-refiner-15ml,https://www.emartwayskincare.com.bd/laneige-cream-skin-refiner-50ml
23,Illiyoon,96.6,200ml,30ml,ILLIYOON Ceramide Ato Concentrate Cream 200ml,ILLIYOON Ceramide Ato Concentrate Cream 30ml,2100,528,297.7,https://e-mart.com.bd/shop/illiyoon-ceramide-ato-concentrate-cream-200ml,https://www.emartwayskincare.com.bd/illiyoon-ceramide-ato-concentrate-cream-30ml
24,Cosrx,96.5,25ml,25g,Cosrx Advanced Snail Peptide Eye Cream 25ml,COSRX Advanced Snail Peptide Eye Cream 25g,1800,1628,10.6,https://e-mart.com.bd/shop/cosrx-advanced-snail-peptide-eye-cream-25ml,https://www.emartwayskincare.com.bd/cosrx-advanced-snail-peptide-eye-cream-25g
25,SKIN1004,96.4,100ml,30ml,SKIN1004 Madagascar Centella Ampoule 100ml,SKIN1004 Madagascar Centella Ampoule 30ml,2500,817,206.0,https://e-mart.com.bd/shop/skin1004-madagascar-centella-ampoule-100ml,https://www.emartwayskincare.com.bd/skin1004-madagascar-centella-ampoule-30ml
26,Tocobo,96.4,19g,19ml,Tocobo Cotton Soft Sun Stick SPF50+ PA++++ 19g,Tocobo Cotton Soft Sun Stick SPF50+ PA++++ 19ml,1700,1364,24.6,https://e-mart.com.bd/shop/tocobo-cotton-soft-sun-stick-spf50-pa-19g,https://www.emartwayskincare.com.bd/tocobo-cotton-soft-sun-stick-spf50-pa
27,Banila Co,96.3,100ml,7ml,Banila co. Clean It Zero Cleansing Balm Nourishing 100ml,Banila Co Clean It Zero Cleansing Balm Nourishing 7ml,1900,250,660.0,https://e-mart.com.bd/shop/banila-co-clean-it-zero-cleansing-balm-nourishing-100ml,https://www.emartwayskincare.com.bd/banila-co-clean-it-zero-cleansing-balm-nourishing-7ml
28,Cos De Baha,96.3,60ml,30ml,Cos De BAHA Hyaluronic Acid Serum (HS) 60ml,Cos De BAHA Hyaluronic Acid Serum (H) 30ml,1500,935,60.4,https://e-mart.com.bd/shop/cos-de-baha-hyaluronic-acid-serum-hs-60ml,https://www.emartwayskincare.com.bd/cos-de-baha-hyaluronic-acid-serum-h
29,PanOxyl,96.2,156g,28g,PanOxyl Acne Foaming Wash Benzoyl Peroxide 10% Maximum Strength 156g,PanOxyl Acne Foaming Wash Benzoyl Peroxide 10% Maximum Strength 28g,2500,2236,11.8,https://e-mart.com.bd/shop/panoxyl-acne-foaming-wash-benzoyl-peroxide-10-maximum-strength-156g,https://www.emartwayskincare.com.bd/panoxyl-acne-foaming-wash-benzoyl-peroxide-10-maximum-strength-28g
30,Dabo,96.1,300g,300ml,Dabo Watermelon Pure Soothing Gel 300g,Dabo Watermelon Pure Soothing Gel 300ml,980,850,15.3,https://e-mart.com.bd/shop/dabo-watermelon-pure-soothing-gel-300g,https://www.emartwayskincare.com.bd/dabo-watermelon-pure-soothing-gel-300ml
31,Medicube,96.1,55ml,55g,Medicube Deep Vita C Capsule Cream 55ml,MEDICUBE Deep Vita C Capsule Cream 55g,2379,2379,-0.0,https://e-mart.com.bd/shop/medicube-deep-vita-c-capsule-cream-55ml,https://www.emartwayskincare.com.bd/medicube-deep-vita-c-capsule-cream-55g
32,Mary &amp; May,96.0,12ml,30ml,Mary & May Tranexamic Acid+Glutathion eye cream 12ml,Mary & May Tranexamic Acid + Glutathion Eye Cream 30ml,650,1188,-45.3,https://e-mart.com.bd/shop/mary-may-tranexamic-acidglutathion-eye-cream-12ml,https://www.emartwayskincare.com.bd/mary--may-tranexamic-acid--glutathion-eye-cream-30ml
33,Medicube,95.8,30ml,30g,Medicube GLUTATHIONE GLOW SERUM 30ml,Medicube Glutathione Glow Serum 30g,2500,1487,68.1,https://e-mart.com.bd/shop/medicube-glutathione-glow-serum-30ml,https://www.emartwayskincare.com.bd/medicube-glutathione-glow-serum-30g
34,Aromatica,95.7,400ml,180ml,Aromatica Rosemary Scalp Scaling Shampoo 400ml,Aromatica Rosemary Scalp Scaling Shampoo 180ml,2900,1487,95.0,https://e-mart.com.bd/shop/aromatica-rosemary-scalp-scaling-shampoo-400ml,https://www.emartwayskincare.com.bd/aromatica-rosemary-scalp-scaling-shampoo-180ml
35,Laneige,95.7,15g,3g,LANEIGE Lip Sleeping Mask (Berry) 15g,LANEIGE Lip Sleeping Mask Berry 3g,1400,390,259.0,https://e-mart.com.bd/shop/laneige-lip-sleeping-mask-berry-15g,https://www.emartwayskincare.com.bd/laneige-lip-sleeping-mask-berry-3g
36,Banila Co,95.3,7ml,100ml,Banila Co Clean It Zero Original Cleansing Balm 7ml,Banila Co Clean it Zero Cleansing Balm Original 100ml,300,1560,-80.8,https://e-mart.com.bd/shop/banila-co-clean-it-zero-original-cleansing-balm-7ml,https://www.emartwayskincare.com.bd/clean-it-zero-cleansing-balm-original
37,Mary &amp; May,95.1,70g,12g,Mary&May Sensitive Soothing Gel Cream 70g,Mary & May Sensitive Soothing Gel Cream 12G,1700,380,347.4,https://e-mart.com.bd/shop/marymay-sensitive-soothing-gel-cream-70g,https://www.emartwayskincare.com.bd/mary--may-sensitive-soothing-gel-cream-12g
38,Cosrx,94.7,20ml,20g,Cosrx The Vitamin C 23 Serum 20ml,Cosrx The Vitamin C 23 Serum 20g,1900,1755,8.3,https://e-mart.com.bd/shop/cosrx-the-vitamin-c-23-serum-20ml,https://www.emartwayskincare.com.bd/cosrx-the-vitamin-c-23-serum-20g
39,CeraVe,94.5,144g,54g,CeraVe Healing Ointment 144g,CeraVe Healing Ointment 54g,2500,1276,95.9,https://e-mart.com.bd/shop/cerave-healing-ointment-144g,https://www.emartwayskincare.com.bd/cerave-healing-ointment
40,Banila Co,94.3,25ml,100ml,Banila Co Clean It Zero Original Cleansing Balm 25ml,Banila Co Clean it Zero Cleansing Balm Original 100ml,900,1560,-42.3,https://e-mart.com.bd/shop/banila-co-clean-it-zero-original-cleansing-balm-25ml,https://www.emartwayskincare.com.bd/clean-it-zero-cleansing-balm-original
41,CeraVe,94.3,14.2g,15g,Cerave Skin Renewing Eye Cream 14.2g,Cerave Skin Renewing Eye Cream 15g,2100,2090,0.5,https://e-mart.com.bd/shop/cerave-skin-renewing-eye-cream-14-2g,https://www.emartwayskincare.com.bd/cerave-skin-renewing-eye-cream-142g
42,Some By Mi,93.7,400g,400ml,SOME BY MI AHA BHA PHA 30 Days Miracle Clear Body Cleanser 400g,SOME BY MI AHA BHA PHA 30 Days Miracle Acne Clear Body Cleanser 400ml,1800,2332,-22.8,https://e-mart.com.bd/shop/some-by-mi-aha-bha-pha-30-days-miracle-clear-body-cleanser-400g,https://www.emartwayskincare.com.bd/aha-bha-pha-30-days-miracle-acne-clear-body-cleanser-some-by-mi
43,Beauty of Joseon,93.6,10ml,30ml,Beauty Of Joseon Calming Serum : Green Tea + Panthenol 10ml (mini),Beauty of Joseon Calming Serum Green Tea & Panthenol 30ml,500,1445,-65.4,https://e-mart.com.bd/shop/beauty-of-joseon-calming-serum-green-tea-panthenol-10ml-mini,https://www.emartwayskincare.com.bd/beauty-of-joseon-calming-serum-green-tea-panthenol-30ml
44,Round Lab,93.6,50ml,80ml,Round Lab Birch Juice Moisturizing Sun Cream 50ml,ROUND LAB Birch Juice Moisturizing Cream 80ml,1900,2068,-8.1,https://e-mart.com.bd/shop/round-lab-birch-juice-moisturizing-sun-cream-50ml,https://www.emartwayskincare.com.bd/round-lab-birch-juice-moisturizing-cream-80ml
45,Haruharu Wonder,93.5,30ml,150ml,Haruharu wonder Black Rice Moisture Deep Cleansing Oil Mini 30ml,HaruHaru Wonder Black Rice Moisture Deep Cleansing Oil 150ml,600,1540,-61.0,https://e-mart.com.bd/shop/haruharu-wonder-black-rice-moisture-deep-cleansing-oil-mini-30ml,https://www.emartwayskincare.com.bd/haruharu-wonder-black-rice-moisture-deep-cleansing-oil-150ml
46,Haruharu Wonder,93.4,30ml,120ml,Haruharu wonder Black Rice Probiotics Barrier Essence Mini 30ml,Haruharu Wonder Black Rice Probiotics Barrier Essence 120ml,800,1892,-57.7,https://e-mart.com.bd/shop/haruharu-wonder-black-rice-probiotics-barrier-essence-mini-30ml,https://www.emartwayskincare.com.bd/haruharu-wonder-black-rice-probiotics-barrier-essence-120ml
47,CeraVe,93.2,56ml,236ml,CeraVe Moisturizing Cream For Normal To Dry Skin 56ml,Cerave Moisturizing Cream For Normal To Dry Skin 236ml (USA),1250,2392,-47.7,https://e-mart.com.bd/shop/cerave-moisturizing-cream-for-normal-to-dry-skin-56ml,https://www.emartwayskincare.com.bd/cerave-moisturizing-cream-for-normal-to-dry-skin-236ml-usa
48,CeraVe,93.2,50ml,177ml,Cerave moisturising cream for dry to very dry skin 50ml,CeraVe Moisturizing Cream 177ml  Dry To Very Dry Skin,1080,1832,-41.0,https://e-mart.com.bd/shop/cerave-moisturising-cream-for-dry-to-very-dry-skin-50ml,https://www.emartwayskincare.com.bd/cerave-moisturizing-cream-177ml---dry-to-very-dry
49,Dr.G,92.8,10ml,70ml,Doctor.G Red Blemish Clear Soothing Cream Mini 10ml,Doctor G Red Blemish Clear Soothing Cream 70ml,500,2112,-76.3,https://e-mart.com.bd/shop/doctor-g-red-blemish-clear-soothing-cream-mini-10ml,https://www.emartwayskincare.com.bd/drg-red-blemish-clear-soothing-cream-70ml
50,3W Clinic,92.7,60ml,40ml,3W CLINIC Collagen Whitening Cream 60ml,3W CLINIC Collagen Whitening Eye Cream 40ml,999,484,106.4,https://e-mart.com.bd/shop/3w-clinic-3w-clinic-collagen-whitening-cream-60ml,https://www.emartwayskincare.com.bd/3w-clinic-collagen-whitening-eye-cream-40ml
51,Dabo,92.7,150ml,100ml,Dabo 30 Days Greentea Avocado Nourishing Toner 150ml & Cream – Combo,Dabo 30 Days Greentea Avocado Nourishing Cream 100ml,2230,870,156.3,https://e-mart.com.bd/shop/dabo-30-days-greentea-avocado-nourishing-toner-150ml-cream-combo,https://www.emartwayskincare.com.bd/dabo-30-days-greentea-avocado-nourishing-cream-100ml
52,SKIN1004,92.6,1.5ml,15ml,SKIN1004 Madagascar Centella Hyalu-Cica Water-Fit Sun Serum SPF 50+ PA++++ 1.5 ml,Skin1004 Madagascar Centella Hyalu-Cica Water-Fit Sun Serum SPF50+ PA++++ 15ml,30,731,-95.9,https://e-mart.com.bd/shop/skin1004-madagascar-centella-hyalu-cica-water-fit-sun-serum-spf-50-pa-1-5-ml,https://www.emartwayskincare.com.bd/skin1004-madagascar-centella-hyalu-cica-water-fit-sun-serum-15ml
53,Skincafe,92.6,100ml,250ml,Skin Cafe Coconut Oil 100ml,Skin Cafe Coconut Oil – 250ml,250,480,-47.9,https://e-mart.com.bd/shop/skin-cafe-coconut-oil-100ml,https://www.emartwayskincare.com.bd/skin-cafe-coconut-oil--250ml
54,SKIN1004,92.5,1.5ml,75ml,SKIN1004 Madagascar Centella Tea-Trica B5 Cream 1.5 ml,SKIN1004 Madagascar Centella Tea-Trica B5 Cream 75ml,30,1750,-98.3,https://e-mart.com.bd/shop/skin1004-madagascar-centella-tea-trica-b5-cream-1-5-ml,https://www.emartwayskincare.com.bd/skin1004-madagascar-centella-tea-trica-b5-cream-75ml
55,iUNIK,92.5,1.5ml,15ml,Iunik Beta-Glucan Power Moisture Serum 1.5 ml,iUNIK Beta-Glucan Power Moisture Serum Mini 15ml,30,619,-95.2,https://e-mart.com.bd/shop/iunik-beta-glucan-power-moisture-serum-1-5-ml,https://www.emartwayskincare.com.bd/iunik-beta-glucan-power-moisture-serum-mini-15ml
56,iUNIK,92.3,50ml,15ml,IUNIK BETA-GLUCAN POWER MOISTURE SERUM 50ml,iUNIK Beta-Glucan Power Moisture Serum Mini 15ml,1700,619,174.5,https://e-mart.com.bd/shop/iunik-beta-glucan-power-moisture-serum-50ml,https://www.emartwayskincare.com.bd/iunik-beta-glucan-power-moisture-serum-mini-15ml
57,SKIN1004,92.1,1.5ml,50ml,SKIN1004 Madagascar Centella Tea-Trica Soothing Sun Milk SPF50+ PA++++ 1.5 ml,SKIN1004 Madagascar Centella Tea-Trica Soothing Sun Milk SPF50+ 50ml,40,1591,-97.5,https://e-mart.com.bd/shop/skin1004-madagascar-centella-tea-trica-soothing-sun-milk-spf50-pa-1-5-ml,https://www.emartwayskincare.com.bd/tea-trica-soothing-sun-milk
58,Tiam,92.1,80ml,100ml,TIA'M Snail & Azulene Sleeping Mask 80ml,Tiam Snail And Azulene Sleeping Mask 100ml,1600,950,68.4,https://e-mart.com.bd/shop/tiam-snail-azulene-sleeping-mask-80ml,https://www.emartwayskincare.com.bd/tiam-snail-and-azulene-sleeping-mask-100ml
59,CeraVe,92.0,355ml,473ml,CeraVe Foaming Facial Cleanser For Normal To Oily Skin 355ml,Cerave Foaming Facial Cleanser For Normal To Oily Skin- 473 ml,2728,3872,-29.5,https://e-mart.com.bd/shop/cerave-foaming-facial-cleanser-for-normal-to-oily-skin-355ml,https://www.emartwayskincare.com.bd/cerave-foaming-facial-cleanser-for-normal-to-oily-skin--473-ml
60,Rohto Mentholatum,91.8,170ml,120ml,Melano CC Vitamin C Brightening Lotion (Rich) 170ml,Melano CC Vitamin C Brightening Milk Lotion 120ml,1850,1540,20.1,https://e-mart.com.bd/shop/melano-cc-vitamin-c-brightening-lotion-rich-170ml,https://www.emartwayskincare.com.bd/melano-cc-vitamin-c-brightening-milk-lotion-120ml
61,Illiyoon,91.2,350ml,50ml,ILLIYOON Ceramide Ato Lotion 350 ml,ILLIYOON Ceramide Ato Lotion 50ml,2760,616,348.1,https://e-mart.com.bd/shop/illiyoon-ceramide-ato-lotion-350-ml,https://www.emartwayskincare.com.bd/illiyoon-ceramide-ato-lotion-50ml
62,Illiyoon,90.9,5ml,50ml,Illiyoon Ceramide Ato Lotion 5 ml,ILLIYOON Ceramide Ato Lotion 50ml,90,616,-85.4,https://e-mart.com.bd/shop/illiyoon-ceramide-ato-lotion-5-ml,https://www.emartwayskincare.com.bd/illiyoon-ceramide-ato-lotion-50ml
63,Mary &amp; May,90.9,140ml,30ml,Mary & May Vegan Blackberry Complex Cream Essence 140ml,Mary & May Blackberry Complex Cream Essence 30ml,2500,490,410.2,https://e-mart.com.bd/shop/mary-may-vegan-blackberry-complex-cream-essence-140ml,https://www.emartwayskincare.com.bd/mary--may-blackberry-complex-cream-essence-30ml
64,SKIN1004,90.8,50ml,15ml,Skin1004 Madagascar Centella Hyalu-Cica Water-Fit Sun Serum 50ml 1+1,Skin1004 Madagascar Centella Hyalu-Cica Water-Fit Sun Serum SPF50+ PA++++ 15ml,3000,731,310.4,https://e-mart.com.bd/shop/skin1004-madagascar-centella-hyalu-cica-water-fit-sun-serum-50ml-11,https://www.emartwayskincare.com.bd/skin1004-madagascar-centella-hyalu-cica-water-fit-sun-serum-15ml
65,Neutrogena,90.5,80ml,88ml,Neutrogena Sheer Zinc Dry-Touch Sunscreen Broad Spectrum SPF 50 80ml,Neutrogena Ultra Sheer Dry-Touch Sunscreen Broad Spectrum SPF 70 – 88ml,1200,1980,-39.4,https://e-mart.com.bd/shop/neutrogena-sheer-zinc-dry-touch-sunscreen-broad-spectrum-spf-50-8o-ml,https://www.emartwayskincare.com.bd/neutrogena-ultra-sheer-dry-touch-sunscreen-broad-spectrum-spf-70--88ml
66,Neutrogena,90.4,88ml,80g,Neutrogena Ultra Sheer Dry Touch Sunblock SPF 50+ 88ml,Neutrogena Ultra Sheer Dry-Touch Sunblock SPF50+ 80g,1690,1188,42.3,https://e-mart.com.bd/shop/neutrogena-ultra-sheer-dry-touch-sunblock-spf-50-88ml,https://www.emartwayskincare.com.bd/neutrogena-ultra-sheer-dry-touch-sunblock-spf50
67,Nivea,90.0,125g,80g,Nivea Sun Protect Super Water Gel Sunscreen SPF50 PA+++ 125g (Refill pack),Nivea Sun Protect Super Water Gel Sunscreen SPF50 PA+++ 80g,1690,1452,16.4,https://e-mart.com.bd/shop/nivea-sun-protect-super-water-gel-sunscreen-spf50-pa-125g-refill-pack,https://www.emartwayskincare.com.bd/nivea-sun-protect-super-water-gel-sunscreen-spf50-pa-80g
68,Jumiso,89.9,5ml,140ml,JUMISO Snail Mucin 95 + Peptide Essence MINI 5ml,Jumiso Snail Mucin 95 + Peptide Essence 140ml,400,1953,-79.5,https://e-mart.com.bd/shop/jumiso-snail-mucin-95-peptide-essence-mini-5ml,https://www.emartwayskincare.com.bd/jumiso-snail-mucin-95--peptide-essence-140ml
69,APLB,89.8,160ml,105ml,APLB Glutathione Niacinamide Cleansing Water 160ml,APLB Glutathione Niacinamide Cleansing Oil 105ml,1500,1105,35.7,https://e-mart.com.bd/shop/aplb-glutathione-niacinamide-cleansing-water-160ml,https://www.emartwayskincare.com.bd/aplb-glutathione-niacinamide-sunscreen-spf50-pa-105ml
70,Round Lab,89.4,150ml,80ml,Round Lab Birch Juice Moisturizing Cleanser 150ml,ROUND LAB Birch Juice Moisturizing Cream 80ml,1500,2068,-27.5,https://e-mart.com.bd/shop/round-lab-birch-juice-moisturizing-cleanser-150ml,https://www.emartwayskincare.com.bd/round-lab-birch-juice-moisturizing-cream-80ml
71,CeraVe,89.3,453g,236ml,Cerave Moisturizing Cream For Normal To Dry Skin 453g,Cerave Moisturizing Cream For Normal To Dry Skin 236ml (USA),3388,2392,41.6,https://e-mart.com.bd/shop/cerave-moisturizing-cream-for-normal-to-dry-skin-453g,https://www.emartwayskincare.com.bd/cerave-moisturizing-cream-for-normal-to-dry-skin-236ml-usa
72,Cetaphil,89.2,453g,550g,Cetaphil Moisturising Cream 453 g,Cetaphil Moisturising Cream 550g,3500,2640,32.6,https://e-mart.com.bd/shop/cetaphil-moisturising-cream-453-g,https://www.emartwayskincare.com.bd/cetaphil-moisturising-cream-550g
73,Coxir,89.2,50ml,30ml,COXIR BLACK SNAIL COLLAGEN SERUM 50ml,Coxir Black Snail Collagen Cream 30ml,1700,1200,41.7,https://e-mart.com.bd/shop/coxir-black-snail-collagen-serum-50ml,https://www.emartwayskincare.com.bd/coxir-black-snail-collagen-cream--50ml
74,La Roche Posay,89.2,40ml,100ml,La Roche-Posay Cicaplast Baume B5 SPF50 40ml,La Roche Posay Cicaplast Baume B5+ 100ml,2500,2596,-3.7,https://e-mart.com.bd/shop/la-roche-posay-cicaplast-baume-b5-spf50-40ml,https://www.emartwayskincare.com.bd/la-roche-posay-cicaplast-baume-b5-100ml
75,CeraVe,89.1,355ml,236ml,CeraVe Foaming Facial Cleanser For Normal To Oily Skin 355ml USA Version,Cerave Foaming Cleanser for Normal to Oily Skin 236ml (UK Version),2728,1990,37.1,https://e-mart.com.bd/shop/buy-cerave-foaming-facial-cleanser-for-normal-to-oily-skin-355ml-usa-version,https://www.emartwayskincare.com.bd/cerave-foaming-cleanser-236ml-uk-version
76,Unilever,89.1,100g,100ml,POND'S Super Light Gel Oil Free Face Moisturizer 100g,Ponds Super Light Gel Oil Free Moisturiser 100ml,500,480,4.2,https://e-mart.com.bd/shop/ponds-super-light-gel-oil-free-moisturiser,https://www.emartwayskincare.com.bd/ponds-super-light-gel-oil-free-moisturiser-100ml
77,Banila Co,88.9,100ml,7ml,Banilla Co Clean It Zero Purifying Cleansing Balm - 100ml,Banila Co Clean It Zero Cleansing Balm Nourishing 7ml,2350,250,840.0,https://e-mart.com.bd/shop/banilla-co-clean-it-zero-purifying-cleansing-balm-100ml,https://www.emartwayskincare.com.bd/banila-co-clean-it-zero-cleansing-balm-nourishing-7ml
78,CeraVe,88.9,236ml,87ml,CERAVE Hydrating Cream-to-Foam Cleanser 236 ml,Cerave Hydrating Cream To Foam Cleanser 87ml,2200,1188,85.2,https://e-mart.com.bd/shop/cerave-hydrating-cream-to-foam-cleanser-236-ml,https://www.emartwayskincare.com.bd/cerave-hydrating-cream-to-foam-cleanser-87ml
79,CeraVe,88.9,355ml,87ml,Cerave Hydrating Cream-to-Foam Cleanser - 355 ml,Cerave Hydrating Cream To Foam Cleanser 87ml,2640,1188,122.2,https://e-mart.com.bd/shop/cerave-hydrating-cream-to-foam-cleanser-355-ml,https://www.emartwayskincare.com.bd/cerave-hydrating-cream-to-foam-cleanser-87ml
80,Purito Seoul,88.7,30ml,50ml,Wonder Releaf Centella Eye Cream Unscented 30ml,Purito Wonder Releaf Centella Unscented Cream 50ml,1300,1683,-22.8,https://e-mart.com.bd/shop/purito-centella-green-level-eye-cream-30ml,https://www.emartwayskincare.com.bd/centella-unscented-recovery-cream-purito
81,SKIN1004,88.7,20ml,75ml,SKIN1004 Madagascar Centella Tea Trica Spot Cream 20ml,SKIN1004 Madagascar Centella Tea-Trica B5 Cream 75ml,1500,1750,-14.3,https://e-mart.com.bd/shop/skin1004-madagascar-centella-tea-trica-spot-cream-20ml,https://www.emartwayskincare.com.bd/skin1004-madagascar-centella-tea-trica-b5-cream-75ml
82,The Ordinary,88.4,15ml,30ml,Ordinary AHA 30% + BHA 2% Peeling Solution 15ml,The Ordinary Aha 30% + Bha 2% Peeling Solution 30ml,1100,1512,-27.2,https://e-mart.com.bd/shop/ordinary-aha-30-bha-2-peeling-solution-15ml,https://www.emartwayskincare.com.bd/aha-30-bha-2-peeling-solution-the-ordinary
83,Dabo,88.0,50ml,28ml,Dabo T-Tree Cica Calming Ampoule 50 ml,Dabo T Tree Cica Calming Ampoule 28ml,1280,640,100.0,https://e-mart.com.bd/shop/dabo-t-tree-cica-calming-ampoule-50-ml,https://www.emartwayskincare.com.bd/dabo-t-tree-cica-calming-ampoule-28ml
84,CeraVe,87.9,453ml,56ml,CeraVe Moisturizing Cream Pump 453ml,CeraVe Moisturizing Cream 56ml,3890,1250,211.2,https://e-mart.com.bd/shop/cerave-moisturizing-cream-pump-453ml,https://www.emartwayskincare.com.bd/cerave-moisturizing-cream-56ml
85,APLB,87.5,80ml,105ml,APLB Glutathione Niacinamide Cleansing Balm 80ml,APLB Glutathione Niacinamide Cleansing Oil 105ml,1300,1105,17.6,https://e-mart.com.bd/shop/aplb-glutathione-niacinamide-cleansing-balm-80ml,https://www.emartwayskincare.com.bd/aplb-glutathione-niacinamide-sunscreen-spf50-pa-105ml
86,Some By Mi,87.4,30g,30ml,Some By Mi Super Miracle 14 Days Spot All Kill Cream 30g,SOME BY MI AHA BHA PHA 14 Days Super Miracle Spot All Kill Cream 30ml,1700,1364,24.6,https://e-mart.com.bd/shop/some-by-mi-super-miracle-14-days-spot-all-kill-cream-30g,https://www.emartwayskincare.com.bd/aha-bha-pha-14-days-super-miracle-spot-all-kill-cream
87,Nella,87.2,40ml,120ml,Nella Oneday Whitener Magical Whitening Lotion 40ml,Nella Oneday Magical Whitening Lotion 120ml,900,999,-9.9,https://e-mart.com.bd/shop/nella-oneday-whitener-magical-whitening-lotion-40ml,https://www.emartwayskincare.com.bd/nella-oneday-masical-whitening-lotion-120ml
88,SKIN1004,87.2,210ml,30ml,SKIN 1004 Madagascar Centella Toning Toner 210ml,SKIN1004 Madagascar Centella Toning Toner 30ml,1800,688,161.6,https://e-mart.com.bd/shop/skin-1004-madagascar-centella-toning-toner-210ml,https://www.emartwayskincare.com.bd/skin1004-madagascar-centella-toning-toner-30ml
89,Haruharu Wonder,87.1,150ml,50ml,HaruHaru WONDER Black Rice Hyaluronic Toner for Sensitive Skin 150ml,Haruharu Wonder Black Rice 10 Unscented Hyaluronic Cream For Sensitive Skin 50ml,1800,1340,34.3,https://e-mart.com.bd/shop/haruharu-wonder-black-rice-hyaluronic-toner-for-sensitive-skin-150ml,https://www.emartwayskincare.com.bd/haruharu-wonder-black-rice-10-unscented-hyaluronic-cream-for-sensitive-skin-50ml
90,Dabo,87.0,210ml,125ml,Dabo T-Tree Cica Clear Toner 210 ml,Dabo T Tree Cica Clear Toner 125ml,1350,830,62.7,https://e-mart.com.bd/shop/dabo-t-tree-cica-clear-toner-210-ml,https://www.emartwayskincare.com.bd/dabo-t-tree-cica-clear-toner-125ml
91,Neutrogena,87.0,130ml,250ml,Neutrogena T/Gel Therapeutic Shampoo Original Formula 130ml,Neutrogena T/Gel Therapeutic Shampoo 250ml,1400,2024,-30.8,https://e-mart.com.bd/shop/neutrogena-t-gel-therapeutic-shampoo-original-formula-130ml,https://www.emartwayskincare.com.bd/neutrogena-tgel-therapeutic-shampoo-250ml
92,Torriden,87.0,80ml,50ml,Torriden Dive In Low Molecular Hyaluronic Acid Cream 80ml,Torriden Dive IN Low Molecular Hyaluronic Acid Serum 50ml,1900,1953,-2.7,https://e-mart.com.bd/shop/torriden-dive-in-low-molecular-hyaluronic-acid-cream-80ml,https://www.emartwayskincare.com.bd/torriden-dive-in-low-molecular-hyaluronic-acid-serum-50ml
93,CeraVe,86.7,454g,56ml,CeraVe moisturising cream 454g,CeraVe Moisturizing Cream 56ml,3099,1250,148.0,https://e-mart.com.bd/shop/cerave-moisturising-cream-454g,https://www.emartwayskincare.com.bd/cerave-moisturizing-cream-56ml
94,Dove,86.7,150ml,75ml,Dove Body Cream Beauty 150ml,Dove Body Love Beauty Cream 75ml,1200,320,275.0,https://e-mart.com.bd/shop/dove-body-cream-beauty-150ml,https://www.emartwayskincare.com.bd/dove-body-love-beauty-cream-75ml
95,Goodal,86.5,30ml,50ml,Goodal Green Tangerine Vita C Dark Circle Eye Cream 30ml,Goodal Green Tangerine Vita-C Dark Spot Care Cream 50ml,1800,1390,29.5,https://e-mart.com.bd/shop/goodal-green-tangerine-vita-c-dark-circle-eye-cream-30ml,https://www.emartwayskincare.com.bd/goodal-green-tangerine-vita-c-dark-spot-care-cream-50ml
96,Some By Mi,86.5,150ml,120ml,SOME BY MI Propolis B5 Glow Barrier Calming Toner 150 ml,Some By Mi Propolis B5 Glow Barrier Calming Oil to Foam  120ml,1600,1400,14.3,https://e-mart.com.bd/shop/some-by-mi-propolis-b5-glow-barrier-calming-toner-150-ml,https://www.emartwayskincare.com.bd/some-by-mi-propolis-b5-glow-barrier-calming-oil-to-foam--120ml
97,Mixsoon,86.4,20ml,120ml,Mixsoon Centella Cleansing Foam Mini 20ml,IUNIK Centella Mild Cleansing Foam 120ml,300,1085,-72.4,https://e-mart.com.bd/shop/mixsoon-centella-cleansing-foam-mini-20ml,https://www.emartwayskincare.com.bd/iunik-centella-mild-cleansing-foam-120ml
98,Mixsoon,86.3,15ml,50ml,Mixsoon Bean Cream Mini 15ml,MIXSOON Bean Cream 50ml,500,2082,-76.0,https://e-mart.com.bd/shop/mixsoon-bean-cream-mini-15ml,https://www.emartwayskincare.com.bd/mixsoon-bean-cream-50ml
99,Some By Mi,86.3,60ml,50ml,Some By Mi Propolis B5 glow Barrier Calming Cream 60ml,Some By Mi Propolis B5 Glow Barrier Calming Serum 50ml,1700,1540,10.4,https://e-mart.com.bd/shop/some-by-mi-propolis-b5-glow-barrier-calming-cream-60ml,https://www.emartwayskincare.com.bd/some-by-mi-propolis-b5-glow-barrier-calming-serum-50ml
100,Neutrogena,86.2,147ml,88ml,Neutrogena Ultra Sheer Dry Touch Sunscreen Lotion SPF 55 147ml,Neutrogena Ultra Sheer Dry-Touch Sunscreen SPF 45 - (88ml),1430,1654,-13.6,https://e-mart.com.bd/shop/neutrogena-ultra-sheer-dry-touch-sunscreen-lotion-spf-55-147ml,https://www.emartwayskincare.com.bd/neutrogena-ultra-sheer-dry-touch-sunscreen-spf-45---88ml
101,Nizoral,86.2,125ml,50ml,Nizoral Ketoconazole 1% Anti-Dandruff Shampoo 125ml,Nizoral 2% Ketoconazole Medicated Anti-Dandruff Shampoo 50ml,2900,750,286.7,https://e-mart.com.bd/shop/nizoral-ketoconazole-1-anti-dandruff-shampoo-125ml,https://www.emartwayskincare.com.bd/nizoral-2-ketoconazole-medicated-anti-dandruff-shampoo-50ml
102,3W Clinic,86.1,100ml,150ml,3w Clinic Collagen & Luxury Gold Revitalizing Comfort Gold Cream 100ml,3W Clinic Collagen & Luxury Revitalizing Comfort 24K Gold Essence 150ml,1450,1320,9.8,https://e-mart.com.bd/shop/3w-clinic-collagen-luxury-gold-revitalizing-comfort-gold-cream-100ml,https://www.emartwayskincare.com.bd/collagen-luxury-revitalizing-comfort-24k-gold-essence-3w-clinic
103,Haruharu Wonder,85.7,300ml,30ml,Haruharu Wonder Black Rice Hyaluronic Toner &#8211; For Sensitive 300ml,HaruHaru Wonder Black Rice Hyaluronic Toner 30ml,2500,792,215.7,https://e-mart.com.bd/shop/haruharu-wonder-black-rice-hyaluronic-toner-for-sensitive-300ml,https://www.emartwayskincare.com.bd/haruharu-wonder-black-rice-hyaluronic-toner-30ml
104,Illiyoon,85.3,128ml,50ml,ILLIYOON Ceramide Ato Lotion – 128 ml,ILLIYOON Ceramide Ato Lotion 50ml,1380,616,124.0,https://e-mart.com.bd/shop/illiyoon-ceramide-ato-lotion-128-ml,https://www.emartwayskincare.com.bd/illiyoon-ceramide-ato-lotion-50ml
105,Boots,85.1,15ml,100ml,Boots Vitamin C Brightening Eye Gel 15ml,Boots Vitamin C Brightening Cleansing Gel 100ml,1200,704,70.5,https://e-mart.com.bd/shop/boots-vitamin-c-brightening-eye-gel-15ml,https://www.emartwayskincare.com.bd/boots-vitamin-c-brightening-cleansing-gel-100ml
106,Simple,84.5,125g,125ml,Simple Kind to Skin Replenishing Rich Moisturizer (125gm),Simple Replenishing Rich Moisturizer 125ml,550,699,-21.3,https://e-mart.com.bd/shop/simple-kind-to-skin-replenishing-rich-moisturizer-125gm,https://www.emartwayskincare.com.bd/replenishing-rich-moisturizer-simple
107,CeraVe,84.4,473ml,87ml,CERAVE Hydrating Facial Cleanser (UK) 473ml,CeraVe Hydrating Facial Cleanser 87ml (USA Version),3388,1161,191.8,https://e-mart.com.bd/shop/cerave-hydrating-facial-cleanser-473ml-2,https://www.emartwayskincare.com.bd/cerave-hydrating-facial-cleanser-87ml-usa
108,Round Lab,84.4,50ml,80ml,Round Lab Birch Juice Moisturizing Serum 50ml,ROUND LAB Birch Juice Moisturizing Cream 80ml,1900,2068,-8.1,https://e-mart.com.bd/shop/round-lab-birch-juice-moisturizing-serum-50ml,https://www.emartwayskincare.com.bd/round-lab-birch-juice-moisturizing-cream-80ml
109,Missha,84.2,70ml,50ml,Missha All Around Safe Block Essence Sun Milk SPF50+/PA+++ 70ml,Missha All Around Safe Block Aqua Sun Gel SPF50+/PA++++ 50ml,1400,899,55.7,https://e-mart.com.bd/shop/missha-all-around-safe-block-essence-sun-milk-spf50-pa-70ml,https://www.emartwayskincare.com.bd/missha-all-around-safe-block-aqua-sun-gel-spf50pa
110,Neutrogena,84.1,88ml,50ml,Neutrogena Hydro Boost Water Gel Lotion SPF 50 88ml,Neutrogena Hydro Boost Water Gel 50ml,1890,1290,46.5,https://e-mart.com.bd/shop/neutrogena-hydro-boost-water-gel-lotion-spf-50-88ml,https://www.emartwayskincare.com.bd/hydro-boost-water-gel-neutrogena
111,Round Lab,84.1,80ea,80ml,ROUND LAB Birch Juice Moisturizing Pad 80ea,ROUND LAB Birch Juice Moisturizing Cream 80ml,2500,2068,20.9,https://e-mart.com.bd/shop/round-lab-birch-juice-moisturizing-pad-80ea,https://www.emartwayskincare.com.bd/round-lab-birch-juice-moisturizing-cream-80ml
112,Garnier,83.9,100ml,125ml,Garnier Skin Active Micellar Cleansing Water 100ml,Garnier Micellar Cleansing Water Pink 125ml,550,470,17.0,https://e-mart.com.bd/shop/garnier-skin-active-micellar-cleansing-water-100ml,https://www.emartwayskincare.com.bd/garnier-micellar-cleansing-water-pink-125ml
113,Simple,83.9,125g,125ml,Simple Kind to Skin Hydrating Light Moisturiser 125gm,Simple Hydrating Light Moisturiser 125ml,650,690,-5.8,https://e-mart.com.bd/shop/simple-kind-to-skin-hydrating-light-moisturiser-125gm,https://www.emartwayskincare.com.bd/hydrating-light-moisturiser-simple
114,Nivea,83.6,200ml,100ml,NIVEA Micellair Water 200ml,Quinsia Micellar Water 100ml,1550,382,305.2,https://e-mart.com.bd/shop/nivea-micellair-water-200ml,https://www.emartwayskincare.com.bd/quinsia-micellar-watar-100ml
115,APLB,83.2,160ml,55ml,APLB Retinol Vitamin C Vitamin E Facial Toner 160ml,APLB Retinol Vitamin C Vitamin E Facial Cream 55ml,1500,935,60.4,https://e-mart.com.bd/shop/aplb-retinol-vitamin-c-vitamin-e-facial-toner-160ml,https://www.emartwayskincare.com.bd/aplb-retinol-vitamin-c-vitamin-e-facial-cream-55ml
116,Some By Mi,83.2,100g,50ml,SOME BY MI Propolis B5 Glow Barrier Calming Mask 100g,Some By Mi Propolis B5 Glow Barrier Calming Serum 50ml,1600,1540,3.9,https://e-mart.com.bd/shop/some-by-mi-propolis-b5-glow-barrier-calming-mask-100g,https://www.emartwayskincare.com.bd/some-by-mi-propolis-b5-glow-barrier-calming-serum-50ml
117,CeraVe,82.8,473ml,87ml,CERAVE Hydrating Facial Cleanser 473ml,CeraVe Hydrating Facial Cleanser 87ml (USA Version),3388,1161,191.8,https://e-mart.com.bd/shop/cerave-hydrating-facial-cleanser-473ml,https://www.emartwayskincare.com.bd/cerave-hydrating-facial-cleanser-87ml-usa
118,Cosrx,82.8,20ml,20g,Cosrx The Vitamin C 13 Serum 20 ML,Cosrx The Vitamin C 23 Serum 20g,2000,1755,14.0,https://e-mart.com.bd/shop/cosrx-the-vitamin-c-13-serum-20-ml,https://www.emartwayskincare.com.bd/cosrx-the-vitamin-c-23-serum-20g
119,Haruharu Wonder,82.8,50ml,30ml,HARUHARU WONDER Black Rice 10 Hyaluronic Cream 50ml,HaruHaru Wonder Black Rice Hyaluronic Toner 30ml,1750,792,121.0,https://e-mart.com.bd/shop/haruharu-wonder-black-rice-10-hyaluronic-cream-50ml,https://www.emartwayskincare.com.bd/haruharu-wonder-black-rice-hyaluronic-toner-30ml
120,Jnh,82.7,150ml,150g,JNH Sseng Eol Whipping Cleansing Foam 150ml,JNH Whipping Cleansing Foam 150g,1500,1223,22.6,https://e-mart.com.bd/shop/jnh-sseng-eol-whipping-cleansing-foam-150ml,https://www.emartwayskincare.com.bd/jnh-whipping-cleansing-foam-150g
121,Some By Mi,82.5,100ml,100g,Some By Mi Super Matcha Pore Clean Cleansing Gel 100ml,Some By Mi Super Matcha Pore Clean Clay Mask 100g,1200,1350,-11.1,https://e-mart.com.bd/shop/some-by-mi-super-matcha-pore-clean-cleansing-gel-100ml,https://www.emartwayskincare.com.bd/super-matcha-pore-clean-clay-mask-some-by-mi
122,Jumiso,82.4,40ml,30ml,Jumiso Niacinamide 10 Serum 40ml,Minimalist 10% Niacinamide Serum 30ml,1900,1368,38.8,https://e-mart.com.bd/shop/jumiso-niacinamide-10-serum-40ml,https://www.emartwayskincare.com.bd/minimalist-10-niacinamide-serum-30ml
123,Illiyoon,82.2,175ml,50ml,Illiyoon Ceramide Ato Soothing Gel 175ml,ILLIYOON Ceramide Ato Lotion 50ml,1900,616,208.4,https://e-mart.com.bd/shop/illiyoon-ceramide-ato-soothing-gel-175ml,https://www.emartwayskincare.com.bd/illiyoon-ceramide-ato-lotion-50ml
124,APLB,82.1,40ml,25ml,APLB Retinol Vitamin C Vitamin E Sunscreen 40ml,APLB Retinol Vitamin C Vitamin E Sheet Mask 25ml,1100,178,516.2,https://e-mart.com.bd/shop/aplb-retinol-vitamin-c-vitamin-e-sunscreen-40ml,https://www.emartwayskincare.com.bd/aplb-retinol-vitamin-c-vitamin-e-sheet-mask-10-sheets
125,Cosrx,82.1,50ml,200ml,COSRX Pure Fit Cica Cleanser 50ml,Cosrx Pure Fit Cica Clear Cleansing Oil 200ml,700,2115,-66.9,https://e-mart.com.bd/shop/cosrx-pure-fit-cica-cleanser-50ml,https://www.emartwayskincare.com.bd/cosrx-pure-fit-cica-clear-cleansing-oil-200ml
126,I am From,82.1,50ml,30ml,I'M FROM Mugwort Cream 50ml,I’M FROM Mugwort Essence 30ml,2500,890,180.9,https://e-mart.com.bd/shop/im-from-mugwort-cream-50ml,https://www.emartwayskincare.com.bd/im-from-mugwort-essence-30ml
127,Missha,82.1,70ml,50ml,Missha All Around Safe Block Essence Sun Milk EX SPF50+/PA+++ 70ml,Missha All Around Safe Block Aqua Sun Gel SPF50+/PA++++ 50ml,1500,899,66.9,https://e-mart.com.bd/shop/missha-all-around-safe-block-essence-sun-milk-ex-spf50-pa-70ml,https://www.emartwayskincare.com.bd/missha-all-around-safe-block-aqua-sun-gel-spf50pa
128,CeraVe,82.0,340g,85g,Cerave Healing Ointment &#8211; 340 g,CeraVe Healing Ointment 85g,4200,1628,158.0,https://e-mart.com.bd/shop/cerave-healing-ointment-340-g,https://www.emartwayskincare.com.bd/cerave-healing-ointment-85g
129,Dabo,81.9,150ml,100ml,Dabo 30 Days Greentea Avocado Nourishing Toner 150 ml,Dabo 30 Days Greentea Avocado Nourishing Cream 100ml,1080,870,24.1,https://e-mart.com.bd/shop/dabo-30-days-greentea-avocado-nourishing-toner-150-ml,https://www.emartwayskincare.com.bd/dabo-30-days-greentea-avocado-nourishing-cream-100ml
130,Goodal,81.9,40ml,50ml,Goodal Green Tangerine Vita C Dark Spot Serum 40ml,Goodal Green Tangerine Vita-C Dark Spot Care Cream 50ml,2500,1390,79.9,https://e-mart.com.bd/shop/buy-goodal-green-tangerine-vita-c-dark-spot-serum-40ml,https://www.emartwayskincare.com.bd/goodal-green-tangerine-vita-c-dark-spot-care-cream-50ml
131,Nivea,81.9,140g,80g,Nivea UV Super Water Gel Sunscreen SPF50 PA+++ 140gm,Nivea Sun Protect Super Water Gel Sunscreen SPF50 PA+++ 80g,2200,1452,51.5,https://e-mart.com.bd/shop/nivea-uv-super-water-gel-sunscreen-spf50-pa-140gm,https://www.emartwayskincare.com.bd/nivea-sun-protect-super-water-gel-sunscreen-spf50-pa-80g
132,SKIN1004,81.9,100ml,15ml,SKIN1004 Centella Hyalu Cica Water Fit Sun Serum 100ml,Skin1004 Madagascar Centella Hyalu-Cica Water-Fit Sun Serum SPF50+ PA++++ 15ml,2500,731,242.0,https://e-mart.com.bd/shop/skin1004-centella-hyalu-cica-water-fit-sun-serum-100ml,https://www.emartwayskincare.com.bd/skin1004-madagascar-centella-hyalu-cica-water-fit-sun-serum-15ml
133,APLB,81.7,160ml,55ml,APLB Glutathione Niacinamide Facial Toner 160ml,APLB Glutathione Niacinamide Facial Cream 55ml,1300,999,30.1,https://e-mart.com.bd/shop/aplb-glutathione-niacinamide-facial-toner-160ml,https://www.emartwayskincare.com.bd/aplb-glutathione-niacinamide-facial-cream-55ml
134,Neutrogena,81.6,75ml,50ml,Neutrogena Clear and Soothe Oil-Free Gel Moisturizer 75ml,Neutrogena Clear & Radiant Oil-Free Moisturiser 50ml,1300,610,113.1,https://e-mart.com.bd/shop/neutrogena-clear-and-soothe-oil-free-gel-moisturizer-75ml,https://www.emartwayskincare.com.bd/neutrogena-clear--radiant-oil-free-moisturiser
135,Mary &amp; May,81.4,"30g, 12g",30ml,Mary&#038;May Tranexamic Acid+ Glutathione Eye Cream Kit Set (30g+12g*2+gua sha),Mary & May Tranexamic Acid + Glutathion Eye Cream 30ml,3500,1188,194.6,https://e-mart.com.bd/shop/marymay-tranexamic-acid-glutathione-eye-cream-kit-set-30g12g2gua-sha,https://www.emartwayskincare.com.bd/mary--may-tranexamic-acid--glutathion-eye-cream-30ml
136,Torriden,81.4,150ml,50ml,Torriden Dive In Low Molecular Hyaluronic Acid Cleansing Foam 150ml,Torriden Dive IN Low Molecular Hyaluronic Acid Serum 50ml,1700,1953,-13.0,https://e-mart.com.bd/shop/torriden-dive-in-low-molecular-hyaluronic-acid-cleansing-foam-150ml,https://www.emartwayskincare.com.bd/torriden-dive-in-low-molecular-hyaluronic-acid-serum-50ml
137,ISNTREE,81.2,50ml,200ml,Isntree Green tea Fresh Serum 50ml,Isntree Green Tea Fresh Toner 200ml,1900,1865,1.8,https://e-mart.com.bd/shop/isntree-green-tea-fresh-serum-50ml,https://www.emartwayskincare.com.bd/isntree-green-tea-fresh-toner-200ml
138,Cos De Baha,81.0,50ml,30ml,Cos De Baha Azelaic Acid 20% Cream AZ20 50ml,Cos De BAHA Azelaic Acid 10 Serum (AZ) 30ml,1350,1080,25.0,https://e-mart.com.bd/shop/cos-de-baha-azelaic-acid-20-cream-az20-50ml,https://www.emartwayskincare.com.bd/cos-de-baha-azelaic-acid-10-serum-az-30ml
139,Cosrx,81.0,150ml,200ml,COSRX Pure Fit Cica Cleanser 150ml,Cosrx Pure Fit Cica Clear Cleansing Oil 200ml,1400,2115,-33.8,https://e-mart.com.bd/shop/cosrx-pure-fit-cica-cleanser-150ml,https://www.emartwayskincare.com.bd/cosrx-pure-fit-cica-clear-cleansing-oil-200ml
140,La Roche Posay,81.0,150ml,50ml,La Roche Posay Anthelios Melt-in Milk Sunscreen Spf 60 150ml,La Roche Posay Anthelios Ultra Light Fluid Sunscreen SPF 60 - 50ml,3200,2516,27.1,https://e-mart.com.bd/shop/la-roche-posay-anthelios-melt-in-milk-sunscreen-spf-60-150ml,https://www.emartwayskincare.com.bd/la-roche-posay-anthelios-ultra-light-fluid-sunscreen-spf-60---50ml
141,MIZON,81.0,75ml,50ml,MIZON All In One Snail Repair Cream 75ml,Dabo All In One Black Snail Repair Cream 50ml,2000,620,222.6,https://e-mart.com.bd/shop/mizon-all-in-one-snail-repair-cream-75g,https://www.emartwayskincare.com.bd/dabo-all-in-one-black-snail-repair-cream-50ml
142,Missha,81.0,70ml,50ml,Missha All Around Safe Block Soft Finish Sun Milk SPF50+/PA+++ 70ml,Missha All Around Safe Block Cotton Sun SPF50+ PA++++ 50ml,1500,900,66.6,https://e-mart.com.bd/shop/missha-all-around-safe-block-soft-finish-sun-milk-spf50-pa-70ml,https://www.emartwayskincare.com.bd/missha-all-around-safe-block-cotton-sun-spf50-pa-50ml
143,Dabo,80.9,55ml,55g,Dabo Pink Collagen PDRN Hydra Capsule Cream 55 ml,Medicube PDRN Pink Collagen Capsule Cream 55g,1150,1997,-42.4,https://e-mart.com.bd/shop/dabo-pink-collagen-pdrn-hydra-capsule-cream-55-ml,https://www.emartwayskincare.com.bd/medicube-pdrn-pink-collagen-capsule-cream-55g
144,Some By Mi,80.8,4pc,50ml,Some By Mi Propolis B5 Glow Barrier Calming Starter Kit 4pcs,Some By Mi Propolis B5 Glow Barrier Calming Serum 50ml,1600,1540,3.9,https://e-mart.com.bd/shop/some-by-mi-propolis-b5-glow-barrier-calming-starter-kit-4pcs,https://www.emartwayskincare.com.bd/some-by-mi-propolis-b5-glow-barrier-calming-serum-50ml
145,Beaute,80.4,40ml,35ml,Beaute 3D Whitening Clinic Renewal Cream 40 ml,Beaute Korea Melasma-X 3D Whitening Clinic Renewal Cream 35ml,900,850,5.9,https://e-mart.com.bd/shop/beaute-3d-whitening-clinic-renewal-cream-40-ml,https://www.emartwayskincare.com.bd/beaute-korea-melasma-x-3d-whitening-cream-35ml
146,Heimish,80.4,35ml,30ml,[Heimish] RX HYALURONIC ACID 2% HYDRATING SERUM 35ml,Cerave Hydrating Hyaluronic Acid Serum 30ml,1700,2430,-30.0,https://e-mart.com.bd/shop/heimish-rx-hyaluronic-acid-2-hydrating-serum-35ml,https://www.emartwayskincare.com.bd/cerave-hydrating-hyaluronic-acid-serum-30ml
147,Skinfood,80.4,180ml,210g,Skinfood Black Sugar Perfect Scrub Foam 180ml,Skinfood Black Sugar Perfect Essential Scrub 2X 210g,1700,1785,-4.8,https://e-mart.com.bd/shop/skinfood-black-sugar-perfect-scrub-foam-180ml,https://www.emartwayskincare.com.bd/skinfood-black-sugar-perfect-essential-scrub-2x-210g
148,Missha,80.3,70ml,50ml,Missha All Around Safe Block Waterproof Sun Milk SPF50+/PA+++ (70ml),Missha All Around Safe Block Aqua Sun Gel SPF50+/PA++++ 50ml,1400,899,55.7,https://e-mart.com.bd/shop/missha-all-around-safe-block-waterproof-sun-milk-spf50-pa-70ml,https://www.emartwayskincare.com.bd/missha-all-around-safe-block-aqua-sun-gel-spf50pa
149,Torriden,80.3,100ml,50ml,TORRIDEN DIVE IN Low Molecule Hyaluronic Acid Soothing Cream 100ml,Torriden Dive IN Low Molecular Hyaluronic Acid Serum 50ml,2300,1953,17.8,https://e-mart.com.bd/shop/torriden-dive-in-low-molecule-hyaluronic-acid-soothing-cream-100ml,https://www.emartwayskincare.com.bd/torriden-dive-in-low-molecular-hyaluronic-acid-serum-50ml
150,Benton,80.0,30g,35ml,BENTON Snail Bee Ultimate Eye Cream 30g,Benton Snail Bee Ultimate Serum 35ml,1900,1550,22.6,https://e-mart.com.bd/shop/benton-snail-bee-ultimate-eye-cream-30g,https://www.emartwayskincare.com.bd/benton-snail-bee-ultimate-serum-35ml
151,Celimax,80.0,10ml,30ml,CELIMAX PORE+DARK SPOT BRIGHTENING SERUM 10ML,POUR LA PEAU Brightening Shot Serum 30ml,550,1312,-58.1,https://e-mart.com.bd/shop/celimax-poredark-spot-brightening-serum-10ml,https://www.emartwayskincare.com.bd/pour-la-peau-brightening-shot-serum-30ml
152,NEOGEN,80.0,80ml,80g,Neogen Dermalogy White Dual Cream 80ml,NEOGEN White Dual Cream 80g,2200,1892,16.3,https://e-mart.com.bd/shop/neogen-dermalogy-white-dual-cream-80ml,https://www.emartwayskincare.com.bd/neogen-white-dual-cream-whitening--calming-80g
153,SebaMed,80.0,200ml,100ml,Seba Med Anti Dandruff Shampoo 200ml,NOVALE Anti Dandruff Shampoo 100ml,1150,431,166.7,https://e-mart.com.bd/shop/seba-med-anti-dandruff-shampoo-200ml,https://www.emartwayskincare.com.bd/novale-anti-dandruff-shampoo-100ml
154,The Face Shop,80.0,200ml,400ml,THE FACESHOP Rice water bright Cleansing Cream(200ml),The Face Shop Rice Water Cleansing Cream 400ml,1200,1936,-38.0,https://e-mart.com.bd/shop/the-faceshop-rice-water-bright-cleansing-cream200ml,https://www.emartwayskincare.com.bd/the-face-shop-rice-water-cleansing-cream-400ml
155,Tiam,80.0,200ml,240ml,TIAM Low pH Cleanser 200ml,Seravix Low Ph Cleanser 240ml,1100,440,150.0,https://e-mart.com.bd/shop/tiam-low-ph-cleanser-200ml,https://www.emartwayskincare.com.bd/seravix-low-ph-cleanser-240ml
