reason,product_id,brand,product_title,size,sku,price,slug,url
missing_size,2808,innisfree,"Innisfree Jeju Volcanic Pore Cleansing Foam EX",,KO003INI049,1100,innisfree-jeju-volcanic-pore-cleansing-foam-ex,https://e-mart.com.bd/product/innisfree-jeju-volcanic-pore-cleansing-foam-ex/
missing_size,2964,"Purito Seoul","Purito Seoul Daily Soft Touch Sunscreen SPF50+ PA++++",,KO007PUR014,1900,purito-daily-go-to-sunscreen-60ml,https://e-mart.com.bd/product/purito-daily-go-to-sunscreen-60ml/
missing_size,3007,"Purito Seoul","PURITO Sea Buckthorn Vital 70 Cream",,KO007PUR006,1700,purito-sea-buckthorn-vital-70-cream,https://e-mart.com.bd/product/purito-sea-buckthorn-vital-70-cream/
missing_size,3016,Missha,"Missha Airy Fit Sheet Mask (Potato)",,KO004MIS021,200,missha-airy-fit-sheet-mask-potato,https://e-mart.com.bd/product/missha-airy-fit-sheet-mask-potato/
missing_size,3018,Missha,"Missha Airy Fit Sheet Mask (Rice)",,KO004MIS019,200,missha-airy-fit-sheet-mask-rice,https://e-mart.com.bd/product/missha-airy-fit-sheet-mask-rice/
missing_size,3060,Missha,"Missha Airy Fit Sheet Mask (Pearl)",,KO004MIS015,200,missha-airy-fit-sheet-mask-pearl,https://e-mart.com.bd/product/missha-airy-fit-sheet-mask-pearl/
missing_size,3061,Missha,"Missha Airy Fit Sheet Mask (Shea Butter)",,KO004MIS014,200,missha-airy-fit-sheet-mask-shea-butter,https://e-mart.com.bd/product/missha-airy-fit-sheet-mask-shea-butter/
missing_size,3071,Nacific,"Nacific Fresh Herb Origin Serum",,kc013nc014,1700,nacific-fresh-herb-origin-serum,https://e-mart.com.bd/product/nacific-fresh-herb-origin-serum/
missing_size,3226,Paxmoly,"PAXMOLY Aloe Vera Whitening Soap",,kc022pm003,650,paxmoly-aloe-vera-whitening-soap,https://e-mart.com.bd/product/paxmoly-aloe-vera-whitening-soap/
missing_size,3361,Coreana,"COREANA Orthia Gold Ginseng Premium Snail Cream",,EM-CORE-ORGOGI-3361,3000,coreana-orthia-gold-ginseng-premium-snail-cream,https://e-mart.com.bd/product/coreana-orthia-gold-ginseng-premium-snail-cream/
missing_size,3528,innisfree,"Innisfree Intensive Long Lasting Sunscreen SPF50+ PA++++",,KO003INI015,1400,innisfree-intensive-long-lasting-sunscreen-spf50-pa,https://e-mart.com.bd/product/innisfree-intensive-long-lasting-sunscreen-spf50-pa/
missing_size,3666,"Welcos Confume","Welcos Aloe Vera Moisture Real Soothing Gel",,EM-WELC-ALVEMO-3666,800,welcos-aloe-vera-moisture-real-soothing-gel,https://e-mart.com.bd/product/welcos-aloe-vera-moisture-real-soothing-gel/
missing_size,3669,"Korea Red Ginseng","Korean Red Ginseng Tea 50 Bags",,EM-KORE-REGITE-3669,1500,korean-red-ginseng-tea-100-bags,https://e-mart.com.bd/product/korean-red-ginseng-tea-100-bags/
missing_size,3674,Jumiso,"Jumiso Have A Good Cream Snail & Centella",,EM-JUMI-HAGO-3674,1600,jumiso-have-a-good-cream-snail-centella,https://e-mart.com.bd/product/jumiso-have-a-good-cream-snail-centella/
missing_size,3676,Jumiso,"JUMISO All Day Vitamin Nourishing & Recharging Wash-Off Mask",,EM-JUMI-ALDAVI-3676,1600,jumiso-all-day-vitamin-nourishing-recharging-wash-off-mask,https://e-mart.com.bd/product/jumiso-all-day-vitamin-nourishing-recharging-wash-off-mask/
missing_size,3746,"Some By Mi","Some By Mi aha bha pha 30 Days Cleansing Bar",,KC001SBM024,1300,some-by-mi-aha-bha-pha-30-days-cleansing-bar,https://e-mart.com.bd/product/some-by-mi-aha-bha-pha-30-days-cleansing-bar/
missing_size,3750,Acwell,"ACWELL Licorice pH Balancing Cleansing Toner",,kc027aw008,1500,acwell-licorice-ph-balancing-cleansing-toner,https://e-mart.com.bd/product/acwell-licorice-ph-balancing-cleansing-toner/
missing_size,3956,Nacific,"NACIFIC Fresh Herb Origin Kit",,kc013nf021,1500,nacific-fresh-herb-origin-kit,https://e-mart.com.bd/product/nacific-fresh-herb-origin-kit/
missing_size,3961,NEOGEN,"NEOGEN Real Cica Micellar Cleansing Foam",,KC058NGN004,1700,neogen-real-cica-micellar-cleansing-foam,https://e-mart.com.bd/product/neogen-real-cica-micellar-cleansing-foam/
missing_size,4037,Skinfood,"SKINFOOD-Rice Daily Brightening Cleansing Foam",,KO002SF010,1200,skinfood-rice-daily-brightening-cleansing-foam,https://e-mart.com.bd/product/skinfood-rice-daily-brightening-cleansing-foam/
missing_size,4039,Skinfood,"Skinfood Tomato Jelly Tint Lip #1 Cherry Tomato",,KO002SF009,550,skinfood-tomato-jelly-tint-lip-1-cherry-tomato,https://e-mart.com.bd/product/skinfood-tomato-jelly-tint-lip-1-cherry-tomato/
missing_size,4060,Skinfood,"Skinfood Tomato Jelly Tint Lip #2 Berry Tomato",,KO002SF008,550,skinfood-tomato-jelly-tint-lip-2-berry-tomato,https://e-mart.com.bd/product/skinfood-tomato-jelly-tint-lip-2-berry-tomato/
missing_size,4061,Skinfood,"Skinfood Tomato Jelly Tint Lip #3 Orange Tomato",,KO002SF007,550,skinfood-tomato-jelly-tint-lip-3-orange-tomato,https://e-mart.com.bd/product/skinfood-tomato-jelly-tint-lip-3-orange-tomato/
missing_size,4062,Skinfood,"Skinfood Tomato Jelly Tint Lip #4 Milk Tomato",,KO002SF006,550,skinfood-tomato-jelly-tint-lip-4-milk-tomato,https://e-mart.com.bd/product/skinfood-tomato-jelly-tint-lip-4-milk-tomato/
missing_size,4064,innisfree,"innisfree green tea seed hyaluronic cream",,KO003INI008,2200,innisfree-the-green-tea-seed-cream-50ml,https://e-mart.com.bd/product/innisfree-the-green-tea-seed-cream-50ml/
missing_size,4147,Jumiso,"Jumiso Let's Go! Kit",,EM-JUMI-LEGOKI-4147,1700,jumiso-lets-go-kit,https://e-mart.com.bd/product/jumiso-lets-go-kit/
missing_size,4260,Cosrx,"Cosrx Honey Glow Kit Propolis Trial Kit 3 Step",,KO005CR023,1800,cosrx-honey-glow-kit-propolis-trial-kit-3-step,https://e-mart.com.bd/product/cosrx-honey-glow-kit-propolis-trial-kit-3-step/
missing_size,4261,Cosrx,"Cosrx CICA-7 Relief Kit 3 Step",,KO005CR022,1800,cosrx-cica-7-relief-kit-3-step,https://e-mart.com.bd/product/cosrx-cica-7-relief-kit-3-step/
missing_size,18095,Cosrx,"Cosrx Acne Pimple Master Patch 24 Patch",,KO005CR01714,350,cosrx-acne-pimple-master-patch-24-patch,https://e-mart.com.bd/product/cosrx-acne-pimple-master-patch-24-patch/
missing_size,26253,CeraVe,"CeraVe Ultra-Light Moisturizing Lotion Spf30",,UK001CV002,2700,cerave-ultra-light-moisturizing-lotion-spf30,https://e-mart.com.bd/product/cerave-ultra-light-moisturizing-lotion-spf30/
missing_size,26291,innisfree,"Innisfree Intensive Long-Lasting Sunscreen Ex SPF50+ PA++++",,KO003INI0150,1600,innisfree-intensive-long-lasting-sunscreen-spf50-pa-2,https://e-mart.com.bd/product/innisfree-intensive-long-lasting-sunscreen-spf50-pa-2/
missing_size,26544,Skinfood,"SKINFOOD Yuja C Dark Spot Clear Cream",,KO002SF030,2200,skinfood-yuja-c-dark-spot-clear-cream-2,https://e-mart.com.bd/product/skinfood-yuja-c-dark-spot-clear-cream-2/
missing_size,26545,Skinfood,"SKINFOOD Yuja C Dark Spot Clear Essence",,KO002SF029,2700,skinfood-yuja-c-dark-spot-clear-essence-2,https://e-mart.com.bd/product/skinfood-yuja-c-dark-spot-clear-essence-2/
missing_size,26568,Skinfood,"Skinfood Avocado Stick Lip Balm (Rich)",,KO002SF051,700,skinfood-avocado-stick-lip-balm-rich,https://e-mart.com.bd/product/skinfood-avocado-stick-lip-balm-rich/
missing_size,26652,Rovectin,"Rovectin Travel Kit 4 Step",,KO057ROV001,1900,rovectin-travel-kit-4-step-2,https://e-mart.com.bd/product/rovectin-travel-kit-4-step-2/
missing_size,26940,"Thank You Farmer","Thank you Farmer Safe Sun Fluid AGE 0880 SPF50+ PA++++",,KO060TYF004,1800,thank-you-farmer-safe-sun-fluid-age-0880-spf50-pa-2,https://e-mart.com.bd/product/thank-you-farmer-safe-sun-fluid-age-0880-spf50-pa-2/
missing_size,27142,Skylake,"Skylake Oriental Herb Houttuynia Cordata Hair Tonic",,EM-SKYL-ORHEHO-7142,1900,skylake-oriental-herb-houttuynia-cordata-hair-tonic-2,https://e-mart.com.bd/product/skylake-oriental-herb-houttuynia-cordata-hair-tonic-2/
missing_size,27145,Heeyul,"Heeyul Premium 24K Gold Ampoule Cream",,EM-HEEY-PR24GO-7145,1600,heeyul-premium-24k-gold-ampoule-cream-2,https://e-mart.com.bd/product/heeyul-premium-24k-gold-ampoule-cream-2/
missing_size,31919,Technic,"Technic Almond 24 False Nails With Glue - Gloss Purple",,EM-TECH-AL24FA-1919,450,technic-almond-24-false-nails-with-glue-gloss-purple,https://e-mart.com.bd/product/technic-almond-24-false-nails-with-glue-gloss-purple/
missing_size,31924,Technic,"Technic Stiletto 24 False Nails With Glue - Gloss Red",,EM-TECH-ST24FA-1924,450,technic-stiletto-24-false-nails-with-glue-gloss-red,https://e-mart.com.bd/product/technic-stiletto-24-false-nails-with-glue-gloss-red/
missing_size,31925,Technic,"Technic Squareletto 24 False Nails With Glue - Rose Gold Glitter",,EM-TECH-SQ24FA-1925,550,technic-squareletto-24-false-nails-with-glue-rose-gold-glitter,https://e-mart.com.bd/product/technic-squareletto-24-false-nails-with-glue-rose-gold-glitter/
missing_size,36059,M.A.C,"M.A.C Amplified Lipstick",,EM-MAC-AMLI-6059,2350,m-a-c-amplified-lipstick,https://e-mart.com.bd/product/m-a-c-amplified-lipstick/
missing_size,36063,M.A.C,"M.A.C Matte Lipstick - Kinda Sexy",,EM-MAC-MALIKI-6063,2350,m-a-c-matte-lipstick-kinda-sexy,https://e-mart.com.bd/product/m-a-c-matte-lipstick-kinda-sexy/
missing_size,36094,M.A.C,"M.A.C Studio Fix Fluid SPF 15 Foundation- NC 35",,EM-MAC-STFIFL-6094,3850,m-a-c-studio-fix-fluid-spf-15-foundation-nc-35,https://e-mart.com.bd/product/m-a-c-studio-fix-fluid-spf-15-foundation-nc-35/
missing_size,36120,M.A.C,"M.A.C Satin Lipstick - Retro",,EM-MAC-SALIRE-6120,1900,m-a-c-satin-lipstick-retro,https://e-mart.com.bd/product/m-a-c-satin-lipstick-retro/
missing_size,36128,M.A.C,"M.A.C Matte Lipstick",,EM-MAC-MALI-6128,1900-2350,m-a-c-matte-lipstick,https://e-mart.com.bd/product/m-a-c-matte-lipstick/
missing_size,36217,Bioderma,"Bioderma Photoderm AR Sun Active Defense SPF50+PA++++",,EM-BIOD-PHARSU-6217,2450,bioderma-photoderm-ar-tinted-cream-spf50-30ml,https://e-mart.com.bd/product/bioderma-photoderm-ar-tinted-cream-spf50-30ml/
missing_size,36220,Bioderma,"Bioderma Photoderm Pediatrics Lait SPF50+ UVB UVA PA++++",,EM-BIOD-PHPELA-6220,2200,bioderma-photoderm-spot-age-spf50-40ml,https://e-mart.com.bd/product/bioderma-photoderm-spot-age-spf50-40ml/
missing_size,36232,Bioderma,"Bioderma Photoderm M Blue Light Protection Clarifying Gel Cream SPF 50+++",,EM-BIOD-PHBL-6232,3300,bioderma-photoderm-m-sunscreen-cream-face-40ml,https://e-mart.com.bd/product/bioderma-photoderm-m-sunscreen-cream-face-40ml/
missing_size,36929,"The Body Shop","The Body Shop Born Lippy Pot Lip Balm - Watermelon",,EM-THEB-BOSHBO-6929,325,the-body-shop-born-lippy-pot-lip-balm-watermelon,https://e-mart.com.bd/product/the-body-shop-born-lippy-pot-lip-balm-watermelon/
missing_size,36938,"The Body Shop","The Body Shop Born Lippy Pot Lip Balm - Satsuma Shimmer",,EM-THEB-BOSHBO-6938,400,the-body-shop-born-lippy-pot-lip-balm-satsuma-shimmer,https://e-mart.com.bd/product/the-body-shop-born-lippy-pot-lip-balm-satsuma-shimmer/
missing_size,36941,"The Body Shop","The Body Shop Mascara Super Volume",,EM-THEB-BOSHMA-6941,1050,the-body-shop-mascara-super-volume,https://e-mart.com.bd/product/the-body-shop-mascara-super-volume/
missing_size,36947,"The Body Shop","The Body Shop Tea Tree Flawless BB Cream- 02 Medium",,EM-THEB-BOSHTE-6947,1030,the-body-shop-tea-tree-flawless-bb-cream-02-medium,https://e-mart.com.bd/product/the-body-shop-tea-tree-flawless-bb-cream-02-medium/
missing_size,36950,"The Body Shop","The Body Shop Tea Tree Flawless BB Cream- 03 Dark",,EM-THEB-BOSHTE-6950,1250,the-body-shop-tea-tree-flawless-bb-cream-03-dark,https://e-mart.com.bd/product/the-body-shop-tea-tree-flawless-bb-cream-03-dark/
missing_size,36953,"The Body Shop","The Body Shop All In One Instablur",,EM-THEB-BOSHAL-6953,2025,the-body-shop-all-in-one-instablur,https://e-mart.com.bd/product/the-body-shop-all-in-one-instablur/
missing_size,36956,"The Body Shop","The Body Shop Shimmer Waves- Bronze",,EM-THEB-BOSHSH-6956,2500,the-body-shop-shimmer-waves-bronze,https://e-mart.com.bd/product/the-body-shop-shimmer-waves-bronze/
missing_size,36962,L'Oreal,"L’Oreal Paris Infallible Primer Anti Redness 02",,EM-LORE-PAINPR-6962,760,loreal-paris-infallible-primer-anti-redness-02,https://e-mart.com.bd/product/loreal-paris-infallible-primer-anti-redness-02/
missing_size,36965,L'Oreal,"L’Oreal Infallible Pro-Matte 100 Porcelain",,EM-LORE-INPR10-6965,1450,loreal-infallible-pro-matte-100-porcelain,https://e-mart.com.bd/product/loreal-infallible-pro-matte-100-porcelain/
missing_size,36974,Neutrogena,"Neutrogena VISIBLY CLEAR Pink Grapefruit Daily Scrub",,EM-NEUT-VICLPI-6974,850,neutrogena-visibly-clear-pink-grapefruit-daily-scrub,https://e-mart.com.bd/product/neutrogena-visibly-clear-pink-grapefruit-daily-scrub/
missing_size,37068,Maybelline,"Maybelline Baby Skin Instant Pore Eraser (UK)",,EM-MAYB-BASKIN-7068,750,maybelline-baby-skin-instant-pore-eraser-uk,https://e-mart.com.bd/product/maybelline-baby-skin-instant-pore-eraser-uk/
missing_size,37147,Maybelline,"Maybelline Fit Me Concealer 10 Fair",,EM-MAYB-FIMECO-7147,900,maybelline-fit-me-concealer-10-fair,https://e-mart.com.bd/product/maybelline-fit-me-concealer-10-fair/
missing_size,37161,Maybelline,"Maybelline Age Rewind Concealer 110 Fair",,EM-MAYB-AGRECO-7161,1215,maybelline-age-rewind-concealer-110-fair,https://e-mart.com.bd/product/maybelline-age-rewind-concealer-110-fair/
missing_size,37166,Maybelline,"Maybelline Fit Me Dewy+Smooth Foundation - 230 Natural Buff",,EM-MAYB-FIMEDE-7166,1250,maybelline-fit-me-dewysmooth-foundation-230-natural-buff,https://e-mart.com.bd/product/maybelline-fit-me-dewysmooth-foundation-230-natural-buff/
missing_size,37175,Maybelline,"Maybelline Instant Age Rewind Eraser Dark Circles Treatment Concealer 110 Fair",,EM-MAYB-INAGRE-7175,1250,maybelline-instant-age-rewind-eraser-dark-circles-treatment-concealer-110-fair,https://e-mart.com.bd/product/maybelline-instant-age-rewind-eraser-dark-circles-treatment-concealer-110-fair/
missing_size,37181,Maybelline,"Maybelline Fit Me Dewy+Smooth Foundation- Porcelain 110",,EM-MAYB-FIMEDE-7181,1250,maybelline-fit-me-dewysmooth-foundation-porcelain-110,https://e-mart.com.bd/product/maybelline-fit-me-dewysmooth-foundation-porcelain-110/
missing_size,37190,Maybelline,"Maybelline Fit Me Matte + Poreless Foundation- Tofee 330",,EM-MAYB-FIMEMA-7190,1250,maybelline-fit-me-matte-poreless-foundation-tofee-330,https://e-mart.com.bd/product/maybelline-fit-me-matte-poreless-foundation-tofee-330/
missing_size,37197,Maybelline,"Maybelline Fit Me Matte+Poreless Pressed Powder - Sun Beige 310",,EM-MAYB-FIMEMA-7197,1050,maybelline-fit-me-matteporeless-pressed-powder-sun-beige-310,https://e-mart.com.bd/product/maybelline-fit-me-matteporeless-pressed-powder-sun-beige-310/
missing_size,37205,Maybelline,"Maybelline Fit Me Matte+Poreless Pressed Powder - Natural Buff 230",,EM-MAYB-FIMEMA-7205,1050,maybelline-fit-me-matteporeless-pressed-powder-natural-buff-230,https://e-mart.com.bd/product/maybelline-fit-me-matteporeless-pressed-powder-natural-buff-230/
missing_size,37217,Maybelline,"Maybelline Instant Age Rewind Eraser Dark Circles Treatment Concealer 100 Ivory",,EM-MAYB-INAGRE-7217,1250,maybelline-instant-age-rewind-eraser-dark-circles-treatment-concealer-100-ivory,https://e-mart.com.bd/product/maybelline-instant-age-rewind-eraser-dark-circles-treatment-concealer-100-ivory/
missing_size,37229,Maybelline,"Maybelline Fit Me Set+Smooth Pressed Powder - Golden Beige 240",,EM-MAYB-FIMESE-7229,1050,maybelline-fit-me-setsmooth-pressed-powder-golden-beige-240,https://e-mart.com.bd/product/maybelline-fit-me-setsmooth-pressed-powder-golden-beige-240/
missing_size,37235,Maybelline,"Maybelline Dream Liquid Mousse Foundation- Pure Beige 70",,EM-MAYB-DRLIMO-7235,1526,maybelline-dream-liquid-mousse-foundation-pure-beige-70,https://e-mart.com.bd/product/maybelline-dream-liquid-mousse-foundation-pure-beige-70/
missing_size,37241,Maybelline,"Maybelline Master Fix By Face Studio",,EM-MAYB-MAFIBY-7241,1700,maybelline-master-fix-by-face-studio,https://e-mart.com.bd/product/maybelline-master-fix-by-face-studio/
missing_size,37246,Maybelline,"Maybelline Fit Me Matte+Poreless Pressed Powder",,EM-MAYB-FIMEMA-7246,1050,maybelline-fit-me-matteporeless-pressed-powder,https://e-mart.com.bd/product/maybelline-fit-me-matteporeless-pressed-powder/
missing_size,37253,Maybelline,"Maybelline Fit Me Dewy+Smooth Foundation- Ivory 115",,EM-MAYB-FIMEDE-7253,1250,maybelline-fit-me-dewysmooth-foundation-ivory-115,https://e-mart.com.bd/product/maybelline-fit-me-dewysmooth-foundation-ivory-115/
missing_size,37264,Maybelline,"Maybelline Dream Liquid Mousse Foundation- Porecelain Ivory 10 (Light 1)",,EM-MAYB-DRLIMO-7264,1525,maybelline-dream-liquid-mousse-foundation-porecelain-ivory-10-light-1,https://e-mart.com.bd/product/maybelline-dream-liquid-mousse-foundation-porecelain-ivory-10-light-1/
missing_size,37277,Maybelline,"Maybelline Expert Wear Eyeshadow Quads 07Q Luminous Lilacs",,EM-MAYB-EXWEEY-7277,780,maybelline-expert-wear-eyeshadow-quads-07q-luminous-lilacs,https://e-mart.com.bd/product/maybelline-expert-wear-eyeshadow-quads-07q-luminous-lilacs/
missing_size,37289,Maybelline,"Maybelline Fit Me Set+Smooth Pressed Powder",,EM-MAYB-FIMESE-7289,1050,maybelline-fit-me-setsmooth-pressed-powder,https://e-mart.com.bd/product/maybelline-fit-me-setsmooth-pressed-powder/
missing_size,37292,Maybelline,"Maybelline Color Elixir Lip Gloss-Radiant Ruby",,EM-MAYB-COELLI-7292,1175,maybelline-color-elixir-lip-gloss-radiant-ruby,https://e-mart.com.bd/product/maybelline-color-elixir-lip-gloss-radiant-ruby/
missing_size,37295,Maybelline,"Maybelline Color Elixir Lip Gloss-Opalescent Orchid",,EM-MAYB-COELLI-7295,1175,maybelline-color-elixir-lip-gloss-opalescent-orchid,https://e-mart.com.bd/product/maybelline-color-elixir-lip-gloss-opalescent-orchid/
missing_size,37298,Maybelline,"Maybelline Fit Me Dewy+Smooth Foundation- Golden Beige 240",,EM-MAYB-FIMEDE-7298,1250,maybelline-fit-me-dewysmooth-foundation-golden-beige-240,https://e-mart.com.bd/product/maybelline-fit-me-dewysmooth-foundation-golden-beige-240/
missing_size,37301,Maybelline,"Maybelline Fit Me Dewy+Smooth Foundation- Nude Beige 125",,EM-MAYB-FIMEDE-7301,1250,maybelline-fit-me-dewysmooth-foundation-nude-beige-125,https://e-mart.com.bd/product/maybelline-fit-me-dewysmooth-foundation-nude-beige-125/
missing_size,37307,Maybelline,"Maybelline Fit Me Matte + Poreless Foundation- True Beige 222",,EM-MAYB-FIMEMA-7307,1250,maybelline-fit-me-matte-poreless-foundation-true-beige-222,https://e-mart.com.bd/product/maybelline-fit-me-matte-poreless-foundation-true-beige-222/
missing_size,37310,Maybelline,"Maybelline Fit Me Set+Smooth Pressed Powder - Medium Buff 225",,EM-MAYB-FIMESE-7310,1050,maybelline-fit-me-setsmooth-pressed-powder-medium-buff-225,https://e-mart.com.bd/product/maybelline-fit-me-setsmooth-pressed-powder-medium-buff-225/
missing_size,37319,Maybelline,"Maybelline Master Smoky Scorching- Brown",,EM-MAYB-MASMSC-7319,800,maybelline-master-smoky-scorching-brown,https://e-mart.com.bd/product/maybelline-master-smoky-scorching-brown/
missing_size,37992,Aveeno,"Nair Hair Remover Body 20 Wax Strips",,EM-NAIR-HAREBO-7992,575,nair-hair-remover-body-20-wax-strips,https://e-mart.com.bd/product/nair-hair-remover-body-20-wax-strips/
missing_size,38003,Aveeno,"Nair Facial Wax Strips, Pack of 12",,EM-NAIR-FAWAST-8003,500,nair-facial-wax-strips-pack-of-12,https://e-mart.com.bd/product/nair-facial-wax-strips-pack-of-12/
missing_size,38109,Ponds,"Pond’s Super Light Gel Moisturiser",,EM-POND-SULIGE-8109,545,ponds-super-light-gel-moisturiser,https://e-mart.com.bd/product/ponds-super-light-gel-moisturiser/
missing_size,38113,"Nature Republic","Nature Republic Soothing & Moisture Aloe Vera 92% Soothing Gel",,EM-NATU-RESOAM-8113,990,nature-republic-soothing-moisture-aloe-vera-92-soothing-gel-2,https://e-mart.com.bd/product/nature-republic-soothing-moisture-aloe-vera-92-soothing-gel-2/
missing_size,38145,Unilever,"Skin Cafe Organic Extra Virgin Olive Oil",,EM-SKIN-CAOREX-8145,720,skin-cafe-organic-extra-virgin-olive-oil,https://e-mart.com.bd/product/skin-cafe-organic-extra-virgin-olive-oil/
missing_size,38172,Jigott,"Jigott Natural Aloe Vera Moisture Soothing Gel",,EM-JIGO-NAALVE-8172,650,jigott-natural-aloe-vera-moisture-soothing-gel,https://e-mart.com.bd/product/jigott-natural-aloe-vera-moisture-soothing-gel/
missing_size,38175,Jigott,"Jigott Whitening Activated Cream",,EM-JIGO-WHACCR-8175,1035,jigott-whitening-activated-cream,https://e-mart.com.bd/product/jigott-whitening-activated-cream/
missing_size,38184,Nivea,"NIVEA Soft Light Moisturising Cream (Jar)",,EM-NIVE-SOLIMO-8184,473,nivea-soft-light-moisturising-cream-jar,https://e-mart.com.bd/product/nivea-soft-light-moisturising-cream-jar/
missing_size,38187,"Some By Mi","Some By Mi AHA.BHA.PHA 30 Days Miracle Cream",,EM-SOME-BYMIAH-8187,1700,some-by-mi-aha-bha-pha-30-days-miracle-cream,https://e-mart.com.bd/product/some-by-mi-aha-bha-pha-30-days-miracle-cream/
missing_size,38190,Skincafe,"Neko Mao Rejuvenation Premium Gold Brightening Cream",,EM-NEKO-MAREPR-8190,250,neko-mao-rejuvenation-premium-gold-brightening-cream,https://e-mart.com.bd/product/neko-mao-rejuvenation-premium-gold-brightening-cream/
missing_size,38196,Nekoma,"Neko Mao Whitening Cream Bright Skin",,EM-NEKO-MAWHCR-8196,145,neko-mao-whitening-cream-bright-skin,https://e-mart.com.bd/product/neko-mao-whitening-cream-bright-skin/
missing_size,38212,Jigott,"Jigott Turmeric Moisturizing Soothing Gel",,EM-JIGO-TUMOSO-8212,1050,jigott-turmeric-moisturizing-soothing-gel,https://e-mart.com.bd/product/jigott-turmeric-moisturizing-soothing-gel/
missing_size,38275,Farmstay,"FarmStay Aloe Vera Moisture Soothing Gel",,EM-FARM-ALVEMO-8275,1000,farm-stay-aloe-vera-moisture-soothing-gel,https://e-mart.com.bd/product/farm-stay-aloe-vera-moisture-soothing-gel/
missing_size,38295,NEOGEN,"NEOGEN - Dermalogy Black Energy Cream",,EM-NEOG-DEBLEN-8295,1850,neogen-dermalogy-black-energy-cream,https://e-mart.com.bd/product/neogen-dermalogy-black-energy-cream/
missing_size,43762,"Cos De Baha","Cos De BAHA Alcohol Free Acne Treatment Intensive Facial Serum (AC) 30",,EM-COSD-DEBAAL-3762,1300,cos-de-baha-alcohol-free-acne-treatment-intensive-facial-serum-ac-60ml,https://e-mart.com.bd/product/cos-de-baha-alcohol-free-acne-treatment-intensive-facial-serum-ac-60ml/
missing_size,43862,Cosrx,"Cosrx Cica-7 Relief Kit- 3 Step",,EM-COSR-CIREKI-3862,1800,cosrx-cica-7-relief-kit-3-step-2,https://e-mart.com.bd/product/cosrx-cica-7-relief-kit-3-step-2/
missing_size,43874,Cosrx,"Cosrx Favorites Bestsellers Set",,ko0023cos254,2000,cosrx-favorites-bestsellers-set,https://e-mart.com.bd/product/cosrx-favorites-bestsellers-set/
missing_size,43892,Axis-Y,"Axis-Y The Mini Glow Set",,EM-AXIS-THMIGL-3892,1500,axis-y-the-mini-glow-set,https://e-mart.com.bd/product/axis-y-the-mini-glow-set/
missing_size,43897,Cosrx,"Cosrx Honey Glow Kit- 3 Step",,EM-COSR-HOGLKI-3897,1800,cosrx-honey-glow-kit-3-step,https://e-mart.com.bd/product/cosrx-honey-glow-kit-3-step/
missing_size,48655,vaseline,"Vaseline Lip Therapy - Rosy Lips",,EM-VASE-LITHRO-8655,250,vaseline-lip-therapy-rosy-lips,https://e-mart.com.bd/product/vaseline-lip-therapy-rosy-lips/
missing_size,48689,vaseline,"Vaseline Body Lotion Intensive Care Cocoa Radiant",,EM-VASE-BOLOIN-8689,500,vaseline-body-lotion-intensive-care-cocoa-radiant,https://e-mart.com.bd/product/vaseline-body-lotion-intensive-care-cocoa-radiant/
missing_size,48722,vaseline,"Vaseline Intensive Care Cocoa Glow Body Cream",,EM-VASE-INCACO-8722,550,vaseline-intensive-care-cocoa-glow-body-cream,https://e-mart.com.bd/product/vaseline-intensive-care-cocoa-glow-body-cream/
missing_size,50505,iUNIK,"IUNIK Centella Calming Vegan Moisture SPF 50+ PA++++",,kc015ink016,1500,iunik-centella-calming-vegan-moisture-spf-50-pa,https://e-mart.com.bd/product/iunik-centella-calming-vegan-moisture-spf-50-pa/
missing_size,50515,"Beauty of Joseon","Beauty of Joseon Hanbang Serum Discovery Kit ( 4 serum)",,kc015ink0165-1,1900,beauty-of-joseon-hanbang-serum-discovery-kit-4-serum,https://e-mart.com.bd/product/beauty-of-joseon-hanbang-serum-discovery-kit-4-serum/
missing_size,50616,innisfree,"Innisfree Volcanic Pore BHA Cleansing Foam 150m",,KO003INI053-1,1500,innisfree-volcanic-pore-bha-cleansing-foam-150m,https://e-mart.com.bd/product/innisfree-volcanic-pore-bha-cleansing-foam-150m/
missing_size,50863,Biore,"KAO BIORE UV Watery Gel SPF 50+ PA++++ Aqua Rich Cool - Ultimate Sun Protection for Everyday Use",,EM-BIOR-BIUVWA-0863,1500,biore-uv-watery-gel-spf-50-pa-aqua-rich-cool-ultimate-sun-protection-for-everyday-use,https://e-mart.com.bd/product/biore-uv-watery-gel-spf-50-pa-aqua-rich-cool-ultimate-sun-protection-for-everyday-use/
missing_size,50878,"Purito Seoul","PURITO SEOUL Wonder Releaf Centella Eye Cream Unscented",,KO007PUR0161,1500,purito-seoul-wonder-releaf-centella-eye-cream-unscented,https://e-mart.com.bd/product/purito-seoul-wonder-releaf-centella-eye-cream-unscented/
missing_size,50881,"Rohto Mentholatum","Rohto Mentholatum Hada Labo Shirojyun Premium Whitening Lotion 170m - light",,EM-ROHT-MEHALA-0881,2200,rohto-mentholatum-hada-labo-shirojyun-premium-whitening-lotion-170m-light,https://e-mart.com.bd/product/rohto-mentholatum-hada-labo-shirojyun-premium-whitening-lotion-170m-light/
missing_size,51079,Dabo,"Dabo GOLD MY JIN Korea Red Ginseng Aqua Wrinkle & Whitening Cream",,kc001inni0011117,1600,dabo-gold-my-jin-korea-red-ginseng-aqua-wrinkle-whitening-cream,https://e-mart.com.bd/product/dabo-gold-my-jin-korea-red-ginseng-aqua-wrinkle-whitening-cream/
missing_size,51673,ISNTREE,"Isntree Onion newpair Sunscreen SPF40 PA+++",,KO0019ISN007111,2000,isntree-onion-newpair-sunscreen-50ml-spf40-pa,https://e-mart.com.bd/product/isntree-onion-newpair-sunscreen-50ml-spf40-pa/
missing_size,51687,ISNTREE,"Isntree Hyaluronic Acid Airy Sun Stick SPF 50+ PA++++",,KO0019ISN0071112,2000,isntree-hyaluronic-acid-airy-sun-stick-spf-50-pa-0-77-oz,https://e-mart.com.bd/product/isntree-hyaluronic-acid-airy-sun-stick-spf-50-pa-0-77-oz/
missing_size,51704,Cosrx,"Cosrx The Retinol 0.1 Cream",,EM-COSR-THRE01-1704,2000,cosrx-the-retinol-0-1-cream,https://e-mart.com.bd/product/cosrx-the-retinol-0-1-cream/
missing_size,56271,"Some By Mi","Some By Mi Retinol Intense Trial Kit Set",,ko003sbm0541-1,1500,some-by-mi-retinol-intense-trial-kit-set,https://e-mart.com.bd/product/some-by-mi-retinol-intense-trial-kit-set/
missing_size,56306,Mixsoon,"MIXSOON Bean Cleansing Oil 195m",,kc49mix001-1-1,1900,mixsoon-bean-cleansing-oil-195m,https://e-mart.com.bd/product/mixsoon-bean-cleansing-oil-195m/
missing_size,57122,Anua,"Anua Heartleaf Soothing Trial Kit 4 item",,anua000561,2100,anua-heartleaf-soothing-trial-kit-4-item,https://e-mart.com.bd/product/anua-heartleaf-soothing-trial-kit-4-item/
missing_size,58014,"Mary & May","Mary & May Niacinanide Vitamin C Brightening Mask 30ea",,EM-MARY-MANIVI-8014,2300,mary-may-niacinanide-vitamin-c-brightening-mask-30ea,https://e-mart.com.bd/product/mary-may-niacinanide-vitamin-c-brightening-mask-30ea/
missing_size,58027,"Mary & May","Mary&May Premium Idebenon Blackberry Complex Essence Mask 20EA",,EM-MARY-PRIDBL-8027,2500,marymay-premium-idebenon-blackberry-complex-essence-mask-20ea,https://e-mart.com.bd/product/marymay-premium-idebenon-blackberry-complex-essence-mask-20ea/
missing_size,58663,Medicube,"Makeup Revolution 10% Niacinamide and 1% Zinc Blemish & Pore Serum",,EM-MAKE-RE10NI-8663,1350,makeup-revolution-10-niacinamide-and-1-zinc-blemish-pore-serum,https://e-mart.com.bd/product/makeup-revolution-10-niacinamide-and-1-zinc-blemish-pore-serum/
missing_size,59223,APLB,"APLB Collagen EGF Peptide E Beauty Tablet",,KO005CR042888,1300,aplb-collagen-egf-peptide-e-beauty-tablet,https://e-mart.com.bd/product/aplb-collagen-egf-peptide-e-beauty-tablet/
missing_size,59631,SKIN1004,"SKIN1004 Madagascar Centella Travel Kit 5 Items",,skin001-31-1-3-1-1-1,2700,skin1004-madagascar-centella-travel-kit-5-items,https://e-mart.com.bd/product/skin1004-madagascar-centella-travel-kit-5-items/
missing_size,59719,Anua,"ANUA Heartleaf 77 Clear Pad 70ea",,kc100anu001-1-3-2-1-1-1-1-1,2500,anua-heartleaf-77-clear-pad-70ea,https://e-mart.com.bd/product/anua-heartleaf-77-clear-pad-70ea/
missing_size,60071,Jigott,"Rice brightening combo",,EM-RICE-BRCO-0071,2500,rice-brightening-combo,https://e-mart.com.bd/product/rice-brightening-combo/
missing_size,60087,Dabo,"Dabo First Solution Mask Pack (Sheet Mask) - HYALURONIC",,KB-DABO004,130,dabo-first-solution-mask-pack-sheet-mask-hyaluronic,https://e-mart.com.bd/product/dabo-first-solution-mask-pack-sheet-mask-hyaluronic/
missing_size,60089,Dabo,"Dabo First Solution Mask Pack (Sheet Mask) - COLLAGEN",,KB-DABO005,130,dabo-first-solution-mask-pack-sheet-mask-collagen,https://e-mart.com.bd/product/dabo-first-solution-mask-pack-sheet-mask-collagen/
missing_size,60097,Dabo,"Dabo First Solution Mask Pack (Sheet Mask) - WHITE PEARL",,KB-DABO007,130,dabo-first-solution-mask-pack-sheet-mask-white-pearl,https://e-mart.com.bd/product/dabo-first-solution-mask-pack-sheet-mask-white-pearl/
missing_size,60103,"Nature Skin","Nature Skin Brightening UV Protection Multi Sun Cream SPF 50+ PA+++",,KB-NATU003,620,nature-skin-brightening-uv-protection-multi-sun-cream-spf-50-pa,https://e-mart.com.bd/product/nature-skin-brightening-uv-protection-multi-sun-cream-spf-50-pa/
missing_size,60142,Dabo,"Dabo First Solution Mask Pack (Sheet Mask) - TEA TREE",,KB-DABO010,100.0,dabo-first-solution-mask-pack-sheet-mask-tea-tree,https://e-mart.com.bd/product/dabo-first-solution-mask-pack-sheet-mask-tea-tree/
missing_size,60152,Dabo,"Dabo First Solution Mask Pack (Sheet Mask) - SNAIL GOLD",,KB-DABO014,100.0,dabo-first-solution-mask-pack-sheet-mask-snail-gold,https://e-mart.com.bd/product/dabo-first-solution-mask-pack-sheet-mask-snail-gold/
missing_size,60154,Dabo,"Dabo First Solution Mask Pack (Sheet Mask) - CUCUMBER",,KB-DABO015,100.0,dabo-first-solution-mask-pack-sheet-mask-cucumber,https://e-mart.com.bd/product/dabo-first-solution-mask-pack-sheet-mask-cucumber/
missing_size,60158,Dabo,"Dabo First Solution Mask Pack (Sheet Mask) - ROSE",,KB-DABO017,100.0,dabo-first-solution-mask-pack-sheet-mask-rose,https://e-mart.com.bd/product/dabo-first-solution-mask-pack-sheet-mask-rose/
missing_size,60162,Dabo,"Dabo First Solution Mask Pack (Sheet Mask) - LEMON",,KB-DABO019,100.0,dabo-first-solution-mask-pack-sheet-mask-lemon,https://e-mart.com.bd/product/dabo-first-solution-mask-pack-sheet-mask-lemon/
missing_size,60168,"Nature Skin","Nature Skin CICA Calming Tone Up Sun Cream SPF50+ PA+++",,KB-NATU004,750.0,nature-skin-cica-calming-tone-up-sun-cream-spf50-pa,https://e-mart.com.bd/product/nature-skin-cica-calming-tone-up-sun-cream-spf50-pa/
missing_size,60186,Dabo,"Dabo First Solution Mask Pack (Sheet Mask) - GREEN TEA",,KB-DABO025,100.0,dabo-first-solution-mask-pack-sheet-mask-green-tea,https://e-mart.com.bd/product/dabo-first-solution-mask-pack-sheet-mask-green-tea/
missing_size,60202,Dabo,"Dabo First Solution Mask Pack (Sheet Mask) - ALOEVERA",,KB-DABO032,100.0,dabo-first-solution-mask-pack-sheet-mask-aloevera,https://e-mart.com.bd/product/dabo-first-solution-mask-pack-sheet-mask-aloevera/
missing_size,60216,Dabo,"DABO 7 in 1 Moisture Sherbet Cream",,KB-DABO037,1100.0,dabo-7-in-1-moisture-sherbet-cream,https://e-mart.com.bd/product/dabo-7-in-1-moisture-sherbet-cream/
missing_size,60226,Dabo,"Dabo Make Up No Sebum Rose Pact SPF36 PA+++ 23 Medium",,KB-DABO042,900.0,dabo-make-up-no-sebum-rose-pact-spf36-pa-23-medium,https://e-mart.com.bd/product/dabo-make-up-no-sebum-rose-pact-spf36-pa-23-medium/
missing_size,60354,"Korean Home Acc.","Korean Electric Bed Heater",,KB-KOBA006,5500.0,korean-electric-bed-heater,https://e-mart.com.bd/product/korean-electric-bed-heater/
missing_size,60400,Dabo,"DABO 7 in 1 Nutrition Amino Cream",,KB-DABO082,1100.0,dabo-7-in-1-nutrition-amino-cream,https://e-mart.com.bd/product/dabo-7-in-1-nutrition-amino-cream/
missing_size,60410,Illiyoon,"ILLIYOON Upgrade Ceramide Ato Trial Kit",,KB-ILLI011,1670.0,illiyoon-upgrade-ceramide-ato-trial-kit,https://e-mart.com.bd/product/illiyoon-upgrade-ceramide-ato-trial-kit/
missing_size,60458,"Clean Lab","Clean Lab Rubber Gloves -Pink Large",,KB-KOBA008,560.0,clean-lab-rubber-gloves-pink-large,https://e-mart.com.bd/product/clean-lab-rubber-gloves-pink-large/
missing_size,60590,"Korean Home Acc.","Double-Layered Korean Comforter - Soft, Warm, and Elegant",,KB-KOBA011,11000.0,double-layered-korean-comforter-soft-warm-and-elegant,https://e-mart.com.bd/product/double-layered-korean-comforter-soft-warm-and-elegant/
missing_size,60592,"Korean Home Acc.","Double-Layered Korean Blanket - Soft, Warm, and Elegant",,KB-KOBA012,9200.0,double-layered-korean-blanket-soft-warm-and-elegant,https://e-mart.com.bd/product/double-layered-korean-blanket-soft-warm-and-elegant/
missing_size,60627,Enguun,"Enguun Mask Pack -Sheet Mask - VITAMIN C",,KB-ENGU001,140.0,enguun-mask-pack-sheet-mask-vitamin-c,https://e-mart.com.bd/product/enguun-mask-pack-sheet-mask-vitamin-c/
missing_size,60629,Enguun,"Enguun Mask Pack -Sheet Mask - HYALURONIC ACID",,KB-ENGU002,140.0,enguun-mask-pack-sheet-mask-hyaluronic-acid,https://e-mart.com.bd/product/enguun-mask-pack-sheet-mask-hyaluronic-acid/
missing_size,60631,Enguun,"Enguun Mask Pack -Sheet Mask - HEART LEAF",,KB-ENGU003,140.0,enguun-mask-pack-sheet-mask-heart-leaf,https://e-mart.com.bd/product/enguun-mask-pack-sheet-mask-heart-leaf/
missing_size,60633,Enguun,"Enguun Mask Pack -Sheet Mask - COLLAGEN",,KB-ENGU004,140.0,enguun-mask-pack-sheet-mask-collagen,https://e-mart.com.bd/product/enguun-mask-pack-sheet-mask-collagen/
missing_size,60677,Maxim,"Maxim Maxim White Gold Coffee Mix 100 Sticks",,KB-MAXI002,3500.0,maxim-maxim-white-gold-coffee-mix-100-sticks,https://e-mart.com.bd/product/maxim-maxim-white-gold-coffee-mix-100-sticks/
missing_size,60699,Kerasys,"Kerasys Amino Acid & Protein Permanent Hair Color - NATURAL BLACK",,KB-KERA015,1050.0,kerasys-amino-acid-protein-permanent-hair-color-natural-black,https://e-mart.com.bd/product/kerasys-amino-acid-protein-permanent-hair-color-natural-black/
missing_size,60727,Anjo,"Anjo Professional 24K Gold Skin Care 6 Set",,KB-ANJO003,9000.0,anjo-professional-24k-gold-skin-care-6-set,https://e-mart.com.bd/product/anjo-professional-24k-gold-skin-care-6-set/
missing_size,60750,"Emart Combo","3-Step Korean Skincare Combo for Redness, Acne & Sensitive Skin",,3-skscfras-COMBO,5850,3-step-korean-skincare-combo-for-redness-acne-sensitive-skin,https://e-mart.com.bd/product/3-step-korean-skincare-combo-for-redness-acne-sensitive-skin/
missing_size,60754,Anua,"Anua Heartleaf Pore Control Double Cleansing Combo",,ahpcdc-COMBO,3850,anua-heartleaf-pore-control-double-cleansing-combo,https://e-mart.com.bd/product/anua-heartleaf-pore-control-double-cleansing-combo/
missing_size,60756,"Emart Combo","Dark Spot & Brightening Combo for Glowing Skin",,dabcfgs-COMBO,3450,dark-spot-brightening-combo-for-glowing-skin,https://e-mart.com.bd/product/dark-spot-brightening-combo-for-glowing-skin/
missing_size,60760,Dabo,"DABO T-Tree Cica Complete Acne Solution Combo Ship",,dtccas-COMBOFree,3980,dabo-t-tree-cica-complete-acne-solution-combo-ship,https://e-mart.com.bd/product/dabo-t-tree-cica-complete-acne-solution-combo-ship/
missing_size,60762,Dabo,"DABO Brightening & Repair Skincare Combo",,dbrs-COMBO,1930,dabo-brightening-repair-skincare-combo,https://e-mart.com.bd/product/dabo-brightening-repair-skincare-combo/
missing_size,60764,"Emart Combo","Melasma & Dark Spot Solution Combo",,mdss-COMBO,3350,melasma-dark-spot-solution-combo,https://e-mart.com.bd/product/melasma-dark-spot-solution-combo/
missing_size,60779,"Dr. Gilla","Dr. Gilla Revitaluxe Hydration Enhancer Egf Mask 25",,8809675774573,180,dr-gilla-revitaluxe-hydration-enhancer-egf-mask-25,https://e-mart.com.bd/product/dr-gilla-revitaluxe-hydration-enhancer-egf-mask-25/
missing_size,60789,"Emart Combo","Anti-Acne + Skin Repair Combo",,aasCombo,2680,anti-acne-skin-repair-combo,https://e-mart.com.bd/product/anti-acne-skin-repair-combo/
missing_size,60793,Dabo,"Student Combo: Dabo Rice Cleanser + Dabo Snail Moisturizer",,studentComboDRCDSM,1280,student-combo-dabo-rice-cleanser-dabo-snail-moisturizer,https://e-mart.com.bd/product/student-combo-dabo-rice-cleanser-dabo-snail-moisturizer/
missing_size,60795,Dabo,"Dabo Pink Collagen PDRN Cream, Serum & Toner - Combo",,dabopinkpdrncst,3450,dabo-pink-collagen-pdrn-cream-serum-toner-combo,https://e-mart.com.bd/product/dabo-pink-collagen-pdrn-cream-serum-toner-combo/
missing_size,60811,"Emart Combo","Sensitive Skin Care Combo: S.O.S Recovery CICA Cream, Nature Skin Salicylic Acid, Green Tomato Ampoule",,sensitiveSkinCombo1,3150,sensitive-skin-care-combo-s-o-s-recovery-cica-cream-nature-skin-salicylic-acid-green-tomato-ampoule,https://e-mart.com.bd/product/sensitive-skin-care-combo-s-o-s-recovery-cica-cream-nature-skin-salicylic-acid-green-tomato-ampoule/
missing_size,60813,Bellflower,"Best Glowing Skin Combo",,BGS-combo,1580,best-glowing-skin-combo,https://e-mart.com.bd/product/best-glowing-skin-combo/
missing_size,60815,Dabo,"Dabo Winter Moisturizing Combo",,dwm-COMBO,2200,dabo-winter-moisturizing-combo,https://e-mart.com.bd/product/dabo-winter-moisturizing-combo/
missing_size,60817,"Emart Combo","3-Step Glass Skin Glow Combo",,sgsg-COMBO,4400,3-step-glass-skin-glow-combo,https://e-mart.com.bd/product/3-step-glass-skin-glow-combo/
missing_size,60819,Dabo,"Dabo 4-Step Glass Skin Combo",,dsgs-COMBO,4260,dabo-4-step-glass-skin-combo,https://e-mart.com.bd/product/dabo-4-step-glass-skin-combo/
missing_size,60823,Bellflower,"Korean Winter Brightening Combo",,Kwb-COMBO,3230,korean-winter-brightening-combo,https://e-mart.com.bd/product/korean-winter-brightening-combo/
missing_size,60825,Bellflower,"Korean 3-Step Brightening Glow Combo",,Ksbg-COMBO,2230,korean-3-step-brightening-glow-combo,https://e-mart.com.bd/product/korean-3-step-brightening-glow-combo/
missing_size,60827,"Emart Combo","Hyperpigmentation & Acne Scar Solution Combo",,Hass-COMBO,4450,hyperpigmentation-acne-scar-solution-combo,https://e-mart.com.bd/product/hyperpigmentation-acne-scar-solution-combo/
missing_size,60829,"Emart Combo","Glass Skin Brightening Rice Combo",,Gsbr-COMBO,4660,glass-skin-brightening-rice-combo,https://e-mart.com.bd/product/glass-skin-brightening-rice-combo/
missing_size,60831,Essance,"Essance Pearl Whitening Cream And Toner",,Epwt-COMBO,2760,essance-pearl-whitening-cream-and-toner,https://e-mart.com.bd/product/essance-pearl-whitening-cream-and-toner/
missing_size,60833,Dabo,"DABO Black Snail Repair & Glow Combo",,dbsrg-COMBO,3430,dabo-black-snail-repair-glow-combo,https://e-mart.com.bd/product/dabo-black-snail-repair-glow-combo/
missing_size,60835,Dabo,"DABO Basic Skincare Combo",,dbs-COMBO,1930,dabo-basic-skincare-combo,https://e-mart.com.bd/product/dabo-basic-skincare-combo/
missing_size,60837,Carenel,"Care:nel Anti-Melasma Cica 3-Step Treatment Set",,camcsts-COMBO,4400,carenel-anti-melasma-cica-3-step-treatment-set,https://e-mart.com.bd/product/carenel-anti-melasma-cica-3-step-treatment-set/
missing_size,60839,Cetaphil,"Cetaphil Moisturising Cream",,3499320016131,900,cetaphil-moisturising-cream,https://e-mart.com.bd/product/cetaphil-moisturising-cream/
missing_size,60845,Dr.G,"Dr.G Black Snail Special Set",,8809838658825,5500,dr-g-black-snail-special-set,https://e-mart.com.bd/product/dr-g-black-snail-special-set/
missing_size,60866,P.Calm,"P.Calm Trial Kit",,8809884830466,1450,p-calm-trial-kit,https://e-mart.com.bd/product/p-calm-trial-kit/
missing_size,60893,TonyMoly,"Tonymoly Intense Care Gold 24k Snail Skin Care Special Set",,8806194059426,10000,tonymoly-intense-care-gold-24k-snail-skin-care-special-set,https://e-mart.com.bd/product/tonymoly-intense-care-gold-24k-snail-skin-care-special-set/
missing_size,60895,Cosrx,"Cosrx Clear Fit Master Patch",,8809416471396,380,cosrx-clear-fit-master-patch,https://e-mart.com.bd/product/cosrx-clear-fit-master-patch/
missing_size,60901,Maxim,"Maxim Mocha Gold Mild Coffee Mix 50 Sticks",,8801037022322,2000,maxim-mocha-gold-mild-coffee-mix-50-sticks,https://e-mart.com.bd/product/maxim-mocha-gold-mild-coffee-mix-50-sticks/
missing_size,60994,Cosrx,"Cosrx Acne + Pimple Master Patch",,8809416470245,380,cosrx-acne-pimple-master-patch,https://e-mart.com.bd/product/cosrx-acne-pimple-master-patch/
missing_size,60998,"On The Body","On The Body Cashmere Perfume - Body Lotion - Sweet Love",,8801051122435,1650,on-the-body-cashmere-perfume-body-lotion-sweet-love,https://e-mart.com.bd/product/on-the-body-cashmere-perfume-body-lotion-sweet-love/
missing_size,61076,innisfree,"innisfree Energy Mask - GREEN TEA",,8809843681627,150,innisfree-energy-mask-green-tea,https://e-mart.com.bd/product/innisfree-energy-mask-green-tea/
missing_size,61159,Cosrx,"Cosrx All About Snail Kit",,8809598452800,2100,cosrx-all-about-snail-kit,https://e-mart.com.bd/product/cosrx-all-about-snail-kit/
missing_size,61213,Dabo,"Dabo 30 Days Glutathione Snow White Melanope Toner & Cream - Combo",,dabo30daysGScombo,2260,dabo-30-days-glutathione-snow-white-melanope-toner-cream-combo,https://e-mart.com.bd/product/dabo-30-days-glutathione-snow-white-melanope-toner-cream-combo/
missing_size,61278,Ryo,"Ryo Sensitive Scalp Care Shampoo - Fruity Floral Musk Scent",,8809925111028,1950,ryo-sensitive-scalp-care-shampoo-fruity-floral-musk-scent,https://e-mart.com.bd/product/ryo-sensitive-scalp-care-shampoo-fruity-floral-musk-scent/
missing_size,61297,Hera,"Hera Signia Deluxe Kit (new)",,8809803599474,3000,hera-signia-deluxe-kit-new,https://e-mart.com.bd/product/hera-signia-deluxe-kit-new/
missing_size,61331,"Mise en Scene","Mise En Scene Perfect Serum - Trio Kit",,8809803592970,1500,mise-en-scene-perfect-serum-trio-kit,https://e-mart.com.bd/product/mise-en-scene-perfect-serum-trio-kit/
missing_size,61393,Laneige,"Laneige Homme Blue Energy Trial Kit (2 Item)",,8809685833222,380,laneige-homme-blue-energy-trial-kit-2-item,https://e-mart.com.bd/product/laneige-homme-blue-energy-trial-kit-2-item/
missing_size,61401,"Emart Combo","Basic Skin Care Combo",,basiccombo1,2460,basic-skin-care-combo,https://e-mart.com.bd/product/basic-skin-care-combo/
missing_size,61404,Maxim,"Maxim Mocha Gold Mild Coffee Mix - 100 STICKS",,8801037019667,3800,maxim-mocha-gold-mild-coffee-mix-100-sticks,https://e-mart.com.bd/product/maxim-mocha-gold-mild-coffee-mix-100-sticks/
missing_size,61469,Ryo,"RYO Vegan Hair Dye Cream - SOFT BLACK 3.0",,8809925157262,1500,ryo-vegan-hair-dye-cream-soft-black-3-0,https://e-mart.com.bd/product/ryo-vegan-hair-dye-cream-soft-black-3-0/
missing_size,61470,Ryo,"RYO Vegan Hair Dye Cream - Deep Brown 4.0",,8809925157279,1500,ryo-vegan-hair-dye-cream-deep-brown-4-0,https://e-mart.com.bd/product/ryo-vegan-hair-dye-cream-deep-brown-4-0/
missing_size,61511,"Secret Day","Secretday Vegan Certified Organic Fresh Sanitary Pads Medium 16P",,8809855211454,500,secretday-vegan-certified-organic-fresh-sanitary-pads-medium-16p,https://e-mart.com.bd/product/secretday-vegan-certified-organic-fresh-sanitary-pads-medium-16p/
missing_size,61573,Dabo,"Dabo Make Up No Sebum Rose Pact SPF36 PA+++ - 21 Vanilla Beige",,8809351957139,800,dabo-make-up-no-sebum-rose-pact-spf36-pa-21-vanilla-beige,https://e-mart.com.bd/product/dabo-make-up-no-sebum-rose-pact-spf36-pa-21-vanilla-beige/
missing_size,61590,innisfree,"Innisfree Perfect 9 Intensive Skin Care Set",,8809843708263,4850,innisfree-perfect-9-intensive-skin-care-set,https://e-mart.com.bd/product/innisfree-perfect-9-intensive-skin-care-set/
missing_size,61600,Dabo,"Dabo All in One Black Snail Repair Essence Toner & Cream Combo",,dabosnailcombo,2330,dabo-all-in-one-black-snail-repair-essence-toner-cream-combo,https://e-mart.com.bd/product/dabo-all-in-one-black-snail-repair-essence-toner-cream-combo/
missing_size,61632,Cosrx,"Mini Combo - Dabo Black Snail Cream & Cosrx Advanced Snail 96 Essence",,dabocosrxcombo1,1380,mini-combo-dabo-black-snail-cream-cosrx-advanced-snail-96-essence,https://e-mart.com.bd/product/mini-combo-dabo-black-snail-cream-cosrx-advanced-snail-96-essence/
missing_size,61726,Medicube,"Medicube Age-R Booster Pro - BLACK",,8809960354732,25000,medicube-age-r-booster-pro-black,https://e-mart.com.bd/product/medicube-age-r-booster-pro-black/
missing_size,61727,Medicube,"Medicube Age-R Booster Pro - PINK",,8800256114481,25000,medicube-age-r-booster-pro-pink,https://e-mart.com.bd/product/medicube-age-r-booster-pro-pink/
missing_size,61888,Celimax,"CELIMAX Pore + Dark Spot Brightening Kit",,EMCELIMAXPOR39,1100.0,celimax-pore-dark-spot-brightening-kit,https://e-mart.com.bd/product/celimax-pore-dark-spot-brightening-kit/
missing_size,62048,"Healthy Place","Healthy Place Low Molecular Pomegranate Collagen 14 stick",,EMHEALTHYPLA119,2500.0,healthy-place-low-molecular-pomegranate-collagen-14-stick,https://e-mart.com.bd/product/healthy-place-low-molecular-pomegranate-collagen-14-stick/
missing_size,62050,"Healthy Place","Healthy Place Double Toning White Liposomal Glutathione 30 stick",,EMHEALTHYPLA120,2200.0,healthy-place-double-toning-white-liposomal-glutathione-30-stick,https://e-mart.com.bd/product/healthy-place-double-toning-white-liposomal-glutathione-30-stick/
missing_size,62052,"Healthy Place","Healthy Place Double Toning White Glutathione Collagen Stick 14 stick",,EMHEALTHYPLA121,2500.0,healthy-place-double-toning-white-glutathione-collagen-stick-14-stick,https://e-mart.com.bd/product/healthy-place-double-toning-white-glutathione-collagen-stick-14-stick/
missing_size,62058,Axis-Y,"AXIS-Y Vita Glow Lip Oil (Dreamy Olive)",,EMAXISYVITAG124,900.0,axis-y-vita-glow-lip-oil-dreamy-olive,https://e-mart.com.bd/product/axis-y-vita-glow-lip-oil-dreamy-olive/
missing_size,62060,Axis-Y,"AXIS-Y Vita Glow Lip Oil (Cozy Fig)",,EMAXISYVITAG125,900.0,axis-y-vita-glow-lip-oil-cozy-fig,https://e-mart.com.bd/product/axis-y-vita-glow-lip-oil-cozy-fig/
missing_size,62062,Axis-Y,"AXIS-Y Vita Glow Lip Oil (Chilled Berry)",,EMAXISYVITAG126,900.0,axis-y-vita-glow-lip-oil-chilled-berry,https://e-mart.com.bd/product/axis-y-vita-glow-lip-oil-chilled-berry/
missing_size,62078,Nineless,"NINE LESS Molecule-Clear 5% Mandelic Acid Serum 30m",,EMNINELESSMO134,1700.0,nine-less-molecule-clear-5-mandelic-acid-serum-30m,https://e-mart.com.bd/product/nine-less-molecule-clear-5-mandelic-acid-serum-30m/
missing_size,62110,Benton,"BUY 1 BENTON Guava 70 Skin Toner PAD GET Benton Snail Bee Starter Kit FREE",,EMBUY1BENTON150,4000.0,buy-1-benton-guava-70-skin-toner-pad-get-benton-snail-bee-starter-kit-free,https://e-mart.com.bd/product/buy-1-benton-guava-70-skin-toner-pad-get-benton-snail-bee-starter-kit-free/
missing_size,62184,Tirtir,"TIRTIR Mask Fit Red Cushion 6 Shade Trial Kit (35N/37C/40N,43N/51N/55N)",,EMTIRTIRMASK187,200.0,tirtir-mask-fit-red-cushion-6-shade-trial-kit-35n-37c-40n43n-51n-55n,https://e-mart.com.bd/product/tirtir-mask-fit-red-cushion-6-shade-trial-kit-35n-37c-40n43n-51n-55n/
missing_size,62220,Benton,"Benton Snail Bee High Content Starter Kit",,EMBENTONSNAI205,1500.0,benton-snail-bee-high-content-starter-kit,https://e-mart.com.bd/product/benton-snail-bee-high-content-starter-kit/
missing_size,62270,SKIN1004,"SKIN 1004 Madagascar Centella Ampoule Kit",,EMSKIN1004MA230,2500.0,skin-1004-madagascar-centella-ampoule-kit,https://e-mart.com.bd/product/skin-1004-madagascar-centella-ampoule-kit/
missing_size,62298,"CNP Laboratory","CNP Laboratory Greenery Calming Ampule 2-Step Mask Set",,EMCNPLABORAT244,500.0,cnp-laboratory-greenery-calming-ampule-2-step-mask-set,https://e-mart.com.bd/product/cnp-laboratory-greenery-calming-ampule-2-step-mask-set/
missing_size,62300,Cellpod,"cellpod Wrinkleless Perfector & Galvanic Wrinkleless Device",,EMCELLPODWRI245,7000.0,cellpod-wrinkleless-perfector-galvanic-wrinkleless-device,https://e-mart.com.bd/product/cellpod-wrinkleless-perfector-galvanic-wrinkleless-device/
missing_size,62340,Romnd,"Rom&nd THE JUICY LASTING TINT 04 FIG FIG",,EMROMAMPNDTH265,1100.0,romnd-the-juicy-lasting-tint-04-fig-fig,https://e-mart.com.bd/product/romnd-the-juicy-lasting-tint-04-fig-fig/
missing_size,62364,Medicube,"Medicube PDRN PINK COLLAGEN GEL MASK 1EA",,EMMEDICUBEPD277,500.0,medicube-pdrn-pink-collagen-gel-mask-1ea,https://e-mart.com.bd/product/medicube-pdrn-pink-collagen-gel-mask-1ea/
missing_size,62372,Medicube,"Medicube Beauty device AGE-R BOOSTER PRO EX",,EMMEDICUBEBE281,27000.0,medicube-beauty-device-age-r-booster-pro-ex,https://e-mart.com.bd/product/medicube-beauty-device-age-r-booster-pro-ex/
missing_size,62394,Romnd,"Rom&nd JUICY LASTING TINT 25. BARE GRAPE",,EMROMAMPNDJU293,1100.0,romnd-juicy-lasting-tint-25-bare-grape,https://e-mart.com.bd/product/romnd-juicy-lasting-tint-25-bare-grape/
missing_size,62396,Romnd,"Rom&nd THE JUICY LASTING TINT 17 DARK COCONUT",,EMROM038NDTH294,1100.0,romnd-the-juicy-lasting-tint-17-dark-coconut,https://e-mart.com.bd/product/romnd-the-juicy-lasting-tint-17-dark-coconut/
missing_size,62440,NEEDLY,"INSTREE ONION SPECIAL BOX",,EMINSTREEONI316,7000.0,instree-onion-special-box,https://e-mart.com.bd/product/instree-onion-special-box/
missing_size,62518,"Some By Mi","SOME BY MI Beta Panthenol Repair Starter Kit",,EMSOMEBYMIBE355,1900.0,some-by-mi-beta-panthenol-repair-starter-kit,https://e-mart.com.bd/product/some-by-mi-beta-panthenol-repair-starter-kit/
missing_size,62644,Tirtir,"TIRTIR Mask Fit Red Cushion 6 Shade Trial Kit - 33C,33N,33W,34C,34N,34W",,EMTIRTIRMASK418,200.0,tirtir-mask-fit-red-cushion-6-shade-trial-kit-33c33n33w34c34n34w,https://e-mart.com.bd/product/tirtir-mask-fit-red-cushion-6-shade-trial-kit-33c33n33w34c34n34w/
missing_size,62646,Tirtir,"TIRTIR Mask Fit Red Cushion 6 Shade Trial Kit - 33N,37C,40N,43N,51N,55N",,EMTIRTIRMASK419,200.0,tirtir-mask-fit-red-cushion-6-shade-trial-kit-33n37c40n43n51n55n,https://e-mart.com.bd/product/tirtir-mask-fit-red-cushion-6-shade-trial-kit-33n37c40n43n51n55n/
missing_size,62692,"Round Lab","ROUND LAB Birch Juice Moisturizing Pad 80ea",,EMROUNDLABBI443,2500.0,round-lab-birch-juice-moisturizing-pad-80ea,https://e-mart.com.bd/product/round-lab-birch-juice-moisturizing-pad-80ea/
missing_size,62704,Bonajour,"Bonajour 3-layer Pure Cotton Pads 80EA",,EMBONAJOUR3L449,700.0,bonajour-3-layer-pure-cotton-pads-80ea,https://e-mart.com.bd/product/bonajour-3-layer-pure-cotton-pads-80ea/
missing_size,62731,"Mary & May","MARY & MAY Hyaluronic Panthenol Hydra Mask (30ea)",,EMMARYAMPMAY463,2300.0,mary-may-hyaluronic-panthenol-hydra-mask-30ea,https://e-mart.com.bd/product/mary-may-hyaluronic-panthenol-hydra-mask-30ea/
missing_size,62781,Goodal,"Goodal Green Tangerine Brightening Duo",,EMGOODALGREE489,4600.0,goodal-green-tangerine-brightening-duo,https://e-mart.com.bd/product/goodal-green-tangerine-brightening-duo/
missing_size,62785,Romnd,"Rom&nd BLUR FUDGE TINT 08 CURRENT JAM",,EMROMAMPNDBL491,1100.0,romnd-blur-fudge-tint-08-current-jam,https://e-mart.com.bd/product/romnd-blur-fudge-tint-08-current-jam/
missing_size,62787,"Rom & Nd","Rom&nd JUICY LASTING TINT 17. PLUM COKE",,EMROM038NDJU492,1100.0,romnd-juicy-lasting-tint-17-plum-coke,https://e-mart.com.bd/product/romnd-juicy-lasting-tint-17-plum-coke/
missing_size,62855,"Haruharu Wonder","HaruHaru Wonder Ultra Fit Facial Pads (160ea)",,EMHARUHARUWO526,700.0,haruharu-wonder-ultra-fit-facial-pads-160ea,https://e-mart.com.bd/product/haruharu-wonder-ultra-fit-facial-pads-160ea/
missing_size,62923,Cosrx,"COSRX All About Snail Trial Kit",,EMCOSRXALLAB560,2100.0,cosrx-all-about-snail-trial-kit,https://e-mart.com.bd/product/cosrx-all-about-snail-trial-kit/
missing_size,62925,"Christian Dean","Christian Dean Secret Tone-up Sun Cream SPF 50+ PA+++",,EMCHRISTIAND561,600.0,christian-dean-secret-tone-up-sun-cream-spf-50-pa,https://e-mart.com.bd/product/christian-dean-secret-tone-up-sun-cream-spf-50-pa/
missing_size,62927,"Round Lab","Round Lab 1025 Dokdo Toner + Birch Juice Moisturizing Sunscreen Set",,EMROUNDLAB10562,3500.0,round-lab-1025-dokdo-toner-birch-juice-moisturizing-sunscreen-set,https://e-mart.com.bd/product/round-lab-1025-dokdo-toner-birch-juice-moisturizing-sunscreen-set/
missing_size,62929,Axis-Y,"AXIS-Y GLOW CARE SET",,EMAXISYGLOWC563,4500.0,axis-y-glow-care-set,https://e-mart.com.bd/product/axis-y-glow-care-set/
missing_size,63001,Valentine,"VALENTINE GLOW SKINCARE GIFT SET!",,EMVALENTINEG599,6500.0,valentine-glow-skincare-gift-set,https://e-mart.com.bd/product/valentine-glow-skincare-gift-set/
missing_size,63049,"Emart Combo","Hair Growth & Volume Duo",,EMHAIRGROWTH623,3700.0,hair-growth-volume-duo,https://e-mart.com.bd/product/hair-growth-volume-duo/
missing_size,63051,Romnd,"Rom&nd BLUR FUDGE TINT 10 FUDGE RED",,EMROMAMPNDBL624,1100.0,romnd-blur-fudge-tint-10-fudge-red,https://e-mart.com.bd/product/romnd-blur-fudge-tint-10-fudge-red/
missing_size,63053,Romnd,"Rom&nd BLUR FUDGE TINT 03 MUSKY",,EMROMAMPNDBL625,1100.0,romnd-blur-fudge-tint-03-musky,https://e-mart.com.bd/product/romnd-blur-fudge-tint-03-musky/
missing_size,63055,Romnd,"Rom&nd DEWYFUL WATER TINT 12. CANYON",,EMROMAMPNDDE626,1100.0,romnd-dewyful-water-tint-12-canyon,https://e-mart.com.bd/product/romnd-dewyful-water-tint-12-canyon/
missing_size,63057,Romnd,"Rom&nd DEWYFUL WATER TINT 07.CHERRY WAY",,EMROMAMPNDDE627,1100.0,romnd-dewyful-water-tint-07-cherry-way,https://e-mart.com.bd/product/romnd-dewyful-water-tint-07-cherry-way/
missing_size,63059,Romnd,"Rom&nd GLASTING WATER TINT 08.ROSE STREAM",,EMROMAMPNDGL628,1100.0,romnd-glasting-water-tint-08-rose-stream,https://e-mart.com.bd/product/romnd-glasting-water-tint-08-rose-stream/
missing_size,63061,Romnd,"Rom&nd ZERO VELVET TINT 12. ANNE SHIRLEY",,EMROM038NDZE629,1100.0,romnd-zero-velvet-tint-12-anne-shirley,https://e-mart.com.bd/product/romnd-zero-velvet-tint-12-anne-shirley/
missing_size,63063,Romnd,"Rom&nd ZERO VELVET TINT 07.FIZZ",,EMROM038NDZE630,1100.0,romnd-zero-velvet-tint-07-fizz,https://e-mart.com.bd/product/romnd-zero-velvet-tint-07-fizz/
missing_size,63065,Romnd,"Rom&nd ZERO VELVET TINT 02.JOYFUL",,EMROM038NDZE631,1100.0,romnd-zero-velvet-tint-02-joyful,https://e-mart.com.bd/product/romnd-zero-velvet-tint-02-joyful/
missing_size,63067,Romnd,"Rom&nd THE JUICY LASTING TINT 02 NUCADAMIA",,EMROM038NDTH632,1100.0,romnd-the-juicy-lasting-tint-02-nucadamia,https://e-mart.com.bd/product/romnd-the-juicy-lasting-tint-02-nucadamia/
missing_size,63069,Romnd,"Rom&nd JUICY LASTING TINT 07.JUJUBE",,EMROMAMPNDJU633,1100.0,romnd-juicy-lasting-tint-07-jujube,https://e-mart.com.bd/product/romnd-juicy-lasting-tint-07-jujube/
missing_size,63159,Tocobo,"TOCOBO Sun Care Mini Duo",,EMTOCOBOSUNC678,900.0,tocobo-sun-care-mini-duo,https://e-mart.com.bd/product/tocobo-sun-care-mini-duo/
missing_size,63279,Numbuzin,"Numbuzin No.4 Full-Nutrient Firming Cream 60m",,EMNUMBUZINNO738,1900.0,numbuzin-no-4-full-nutrient-firming-cream-60m,https://e-mart.com.bd/product/numbuzin-no-4-full-nutrient-firming-cream-60m/
missing_size,63305,"Etude House","Etude House Dear Darling Water Tint 03 Orange Ade",,EMETUDEHOUSE752,650.0,etude-house-dear-darling-water-tint-03-orange-ade,https://e-mart.com.bd/product/etude-house-dear-darling-water-tint-03-orange-ade/
missing_size,63365,"Etude House","Etude House Dear Darling Water Tint #01 Strawberry ade",,EMETUDEHOUSE782,650.0,etude-house-dear-darling-water-tint-01-strawberry-ade,https://e-mart.com.bd/product/etude-house-dear-darling-water-tint-01-strawberry-ade/
missing_size,63367,"Etude House","Etude House Dear Darling Water Tint #02 Cherry Ade",,EMETUDEHOUSE783,650.0,etude-house-dear-darling-water-tint-02-cherry-ade,https://e-mart.com.bd/product/etude-house-dear-darling-water-tint-02-cherry-ade/
missing_size,63417,"G9 Skin","G9 SKIN I’m Pine Pore Solution Pad 60ea",,EMG9SKINI821808,1900.0,g9-skin-im-pine-pore-solution-pad-60ea,https://e-mart.com.bd/product/g9-skin-im-pine-pore-solution-pad-60ea/
missing_size,63427,Heimish,"Heimish GLASS SKIN DUO",,EMHEIMISHGLA813,4000.0,heimish-glass-skin-duo,https://e-mart.com.bd/product/heimish-glass-skin-duo/
missing_size,63455,Heimish,"Heimish Valentine Special Gift Set",,EMHEIMISHVAL827,7400.0,heimish-valentine-special-gift-set,https://e-mart.com.bd/product/heimish-valentine-special-gift-set/
missing_size,63459,innisfree,"GLASS SKIN DUO (Innisfree Jelly Cream+Heimish Artless Glow Base)",,EMGLASSSKIND829,3700.0,glass-skin-duo-innisfree-jelly-creamheimish-artless-glow-base,https://e-mart.com.bd/product/glass-skin-duo-innisfree-jelly-creamheimish-artless-glow-base/
missing_size,63461,Cosrx,"Cosrx snail essence+ snail cream Combo",,EMCOSRXSNAIL830,3400.0,cosrx-snail-essence-snail-cream-combo,https://e-mart.com.bd/product/cosrx-snail-essence-snail-cream-combo/
missing_size,63511,Heimish,"Heimish Matcha Mini Kit",,EMHEIMISHMAT855,1500.0,heimish-matcha-mini-kit,https://e-mart.com.bd/product/heimish-matcha-mini-kit/
missing_size,63559,Heimish,"Heimish All Clean Green Pore Toner Pad 75ea",,EMHEIMISHALL879,2500.0,heimish-all-clean-green-pore-toner-pad-75ea,https://e-mart.com.bd/product/heimish-all-clean-green-pore-toner-pad-75ea/
missing_size,63609,"Some By Mi","Some By Mi Miracle Hair & Body Starter Kit",,EMSOMEBYMIMI904,1900.0,some-by-mi-miracle-hair-body-starter-kit,https://e-mart.com.bd/product/some-by-mi-miracle-hair-body-starter-kit/
missing_size,63653,"Beauty of Joseon","Beauty of Joseon Hanbang Serum Discovery Kit",,EMBEAUTYOFJO926,2450,beauty-of-joseon-hanbang-serum-discovery-kit,https://e-mart.com.bd/product/beauty-of-joseon-hanbang-serum-discovery-kit/
missing_size,63771,innisfree,"Innisfree Bija Trouble Skin Care Set",,EMINNISFREEB985,3300.0,innisfree-bija-trouble-skin-care-set,https://e-mart.com.bd/product/innisfree-bija-trouble-skin-care-set/
missing_size,63925,iUNIK,"iUNIK CENTELLA MINI SET",,EMIUNIKCENTE1062,1500.0,iunik-centella-mini-set,https://e-mart.com.bd/product/iunik-centella-mini-set/
missing_size,63951,innisfree,"Innisfree Jeju Cherry Blossom Special Kit",,EMINNISFREEJ1075,1200.0,innisfree-jeju-cherry-blossom-special-kit,https://e-mart.com.bd/product/innisfree-jeju-cherry-blossom-special-kit/
missing_size,74048,"Absolute New York","Absolute New York Click Cover Concealer MFCC14 CC Green",,888432931594,550.0,absolute-new-york-click-cover-concealer-mfcc14-cc-green,https://e-mart.com.bd/product/absolute-new-york-click-cover-concealer-mfcc14-cc-green/
missing_size,74100,"Aztec Secret","Aztec Secret Indian Healing Clay",,EM-AZTE-SEINHE-4100,2760.0,aztec-secret-indian-healing-clay,https://e-mart.com.bd/product/aztec-secret-indian-healing-clay/
missing_size,74130,"Beauty Formulas","Beauty Formulas Hair Removal Wax Strips Face & Bikini Line",,5012251006729,300.0,beauty-formulas-hair-removal-wax-strips-face-bikini-line,https://e-mart.com.bd/product/beauty-formulas-hair-removal-wax-strips-face-bikini-line/
missing_size,74158,"Beauty Glazed","Beauty Glazed Soft Focus Powder Shade 102",,6977803240046,300.0,beauty-glazed-soft-focus-powder-shade-102,https://e-mart.com.bd/product/beauty-glazed-soft-focus-powder-shade-102/
missing_size,74160,"Beauty Glazed","Beauty Glazed Soft Focus Powder Shade 101",,6977803240039,300.0,beauty-glazed-soft-focus-powder-shade-101,https://e-mart.com.bd/product/beauty-glazed-soft-focus-powder-shade-101/
missing_size,74171,"Beauty Glazed","Beauty Glazed Nose Pore Strips",,6978601560206,50.0,beauty-glazed-nose-pore-strips,https://e-mart.com.bd/product/beauty-glazed-nose-pore-strips/
missing_size,74185,"Beauty Glazed","Beauty Glazed Velvet Soft Mist Lipstick -112",,6975640635476,250.0,beauty-glazed-velvet-soft-mist-lipstick-112,https://e-mart.com.bd/product/beauty-glazed-velvet-soft-mist-lipstick-112/
missing_size,74187,"Beauty Glazed","Beauty Glazed Velvet Soft Mist Lipstick -110",,6975640635452,250.0,beauty-glazed-velvet-soft-mist-lipstick-110,https://e-mart.com.bd/product/beauty-glazed-velvet-soft-mist-lipstick-110/
missing_size,74189,"Beauty Glazed","Beauty Glazed Velvet Soft Mist Lipstick -109",,6975640635445,250.0,beauty-glazed-velvet-soft-mist-lipstick-109,https://e-mart.com.bd/product/beauty-glazed-velvet-soft-mist-lipstick-109/
missing_size,74201,"Beauty Glazed","Beauty Glazed Full Coverage Concealer - Color 401",,6923263734557,235.0,beauty-glazed-full-coverage-concealer-color-401,https://e-mart.com.bd/product/beauty-glazed-full-coverage-concealer-color-401/
missing_size,74203,"Beauty Glazed","Beauty Glazed Softly 6 Colors Concealer Palette - 401",,6975640632222,395.0,beauty-glazed-softly-6-colors-concealer-palette-401,https://e-mart.com.bd/product/beauty-glazed-softly-6-colors-concealer-palette-401/
missing_size,74205,"Beauty Glazed","Beauty Glazed Softly 6 Colors Concealer Palette - 402",,402,395.0,beauty-glazed-softly-6-colors-concealer-palette-402,https://e-mart.com.bd/product/beauty-glazed-softly-6-colors-concealer-palette-402/
missing_size,74223,"Blaze O Skin","Blaze O Skin Shower Gel On An Island 250",,8941153913118,400.0,blaze-o-skin-shower-gel-on-an-island-250,https://e-mart.com.bd/product/blaze-o-skin-shower-gel-on-an-island-250/
missing_size,74229,Bob,"BOB Keen Black 24H Pencil Gel Eyeliner",,6912378006345,300.0,bob-keen-black-24h-pencil-gel-eyeliner,https://e-mart.com.bd/product/bob-keen-black-24h-pencil-gel-eyeliner/
missing_size,74235,Boots,"Boots Vitamin C Brightening Sheer Sunscreen SPF50+ PA++++",,5000167320299,950.0,boots-vitamin-c-brightening-sheer-sunscreen-spf50-pa,https://e-mart.com.bd/product/boots-vitamin-c-brightening-sheer-sunscreen-spf50-pa/
missing_size,74287,"Emart Combo","Pookie Combo Offer-6 (Buy 2 Trendy Beauties Liquid Matte Waterproof Lipstick and get 1 free)",,3p,499.0,pookie-combo-offer-6-buy-2-trendy-beauties-liquid-matte-waterproof-lipstick-and-get-1-free,https://e-mart.com.bd/product/pookie-combo-offer-6-buy-2-trendy-beauties-liquid-matte-waterproof-lipstick-and-get-1-free/
missing_size,74289,"Emart Combo","Pookie Combo Offer-5 (Buy 2 Trendy Beauties Liquid Matte Waterproof Lipstick and get 1 free)",,EM-TREN-COOFBU-4289,499.0,pookie-combo-offer-5-buy-2-trendy-beauties-liquid-matte-waterproof-lipstick-and-get-1-free,https://e-mart.com.bd/product/pookie-combo-offer-5-buy-2-trendy-beauties-liquid-matte-waterproof-lipstick-and-get-1-free/
missing_size,74291,"Emart Combo","Pookie Combo Offer-4 (Beauty Glazed Phantom Concealer + Beauty Glazed Soft Focus Powder + Beauty Glazed 2in1 Bushy Big Eyeliner & Mascara + Beauty Glazed Tint Blush + Beauty Glazed Velvet Soft Mist Li",,c4,1359.0,pookie-combo-offer-4-beauty-glazed-phantom-concealer-beauty-glazed-soft-focus-powder-beauty-glazed-2in1-bushy-big-eyeliner-mascara-beauty-glazed-tint-blush-beauty-glazed-velvet-soft-mist-li,https://e-mart.com.bd/product/pookie-combo-offer-4-beauty-glazed-phantom-concealer-beauty-glazed-soft-focus-powder-beauty-glazed-2in1-bushy-big-eyeliner-mascara-beauty-glazed-tint-blush-beauty-glazed-velvet-soft-mist-li/
missing_size,74293,"Emart Combo","Pookie Combo Offer-2 (Beauty Glazed Lively Waterproof & Long Lasting Lip Liner + Beauty Glazed Matte Lipstick)",,p10,475.0,pookie-combo-offer-2-beauty-glazed-lively-waterproof-long-lasting-lip-liner-beauty-glazed-matte-lipstick,https://e-mart.com.bd/product/pookie-combo-offer-2-beauty-glazed-lively-waterproof-long-lasting-lip-liner-beauty-glazed-matte-lipstick/
missing_size,74295,"Emart Combo","Pookie Combo Offer-1 (Beauty Glazed Lively Waterproof & Long Lasting Lip Liner + Beauty Glazed Lip Glow Oil + Beauty Glazed Matte Lipstick)",,p1,775.0,pookie-combo-offer-1-beauty-glazed-lively-waterproof-long-lasting-lip-liner-beauty-glazed-lip-glow-oil-beauty-glazed-matte-lipstick,https://e-mart.com.bd/product/pookie-combo-offer-1-beauty-glazed-lively-waterproof-long-lasting-lip-liner-beauty-glazed-lip-glow-oil-beauty-glazed-matte-lipstick/
missing_size,74296,"Emart Combo","Pookie Combo Offer-5 (Buy 2 Trendy Beauties Liquid Matte Waterproof Lipstick and get 1 free)",,EM-TREN-COOFBU-4296,499.0,pookie-combo-offer-5-buy-2-trendy-beauties-liquid-matte-waterproof-lipstick-and-get-1-free-2,https://e-mart.com.bd/product/pookie-combo-offer-5-buy-2-trendy-beauties-liquid-matte-waterproof-lipstick-and-get-1-free-2/
missing_size,74374,DHC,"DHC Slow Release Special Vitamin C Supplement tablet 60 days",,4511413404133,1700.0,dhc-slow-release-special-vitamin-c-supplement-tablet-60-days,https://e-mart.com.bd/product/dhc-slow-release-special-vitamin-c-supplement-tablet-60-days/
missing_size,74386,"Dot & Key","Dot and Key Strawberry Dew Tinted Sunscreen SPF 50+ PA++++ (01 Porcelain)",,8906147701775,1250.0,dot-and-key-strawberry-dew-tinted-sunscreen-spf-50-pa-01-porcelain,https://e-mart.com.bd/product/dot-and-key-strawberry-dew-tinted-sunscreen-spf-50-pa-01-porcelain/
missing_size,74388,"Dot & Key","Dot and Key Strawberry Dew Tinted Sunscreen SPF 50+ PA++++ (03 Sand)",,8906147701782,1250.0,dot-and-key-strawberry-dew-tinted-sunscreen-spf-50-pa-03-sand,https://e-mart.com.bd/product/dot-and-key-strawberry-dew-tinted-sunscreen-spf-50-pa-03-sand/
missing_size,74402,Durex,"Durex Play Single Speed Vibrating Bullet for Women",,6923146113936,2290.0,durex-play-single-speed-vibrating-bullet-for-women,https://e-mart.com.bd/product/durex-play-single-speed-vibrating-bullet-for-women/
missing_size,74406,Durex,"Durex Durex Thin Feel - 12 Condoms",,EM-DURE-DUTHFE-4406,1450.0,durex-durex-thin-feel-12-condoms,https://e-mart.com.bd/product/durex-durex-thin-feel-12-condoms/
missing_size,74407,Durex,"Durex Durex Thin Feel - 12 Condoms",,EM-DURE-DUTHFE-4407,1450.0,durex-durex-thin-feel-12-condoms-2,https://e-mart.com.bd/product/durex-durex-thin-feel-12-condoms-2/
missing_size,74409,Durex,"Durex Extra Safe - 12 Condoms",,5038483158302,1490.0,durex-extra-safe-12-condoms,https://e-mart.com.bd/product/durex-extra-safe-12-condoms/
missing_size,74411,Durex,"Durex Fetherlite - 12 Condoms",,EM-DURE-FE12CO-4411,1450.0,durex-fetherlite-12-condoms,https://e-mart.com.bd/product/durex-fetherlite-12-condoms/
missing_size,74413,Durex,"Durex Extra Thin Intense Chocolate Flavoured - 10 Condoms",,EM-DURE-EXTHIN-4413,750.0,durex-extra-thin-intense-chocolate-flavoured-10-condoms,https://e-mart.com.bd/product/durex-extra-thin-intense-chocolate-flavoured-10-condoms/
missing_size,74415,Durex,"Durex Extra Dots For Extra Simulation - 3 Condoms",,8901396705109,250.0,durex-extra-dots-for-extra-simulation-3-condoms,https://e-mart.com.bd/product/durex-extra-dots-for-extra-simulation-3-condoms/
missing_size,74417,Durex,"Durex Extra Thin Strawberry Flavoured - 3 Condoms",,8901396388456,245.0,durex-extra-thin-strawberry-flavoured-3-condoms,https://e-mart.com.bd/product/durex-extra-thin-strawberry-flavoured-3-condoms/
missing_size,74431,Essence,"Essence Lash Princess Volume Mascara",,4250947501245,750.0,essence-lash-princess-volume-mascara,https://e-mart.com.bd/product/essence-lash-princess-volume-mascara/
missing_size,74433,Essence,"Essence Lash Princess False Lash Effect Mascara",,4250947516027,750.0,essence-lash-princess-false-lash-effect-mascara,https://e-mart.com.bd/product/essence-lash-princess-false-lash-effect-mascara/
missing_size,74454,"Everly Beauties","Everly Beauties Pure Matte Full Coverage Concealer & Corrector (Pure Beige)",,"everly 001",500.0,everly-beauties-pure-matte-full-coverage-concealer-corrector-pure-beige,https://e-mart.com.bd/product/everly-beauties-pure-matte-full-coverage-concealer-corrector-pure-beige/
missing_size,74456,"Everly Beauties","Everly Beauties Pure Matte Full Coverage Concealer & Corrector (Ivory)",,https://everlybeauties.com/verification?c=202830030440413415,500.0,everly-beauties-pure-matte-full-coverage-concealer-corrector-ivory,https://e-mart.com.bd/product/everly-beauties-pure-matte-full-coverage-concealer-corrector-ivory/
missing_size,74476,Gillette,"Gillette Venus Oceana Women’s Disposable Razors (3s)",,7702018016686,1050.0,gillette-venus-oceana-womens-disposable-razors-3s,https://e-mart.com.bd/product/gillette-venus-oceana-womens-disposable-razors-3s/
missing_size,74480,Gillette,"Gillette Venus Treasures 3 Blades Disposable 3in1 Razor",,7702018438563,1250.0,gillette-venus-treasures-3-blades-disposable-3in1-razor,https://e-mart.com.bd/product/gillette-venus-treasures-3-blades-disposable-3in1-razor/
missing_size,74482,Gillette,"Gillette Venus Razor with Aloe Extract for Women",,4987176179289,590.0,gillette-venus-razor-with-aloe-extract-for-women,https://e-mart.com.bd/product/gillette-venus-razor-with-aloe-extract-for-women/
missing_size,74490,Groome,"Groome Makeup Blender Sponge (Yellow)",,8944000575224,200.0,groome-makeup-blender-sponge-yellow,https://e-mart.com.bd/product/groome-makeup-blender-sponge-yellow/
missing_size,74530,Imagic,"IMAGIC PROfessional Cosmetics Makeup Sponge Burgundy",,Burgundy,220.0,imagic-professional-cosmetics-makeup-sponge-burgundy,https://e-mart.com.bd/product/imagic-professional-cosmetics-makeup-sponge-burgundy/
missing_size,74532,Imagic,"IMAGIC PROfessional Cosmetics Makeup Sponge Pink",,pro,220.0,imagic-professional-cosmetics-makeup-sponge-pink,https://e-mart.com.bd/product/imagic-professional-cosmetics-makeup-sponge-pink/
missing_size,74546,Imagic,"Imagic Eye Lash Curler",,eye,199.0,imagic-eye-lash-curler,https://e-mart.com.bd/product/imagic-eye-lash-curler/
missing_size,74548,Imagic,"IMAGIC 48 Colors Eyeshadow Palette",,EM-IMAG-48COEY-4548,1490.0,imagic-48-colors-eyeshadow-palette,https://e-mart.com.bd/product/imagic-48-colors-eyeshadow-palette/
missing_size,74550,Imagic,"IMAGIC Chalice 36 Color Eyeshadow Palette",,36,1310.0,imagic-chalice-36-color-eyeshadow-palette,https://e-mart.com.bd/product/imagic-chalice-36-color-eyeshadow-palette/
missing_size,74551,Imagic,"IMAGIC 48 Colors Eyeshadow Palette",,EM-IMAG-48COEY-4551,1490.0,imagic-48-colors-eyeshadow-palette-2,https://e-mart.com.bd/product/imagic-48-colors-eyeshadow-palette-2/
missing_size,74553,Imagic,"IMAGIC Matte Finish Long Wearing Foundation (1391) Cool porcelain",,EM-IMAG-MAFILO-4553,810.0,imagic-matte-finish-long-wearing-foundation-1391-cool-porcelain,https://e-mart.com.bd/product/imagic-matte-finish-long-wearing-foundation-1391-cool-porcelain/
missing_size,74555,Imagic,"IMAGIC FULL COVERAGE FOUNDATION (1212) - Slightly Pink",,6970855700179,774.0,imagic-full-coverage-foundation-1212-slightly-pink,https://e-mart.com.bd/product/imagic-full-coverage-foundation-1212-slightly-pink/
missing_size,74557,Insight,"Insight Super Kajal",,8904207501457,280.0,insight-super-kajal,https://e-mart.com.bd/product/insight-super-kajal/
missing_size,74559,Insight,"insight 4x intense kohl kajal",,8904207501129,280.0,insight-4x-intense-kohl-kajal,https://e-mart.com.bd/product/insight-4x-intense-kohl-kajal/
missing_size,74561,Insight,"Insight Super Stay Lipstick-20 Valencia",,8904207507077,575.0,insight-super-stay-lipstick-20-valencia,https://e-mart.com.bd/product/insight-super-stay-lipstick-20-valencia/
missing_size,74563,Insight,"Insight Super Stay Lipstick-19 Odette",,Odette19,575.0,insight-super-stay-lipstick-19-odette,https://e-mart.com.bd/product/insight-super-stay-lipstick-19-odette/
missing_size,74565,Insight,"Insight Super Stay Lipstick-05 Nyra",,05,575.0,insight-super-stay-lipstick-05-nyra,https://e-mart.com.bd/product/insight-super-stay-lipstick-05-nyra/
missing_size,74567,Insight,"Insight Cosmetics Beauty Blender Sponge Applicator -Pink",,1234,220.0,insight-cosmetics-beauty-blender-sponge-applicator-pink,https://e-mart.com.bd/product/insight-cosmetics-beauty-blender-sponge-applicator-pink/
missing_size,74569,Insight,"Insight Cosmetics Beauty Blender Sponge Applicator -Orange",,orange1,220.0,insight-cosmetics-beauty-blender-sponge-applicator-orange,https://e-mart.com.bd/product/insight-cosmetics-beauty-blender-sponge-applicator-orange/
missing_size,74571,Insight,"Insight HD Conceal.Correct.Contour -Medium Skin",,8904207506780,525.0,insight-hd-conceal-correct-contour-medium-skin,https://e-mart.com.bd/product/insight-hd-conceal-correct-contour-medium-skin/
missing_size,74573,Insight,"Insight Mineralized Compact Powder-MNY30",,8904207502126,385.0,insight-mineralized-compact-powder-mny30,https://e-mart.com.bd/product/insight-mineralized-compact-powder-mny30/
missing_size,74575,Insight,"Insight Eyebrow Pallet",,8904207507879,325.0,insight-eyebrow-pallet,https://e-mart.com.bd/product/insight-eyebrow-pallet/
missing_size,74577,Insight,"Insight Cream Blusher-01",,01,185.0,insight-cream-blusher-01,https://e-mart.com.bd/product/insight-cream-blusher-01/
missing_size,74579,Insight,"Insight Cream Blusher-04 (Watermelon Popsicle)",,04,185.0,insight-cream-blusher-04-watermelon-popsicle,https://e-mart.com.bd/product/insight-cream-blusher-04-watermelon-popsicle/
missing_size,74581,Insight,"Insight All Love Eyes on you Eyeshadow Pallet",,8904207508487,599.0,insight-all-love-eyes-on-you-eyeshadow-pallet,https://e-mart.com.bd/product/insight-all-love-eyes-on-you-eyeshadow-pallet/
missing_size,74583,Insight,"Insight Ultrathin Foundation-LN13",,8904207500788,395.0,insight-ultrathin-foundation-ln13,https://e-mart.com.bd/product/insight-ultrathin-foundation-ln13/
missing_size,74585,Insight,"Insight Ultrathin Foundation-LN15",,EM-INSI-ULFO-4585,395.0,insight-ultrathin-foundation-ln15,https://e-mart.com.bd/product/insight-ultrathin-foundation-ln15/
missing_size,74587,Insight,"Insight HD Finishing Lose Powder-Light-11",,8904207503727,410.0,insight-hd-finishing-lose-powder-light-11,https://e-mart.com.bd/product/insight-hd-finishing-lose-powder-light-11/
missing_size,74589,Insight,"Insight Pro Concealer Palette",,8904207501020,465.0,insight-pro-concealer-palette,https://e-mart.com.bd/product/insight-pro-concealer-palette/
missing_size,74591,Insight,"Insight HD Concealer-Golden Russet",,8904207500085,325.0,insight-hd-concealer-golden-russet,https://e-mart.com.bd/product/insight-hd-concealer-golden-russet/
missing_size,74593,Insight,"Insight HD Concealer-Porcelain-05",,05insight,325.0,insight-hd-concealer-porcelain-05,https://e-mart.com.bd/product/insight-hd-concealer-porcelain-05/
missing_size,74595,Insight,"Insight HD Concealer-Orange-09",,EMINSI74595,395.0,insight-hd-concealer-orange-09,https://e-mart.com.bd/product/insight-hd-concealer-orange-09/
missing_size,74597,Insight,"Insight Intense Kohl Kajal (Nude)",,8904207508258,280.0,insight-intense-kohl-kajal-nude,https://e-mart.com.bd/product/insight-intense-kohl-kajal-nude/
missing_size,74599,Insight,"Insight Lash Extension Mascara",,8904207503055,399.0,insight-lash-extension-mascara,https://e-mart.com.bd/product/insight-lash-extension-mascara/
missing_size,74601,Insight,"Insight Ultra Curl mascara",,8904207503086,290.0,insight-ultra-curl-mascara,https://e-mart.com.bd/product/insight-ultra-curl-mascara/
missing_size,74603,Insight,"Insight Waterproof Matte Eyeliner",,8904207511715,260.0,insight-waterproof-matte-eyeliner,https://e-mart.com.bd/product/insight-waterproof-matte-eyeliner/
missing_size,74605,Insight,"Insight make Up Fixer Spray",,8904207503178,499.0,insight-make-up-fixer-spray,https://e-mart.com.bd/product/insight-make-up-fixer-spray/
missing_size,74607,Insight,"Insight 3 In 1 Oil Free Primer",,8904207502386,550.0,insight-3-in-1-oil-free-primer,https://e-mart.com.bd/product/insight-3-in-1-oil-free-primer/
missing_size,74611,J.cat,"J.Cat Beauty Indense Mineral Compact Powder (Bare Skin 103)",,741459575052,720.0,j-cat-beauty-indense-mineral-compact-powder-bare-skin-103,https://e-mart.com.bd/product/j-cat-beauty-indense-mineral-compact-powder-bare-skin-103/
missing_size,74613,Jigott,"Jigott Collagen UV Sun Block SPF50+ PA+++",,8809541283017,1450.0,jigott-collagen-uv-sun-block-spf50-pa,https://e-mart.com.bd/product/jigott-collagen-uv-sun-block-spf50-pa/
missing_size,74628,"Kiss Beauty","Kiss Beauty Bling Bling Liquid Highlighter #03",,6903072435401,500.0,kiss-beauty-bling-bling-liquid-highlighter-03,https://e-mart.com.bd/product/kiss-beauty-bling-bling-liquid-highlighter-03/
missing_size,74651,"Kota Cosmetics","Kota Cosmetics Hair Color - Metal",,EM-KOTA-COHACO-4651,1350.0,kota-cosmetics-hair-color-metal,https://e-mart.com.bd/product/kota-cosmetics-hair-color-metal/
missing_size,74653,"Kota Cosmetics","Kota Cosmetics Hair Color - Tortilla",,EM-KOTA-COHACO-4653,1350.0,kota-cosmetics-hair-color-tortilla,https://e-mart.com.bd/product/kota-cosmetics-hair-color-tortilla/
missing_size,74655,"Kota Cosmetics","Kota Cosmetics Hair Color - Mellow",,EM-KOTA-COHACO-4655,1350.0,kota-cosmetics-hair-color-mellow,https://e-mart.com.bd/product/kota-cosmetics-hair-color-mellow/
missing_size,74657,"Kota Cosmetics","Kota Cosmetics Hair Color - Sepia",,6949331517303,1350.0,kota-cosmetics-hair-color-sepia,https://e-mart.com.bd/product/kota-cosmetics-hair-color-sepia/
missing_size,74659,"Kota Cosmetics","Kota Cosmetics Hair Color - Whisper",,6949331517181,1350.0,kota-cosmetics-hair-color-whisper,https://e-mart.com.bd/product/kota-cosmetics-hair-color-whisper/
missing_size,74668,"Kota Cosmetics","Kota Cosmetics Hair Color - Tortilla",,EM-KOTA-COHACO-4668,1350.0,kota-cosmetics-hair-color-tortilla-2,https://e-mart.com.bd/product/kota-cosmetics-hair-color-tortilla-2/
missing_size,74669,"Kota Cosmetics","Kota Cosmetics Hair Color - Mellow",,EM-KOTA-COHACO-4669,1350.0,kota-cosmetics-hair-color-mellow-2,https://e-mart.com.bd/product/kota-cosmetics-hair-color-mellow-2/
missing_size,74673,L'Oreal,"Loreal Paris Elvive Colour Protect Anti-Brassiness Purple Conditioner",,3600523682836,1250.0,loreal-paris-elvive-colour-protect-anti-brassiness-purple-conditioner,https://e-mart.com.bd/product/loreal-paris-elvive-colour-protect-anti-brassiness-purple-conditioner/
missing_size,74675,"L.A. Girl","LA Girl Brow Pomade Long-lasting Gel Formula Soft Black GPB 366",,EM-LA-GIBRPO-4675,750.0,la-girl-brow-pomade-long-lasting-gel-formula-soft-black-gpb-366,https://e-mart.com.bd/product/la-girl-brow-pomade-long-lasting-gel-formula-soft-black-gpb-366/
missing_size,74677,"L.A. Girl","L. A. Girl Pro Matte Foundation Nude GLM716",,EM-L-GIPR-4677,1250.0,l-a-girl-pro-matte-foundation-nude-glm716,https://e-mart.com.bd/product/l-a-girl-pro-matte-foundation-nude-glm716/
missing_size,74679,"L.A. Girl","L.A. Girl Pro Matte Foundation Glm671 Ivory",,081555966713,1250.0,l-a-girl-pro-matte-foundation-glm671-ivory,https://e-mart.com.bd/product/l-a-girl-pro-matte-foundation-glm671-ivory/
missing_size,74686,"L.A. Girl","LA Girl Brow Pomade Long-lasting Gel Formula Soft Black GPB 366",,EM-LA-GIBRPO-4686,750.0,la-girl-brow-pomade-long-lasting-gel-formula-soft-black-gpb-366-2,https://e-mart.com.bd/product/la-girl-brow-pomade-long-lasting-gel-formula-soft-black-gpb-366-2/
missing_size,74687,"L.A. Girl","L. A. Girl Pro Matte Foundation Nude GLM716",,EM-L-GIPR-4687,1250.0,l-a-girl-pro-matte-foundation-nude-glm716-2,https://e-mart.com.bd/product/l-a-girl-pro-matte-foundation-nude-glm716-2/
missing_size,74697,Lmltop,"LMLTOP Make Bowl Set",,EM-LMLT-MABOSE-4697,350.0,lmltop-make-bowl-set,https://e-mart.com.bd/product/lmltop-make-bowl-set/
missing_size,74719,LAIKOU,"LAIKOU Matcha Sleeping Face Mask",,6925464088798,50.0,laikou-matcha-sleeping-face-mask,https://e-mart.com.bd/product/laikou-matcha-sleeping-face-mask/
missing_size,74729,Lakme,"Lakme Sun Expert Ultra Matte SPF 40 PA+++ Compact",,8901030978692,750.0,lakme-sun-expert-ultra-matte-spf-40-pa-compact,https://e-mart.com.bd/product/lakme-sun-expert-ultra-matte-spf-40-pa-compact/
missing_size,74731,Lavino,"Lavino Vitamin C Face Wash - with Tangerine Extract",,8944000575392,240.0,lavino-vitamin-c-face-wash-with-tangerine-extract,https://e-mart.com.bd/product/lavino-vitamin-c-face-wash-with-tangerine-extract/
missing_size,74770,Maange,"Maange Makeup Clean Sponge",,maange,150.0,maange-makeup-clean-sponge,https://e-mart.com.bd/product/maange-makeup-clean-sponge/
missing_size,74847,Maybelline,"Maybelline Super Stay Vinyl Ink Long-Wear Liquid Lipstick (115-Peppy)",,EM-MAYB-SUSTVI-4847,1650.0,maybelline-super-stay-vinyl-ink-long-wear-liquid-lipstick-115-peppy,https://e-mart.com.bd/product/maybelline-super-stay-vinyl-ink-long-wear-liquid-lipstick-115-peppy/
missing_size,74849,Maybelline,"Maybelline Baby Lips Color Lip Balm Berry Crush SPF20",,8901526301096,420.0,maybelline-baby-lips-color-lip-balm-berry-crush-spf20,https://e-mart.com.bd/product/maybelline-baby-lips-color-lip-balm-berry-crush-spf20/
missing_size,74851,Maybelline,"Maybelline Baby Lips Color Lip Balm Pink Lolita SPF20",,8901526301072,420.0,maybelline-baby-lips-color-lip-balm-pink-lolita-spf20,https://e-mart.com.bd/product/maybelline-baby-lips-color-lip-balm-pink-lolita-spf20/
missing_size,74853,Maybelline,"Maybelline Baby Lips Color Lip Balm Cherry Kiss SPF20",,8901526301065,420.0,maybelline-baby-lips-color-lip-balm-cherry-kiss-spf20,https://e-mart.com.bd/product/maybelline-baby-lips-color-lip-balm-cherry-kiss-spf20/
missing_size,74893,Miyako,"Miyako Hair Straightener HS-916",,EM-MIYA-HASTHS-4893,2050.0,miyako-hair-straightener-hs-916,https://e-mart.com.bd/product/miyako-hair-straightener-hs-916/
missing_size,74925,Nirvana,"Nirvana Color Face Perfect Liquid Foundation - Light Golden F03",,EMNIRV74925,890.0,nirvana-color-face-perfect-liquid-foundation-light-golden-f03,https://e-mart.com.bd/product/nirvana-color-face-perfect-liquid-foundation-light-golden-f03/
missing_size,74935,"Emart Exclusive","Multifunction Makeup Storage Bag",,EMMULT74935,500.0,multifunction-makeup-storage-bag,https://e-mart.com.bd/product/multifunction-makeup-storage-bag/
missing_size,74939,"Emart Exclusive","Concealar Brush",,EMCONC74939,190.0,concealar-brush,https://e-mart.com.bd/product/concealar-brush/
missing_size,75011,PinkFlash,"PINKFLASH Waterproof Auto Eyebrow Pencil - 02 Chocolate Brown (PF-E09)",,6974908113718,350.0,pinkflash-waterproof-auto-eyebrow-pencil-02-chocolate-brown-pf-e09,https://e-mart.com.bd/product/pinkflash-waterproof-auto-eyebrow-pencil-02-chocolate-brown-pf-e09/
missing_size,75016,PinkFlash,"PINKFLASH Waterproof Eyeliner (PF-E01)",,6974908118225,250.0,pinkflash-waterproof-eyeliner-pf-e01,https://e-mart.com.bd/product/pinkflash-waterproof-eyeliner-pf-e01/
missing_size,75018,PinkFlash,"PINKFLASH Curl Mascara Pink PF-E08 01",,6974908118461,400.0,pinkflash-curl-mascara-pink-pf-e08-01,https://e-mart.com.bd/product/pinkflash-curl-mascara-pink-pf-e08-01/
missing_size,75020,PinkFlash,"PINKFLASH Curl Mascara Black PF-E08 02",,6974908118546,400.0,pinkflash-curl-mascara-black-pf-e08-02,https://e-mart.com.bd/product/pinkflash-curl-mascara-black-pf-e08-02/
missing_size,75022,PinkFlash,"PINKFLASH Lasting Matte Pressed Powder - Shade 222 (PF-F08)",,6974908115231,350.0,pinkflash-lasting-matte-pressed-powder-shade-222-pf-f08,https://e-mart.com.bd/product/pinkflash-lasting-matte-pressed-powder-shade-222-pf-f08/
missing_size,75024,PinkFlash,"PINKFLASH Lasting Matte Loose Powder - Shade 222 (PF-F06)",,6974908119826,400.0,pinkflash-lasting-matte-loose-powder-shade-222-pf-f06,https://e-mart.com.bd/product/pinkflash-lasting-matte-loose-powder-shade-222-pf-f06/
missing_size,75036,Ponds,"Ponds Perfect Radiance BB Translucent Powder",,8851932301572,320.0,ponds-perfect-radiance-bb-translucent-powder,https://e-mart.com.bd/product/ponds-perfect-radiance-bb-translucent-powder/
missing_size,75066,Remington,"Remington Ceramic Straight Straightener (S3500)",,EM-REMI-CESTST-5066,7100.0,remington-ceramic-straight-straightener-s3500,https://e-mart.com.bd/product/remington-ceramic-straight-straightener-s3500/
missing_size,75080,Rimmel,"Rimmel Wonder’Ink Ultimate Liquid Eyeliner (001 Black)",,3614228654722,1650.0,rimmel-wonderink-ultimate-liquid-eyeliner-001-black,https://e-mart.com.bd/product/rimmel-wonderink-ultimate-liquid-eyeliner-001-black/
missing_size,75082,Rimmel,"Rimmel London Scandaleyes 24hr Waterproof Kohl Kajal 001 Black",,3614224079529,680.0,rimmel-london-scandaleyes-24hr-waterproof-kohl-kajal-001-black,https://e-mart.com.bd/product/rimmel-london-scandaleyes-24hr-waterproof-kohl-kajal-001-black/
missing_size,75123,Sadoer,"SADOER Green Tea Hydrating Beauty Mask",,6976504681424,110.0,sadoer-green-tea-hydrating-beauty-mask,https://e-mart.com.bd/product/sadoer-green-tea-hydrating-beauty-mask/
missing_size,75171,Sheglam,"Sheglam Snatch 'n' Define Stick- Terracotta",,EM-SHEG-SNDE-5171,1150.0,sheglam-snatch-n-define-stick-terracotta,https://e-mart.com.bd/product/sheglam-snatch-n-define-stick-terracotta/
missing_size,75176,Sheglam,"Sheglam Snatch 'n' Define Stick- Terracotta",,EM-SHEG-SNDE-5176,1150.0,sheglam-snatch-n-define-stick-terracotta-2,https://e-mart.com.bd/product/sheglam-snatch-n-define-stick-terracotta-2/
missing_size,75197,Skincafe,"Skin Cafe Soft Lips Lip Balm Vitamin E-Smoothie",,8944000592023,130.0,skin-cafe-soft-lips-lip-balm-vitamin-e-smoothie,https://e-mart.com.bd/product/skin-cafe-soft-lips-lip-balm-vitamin-e-smoothie/
missing_size,75277,"Sweet Beauty","SWEET BEAUTY Silicone Mask Stick 2-In-1",,6926641000060,200.0,sweet-beauty-silicone-mask-stick-2-in-1,https://e-mart.com.bd/product/sweet-beauty-silicone-mask-stick-2-in-1/
missing_size,75283,"Swiss Beauty","Swiss Beauty Matte Cat Lip Crayon- 14",,8904409734530,500.0,swiss-beauty-matte-cat-lip-crayon-14,https://e-mart.com.bd/product/swiss-beauty-matte-cat-lip-crayon-14/
missing_size,75285,"Swiss Beauty","Swiss Beauty Matte Cat Lip Crayon- 11",,8904409734509,500.0,swiss-beauty-matte-cat-lip-crayon-11,https://e-mart.com.bd/product/swiss-beauty-matte-cat-lip-crayon-11/
missing_size,75287,"Swiss Beauty","Swiss Beauty Matte Cat Lip Crayon- 06",,8904409734455,500.0,swiss-beauty-matte-cat-lip-crayon-06,https://e-mart.com.bd/product/swiss-beauty-matte-cat-lip-crayon-06/
missing_size,75289,"Swiss Beauty","Swiss Beauty Matte Cat Lip Crayon- 02",,8904409734417,500.0,swiss-beauty-matte-cat-lip-crayon-02,https://e-mart.com.bd/product/swiss-beauty-matte-cat-lip-crayon-02/
missing_size,75291,"Swiss Beauty","Swiss Beauty Matte Cat Lip Crayon- 01",,EM-SWIS-BEMACA-5291,500.0,swiss-beauty-matte-cat-lip-crayon-01,https://e-mart.com.bd/product/swiss-beauty-matte-cat-lip-crayon-01/
missing_size,75293,"Swiss Beauty","Swiss Beauty Matte Lip Liquid Lipstick- 38",,8904409737647,525.0,swiss-beauty-matte-lip-liquid-lipstick-38,https://e-mart.com.bd/product/swiss-beauty-matte-lip-liquid-lipstick-38/
missing_size,75295,"Swiss Beauty","Swiss Beauty Matte Lip Liquid Lipstick- 27",,EM-SWIS-BEMALI-5295,525.0,swiss-beauty-matte-lip-liquid-lipstick-27,https://e-mart.com.bd/product/swiss-beauty-matte-lip-liquid-lipstick-27/
missing_size,75297,"Swiss Beauty","Swiss Beauty Matte Lip Liquid Lipstick- 22",,8904409700382,525.0,swiss-beauty-matte-lip-liquid-lipstick-22,https://e-mart.com.bd/product/swiss-beauty-matte-lip-liquid-lipstick-22/
missing_size,75299,"Swiss Beauty","Swiss Beauty Matte Lip Liquid Lipstick-19",,8904409700351,525.0,swiss-beauty-matte-lip-liquid-lipstick-19,https://e-mart.com.bd/product/swiss-beauty-matte-lip-liquid-lipstick-19/
missing_size,75301,"Swiss Beauty","Swiss Beauty Matte Lip Liquid Lipstick- 12",,EM-SWIS-BEMALI-5301,525.0,swiss-beauty-matte-lip-liquid-lipstick-12,https://e-mart.com.bd/product/swiss-beauty-matte-lip-liquid-lipstick-12/
missing_size,75303,"Swiss Beauty","Swiss Beauty Matte Lip Liquid Lipstick- 03",,EM-SWIS-BEMALI-5303,525.0,swiss-beauty-matte-lip-liquid-lipstick-03,https://e-mart.com.bd/product/swiss-beauty-matte-lip-liquid-lipstick-03/
missing_size,75305,"Swiss Beauty","Swiss Beauty Matte Lip Liquid Lipstick- 01",,EM-SWIS-BEMALI-5305,525.0,swiss-beauty-matte-lip-liquid-lipstick-01,https://e-mart.com.bd/product/swiss-beauty-matte-lip-liquid-lipstick-01/
missing_size,75307,"Swiss Beauty","Swiss Beauty Airbrush Finish Foundation Fair Ivory SB-512",,8904409701679,900.0,swiss-beauty-airbrush-finish-foundation-fair-ivory-sb-512,https://e-mart.com.bd/product/swiss-beauty-airbrush-finish-foundation-fair-ivory-sb-512/
missing_size,75309,"Swiss Beauty","Swiss Beauty Airbrush Finish Foundation Golden Beige SB-512",,8904409701693,900.0,swiss-beauty-airbrush-finish-foundation-golden-beige-sb-512,https://e-mart.com.bd/product/swiss-beauty-airbrush-finish-foundation-golden-beige-sb-512/
missing_size,75335,Tiam,"Tiam Surprise B Patch",,8805178900006,250.0,tiam-surprise-b-patch,https://e-mart.com.bd/product/tiam-surprise-b-patch/
missing_size,75337,Tiam,"Tiam Surprise H Patch",,8805178900013,250.0,tiam-surprise-h-patch,https://e-mart.com.bd/product/tiam-surprise-h-patch/
missing_size,75339,Tiam,"Tiam Vita A Bakuchiol Firming Eye Cream",,8809416472546,1400.0,tiam-vita-a-bakuchiol-firming-eye-cream,https://e-mart.com.bd/product/tiam-vita-a-bakuchiol-firming-eye-cream/
missing_size,75349,Technic,"Technic Blueberry Pie Pressed Pigment Palette",,5021769215349,680.0,technic-blueberry-pie-pressed-pigment-palette,https://e-mart.com.bd/product/technic-blueberry-pie-pressed-pigment-palette/
missing_size,75351,Technic,"Technic Chocolate Truffle Pressed Pigment Palette",,5021769215295,680.0,technic-chocolate-truffle-pressed-pigment-palette,https://e-mart.com.bd/product/technic-chocolate-truffle-pressed-pigment-palette/
missing_size,75355,Technic,"Technic Matte Mega Bronze Palette",,5021769287162,500.0,technic-matte-mega-bronze-palette,https://e-mart.com.bd/product/technic-matte-mega-bronze-palette/
missing_size,75357,Technic,"Technic Mega Glow Highlighter Palette",,5021769287148,550.0,technic-mega-glow-highlighter-palette,https://e-mart.com.bd/product/technic-mega-glow-highlighter-palette/
missing_size,75415,"The Derma Co","The Derma CO 1% Ceramide Complex Lip Balm for Dry Lips with SPF 30",,8904417309799,620.0,the-derma-co-1-ceramide-complex-lip-balm-for-dry-lips-with-spf-30,https://e-mart.com.bd/product/the-derma-co-1-ceramide-complex-lip-balm-for-dry-lips-with-spf-30/
missing_size,75485,"Trendy Beautis","Trendy Beauties Liquid Matte Waterproof Lipstick 05",,EM-TREN-BELIMA-5485,250.0,trendy-beauties-liquid-matte-waterproof-lipstick-05,https://e-mart.com.bd/product/trendy-beauties-liquid-matte-waterproof-lipstick-05/
missing_size,75486,"Trendy Beautis","Trendy Beauties Liquid Matte Waterproof Lipstick 05",,EM-TREN-BELIMA-5486,250.0,trendy-beauties-liquid-matte-waterproof-lipstick-05-2,https://e-mart.com.bd/product/trendy-beauties-liquid-matte-waterproof-lipstick-05-2/
missing_size,75488,"Trendy Beautis","Trendy Beauties Liquid Matte Waterproof Lipstick 07",,EMTREN75488,250.0,trendy-beauties-liquid-matte-waterproof-lipstick-07,https://e-mart.com.bd/product/trendy-beauties-liquid-matte-waterproof-lipstick-07/
missing_size,75496,"Trendy Beautis","Trendy Beauties Liquid Matte Waterproof Lipstick 06",,EMTREN75496,250.0,trendy-beauties-liquid-matte-waterproof-lipstick-06,https://e-mart.com.bd/product/trendy-beauties-liquid-matte-waterproof-lipstick-06/
missing_size,75498,"Trendy Beautis","Trendy Beauties Liquid Matte Waterproof Lipstick 02",,TREN-BELIMA-75498,250.0,trendy-beauties-liquid-matte-waterproof-lipstick-02,https://e-mart.com.bd/product/trendy-beauties-liquid-matte-waterproof-lipstick-02/
missing_size,75500,"Trendy Beautis","Trendy Beauties Liquid Matte Waterproof Lipstick 10",,TREN-BELIMA-75500,250.0,trendy-beauties-liquid-matte-waterproof-lipstick-10,https://e-mart.com.bd/product/trendy-beauties-liquid-matte-waterproof-lipstick-10/
missing_size,75513,"Trendy Beautis","Trendy Beauties Liquid Matte Waterproof Lipstick 10",,TREN-BELIMA-75513,250.0,trendy-beauties-liquid-matte-waterproof-lipstick-10-2,https://e-mart.com.bd/product/trendy-beauties-liquid-matte-waterproof-lipstick-10-2/
missing_size,75569,W7,"W7 Candy Blush Angel Dust",,W7-CABLAN-75569,450.0,w7-candy-blush-angel-dust,https://e-mart.com.bd/product/w7-candy-blush-angel-dust/
missing_size,75571,W7,"W7 Candy Blush Gossip",,W7-CABLGO-75571,450.0,w7-candy-blush-gossip,https://e-mart.com.bd/product/w7-candy-blush-gossip/
missing_size,75575,W7,"W7 Candy Blush Galactic",,5060294397588,450.0,w7-candy-blush-galactic,https://e-mart.com.bd/product/w7-candy-blush-galactic/
missing_size,75579,"Wet n Wild","Wet n Wild Foundation Matte E368C (Golden Beige)",,4049775536839,1250,wet-n-wild-foundation-matte-e368c-golden-beige,https://e-mart.com.bd/product/wet-n-wild-foundation-matte-e368c-golden-beige/
missing_size,75581,"Wet n Wild","Wet n Wild Megalast Liquid Matte Lipstick 926B (Berry Recognize)",,077802592620,650.0,wet-n-wild-megalast-liquid-matte-lipstick-926b-berry-recognize,https://e-mart.com.bd/product/wet-n-wild-megalast-liquid-matte-lipstick-926b-berry-recognize/
missing_size,75605,Wishcare,"WishCare Ceramide Lip Balm Natural with SPF 50 PA+++",,8906127101045,520.0,wishcare-ceramide-lip-balm-natural-with-spf-50-pa,https://e-mart.com.bd/product/wishcare-ceramide-lip-balm-natural-with-spf-50-pa/
missing_size,75607,Wishcare,"WishCare Niacinamide Oil Balance Fluid Sunscreen Spf 50+ Pa+++",,8906127101106,990.0,wishcare-niacinamide-oil-balance-fluid-sunscreen-spf-50-pa,https://e-mart.com.bd/product/wishcare-niacinamide-oil-balance-fluid-sunscreen-spf-50-pa/
missing_size,75619,Yanagiya,"YANAGIYA Hair Tonic (Menthol Rich)",,YANA-HATOME-75619,3050.0,yanagiya-hair-tonic-menthol-rich,https://e-mart.com.bd/product/yanagiya-hair-tonic-menthol-rich/
missing_size,92892,"Some By Mi","Some By Mi AHA.BHA.PHA 30 Days Miracle Starter Kit",,,1700,some-by-mi-aha-bha-pha-30-days-miracle-starter-kit,https://e-mart.com.bd/product/some-by-mi-aha-bha-pha-30-days-miracle-starter-kit/
missing_size,92896,"Some By Mi","Some By Mi AHA BHA PHA 30 Days Miracle AC SOS Kit",,,1900,some-by-mi-aha-bha-pha-30-days-miracle-ac-sos-kit,https://e-mart.com.bd/product/some-by-mi-aha-bha-pha-30-days-miracle-ac-sos-kit/
missing_size,92910,Anua,"ANUA RETINOL 0.3 + NIACIN RENEWING SERUM 30m",,,2500,anua-retinol-0-3-niacin-renewing-serum-30m,https://e-mart.com.bd/product/anua-retinol-0-3-niacin-renewing-serum-30m/
missing_size,92916,Romnd,"Rom&amp;nd THE JUICY LASTING TINT 17 DARK COCONUT",,,1100,romampnd-the-juicy-lasting-tint-17-dark-coconut,https://e-mart.com.bd/product/romampnd-the-juicy-lasting-tint-17-dark-coconut/
missing_size,92954,"Some By Mi","Some By Mi Yuja Niacin Anti Blemish Starter Kit",,,1700,some-by-mi-yuja-niacin-anti-blemish-starter-kit,https://e-mart.com.bd/product/some-by-mi-yuja-niacin-anti-blemish-starter-kit/
missing_size,93014,Tiam,"Tiam Pore Minimizing 21 Serum and Cream Combo",,,3700,tiam-pore-minimizing-21-serum-and-cream-combo,https://e-mart.com.bd/product/tiam-pore-minimizing-21-serum-and-cream-combo/
missing_size,93022,"Some By Mi","Some By Mi Retinol Intense Trial Kit",,,1300,some-by-mi-retinol-intense-trial-kit,https://e-mart.com.bd/product/some-by-mi-retinol-intense-trial-kit/
missing_brand,93107,,"CeraVe Hydrating Sunscreen SPF30 Medium Sheer Tint 50ml",50ml,,1450,cerave-hydrating-sunscreen-spf30-medium-sheer-tint-50ml,https://e-mart.com.bd/product/cerave-hydrating-sunscreen-spf30-medium-sheer-tint-50ml/
missing_brand,93108,,"CeraVe Hydrating Sunscreen SPF 30 Light Sheer Tint 50ml",50ml,,1450,cerave-hydrating-sunscreen-spf-30-light-sheer-tint-50ml,https://e-mart.com.bd/product/cerave-hydrating-sunscreen-spf-30-light-sheer-tint-50ml/
missing_brand,93109,,"CeraVe Acne Foaming Cream Wash 150ml (10% Benzoyl Peroxide)",150ml,,3150,cerave-acne-foaming-cream-wash-150ml-10-benzoyl-peroxide,https://e-mart.com.bd/product/cerave-acne-foaming-cream-wash-150ml-10-benzoyl-peroxide/
missing_brand,93110,,"CeraVe Hydrating Cleanser 20ml",20ml,,750,cerave-hydrating-cleanser-20ml,https://e-mart.com.bd/product/cerave-hydrating-cleanser-20ml/
missing_brand,93112,,"CeraVe Moisturising Lotion For Dry To Very Dry Skin 473ml (UK Version)",473ml,,3750,cerave-moisturising-lotion-for-dry-to-very-dry-skin-473ml-uk-version,https://e-mart.com.bd/product/cerave-moisturising-lotion-for-dry-to-very-dry-skin-473ml-uk-version/
missing_brand,93113,,"CeraVe Baby Wash & Shampoo 237ml",237ml,,2600,cerave-baby-wash-shampoo-237ml,https://e-mart.com.bd/product/cerave-baby-wash-shampoo-237ml/
missing_brand,93114,,"CeraVe Daily Moisturizing Lotion 473ml (Normal To Dry Skin)",473ml,,3700,cerave-daily-moisturizing-lotion-473ml-normal-to-dry-skin,https://e-mart.com.bd/product/cerave-daily-moisturizing-lotion-473ml-normal-to-dry-skin/
missing_brand,93115,,"CeraVe Baby Moisturizing Cream 142g",142g,,2390,cerave-baby-moisturizing-cream-142g,https://e-mart.com.bd/product/cerave-baby-moisturizing-cream-142g/
missing_brand,93116,,"CeraVe AM Facial Moisturizing Lotion with Sunscreen 60ml",60ml,,1750,cerave-am-facial-moisturizing-lotion-with-sunscreen-60ml,https://e-mart.com.bd/product/cerave-am-facial-moisturizing-lotion-with-sunscreen-60ml/
missing_brand,93117,,"CeraVe Hydrating Cream To Foam Cleanser For Normal To Dry Skin 237ml",237ml,,2500,cerave-hydrating-cream-to-foam-cleanser-for-normal-to-dry-skin-237ml,https://e-mart.com.bd/product/cerave-hydrating-cream-to-foam-cleanser-for-normal-to-dry-skin-237ml/
missing_brand,93118,,"CeraVe Eye Repair Cream (USA Version)",,,2150,cerave-eye-repair-cream-usa-version,https://e-mart.com.bd/product/cerave-eye-repair-cream-usa-version/
missing_brand,93119,,"CeraVe SA Smoothing Cream 177ml",177ml,,2350,cerave-sa-smoothing-cream-177ml,https://e-mart.com.bd/product/cerave-sa-smoothing-cream-177ml/
missing_brand,93120,,"CeraVe Hydrating Foaming Oil Cleanser 236ml",236ml,,2450,cerave-hydrating-foaming-oil-cleanser-236ml,https://e-mart.com.bd/product/cerave-hydrating-foaming-oil-cleanser-236ml/
missing_brand,93121,,"CeraVe Resurfacing Retinol Serum 30ml (USA Version)",30ml,,3000,cerave-resurfacing-retinol-serum-30ml-usa-version,https://e-mart.com.bd/product/cerave-resurfacing-retinol-serum-30ml-usa-version/
missing_brand,93122,,"CeraVe Daily Moisturizing Lotion 237ml (USA Version)",237ml,,3850,cerave-daily-moisturizing-lotion-237ml-usa-version,https://e-mart.com.bd/product/cerave-daily-moisturizing-lotion-237ml-usa-version/
missing_brand,93123,,"CeraVe Moisturizing Cream 340g UK Version (Dry To Very Dry Skin)",340g,,3290,cerave-moisturizing-cream-340g-uk-version-dry-to-very-dry-skin,https://e-mart.com.bd/product/cerave-moisturizing-cream-340g-uk-version-dry-to-very-dry-skin/
missing_brand,93138,,"Beauty of Joseon Revive Eye Serum Ginseng Retinal 10ml",10ml,,550,beauty-of-joseon-revive-eye-serum-ginseng-retinal-10ml,https://e-mart.com.bd/product/beauty-of-joseon-revive-eye-serum-ginseng-retinal-10ml/
missing_brand,93139,,"Beauty of Joseon Revive Eye Serum Ginseng Retinal 30ml",30ml,,2100,beauty-of-joseon-revive-eye-serum-ginseng-retinal-30ml,https://e-mart.com.bd/product/beauty-of-joseon-revive-eye-serum-ginseng-retinal-30ml/
missing_brand,93143,,"Beauty of Joseon Rice + Probiotics Sunscreen 10ml",10ml,,450,beauty-of-joseon-rice-probiotics-sunscreen-10ml,https://e-mart.com.bd/product/beauty-of-joseon-rice-probiotics-sunscreen-10ml/
