action,post_id,slug,field,before,after
set,23112,the-ordinary-niacinamide-10-zinc-1-30ml,pa_ingredient,,niacinamide
set,93160,cosrx-salicylic-acid-daily-gentle-cleanser-150ml,pa_ingredient,,bha
set,93139,beauty-of-joseon-revive-eye-serum-ginseng-retinal-30ml,pa_ingredient,,retinol|ginseng
set,93138,beauty-of-joseon-revive-eye-serum-ginseng-retinal-10ml,pa_ingredient,,retinol|ginseng
set,93121,cerave-resurfacing-retinol-serum-30ml-usa-version,pa_ingredient,,retinol
set,93078,tiam-b3-niacin-sunscreen-spf-50-pa-50ml,pa_ingredient,,niacinamide
set,93042,zeze-hyper-cica-primer-tone-up-sun-50ml-spf-50-pa,pa_ingredient,,centella
set,93032,im-from-mugwort-essence-30ml,pa_ingredient,,mugwort
set,93030,isntree-hyaluronic-acid-moist-cream-100ml,pa_ingredient,,hyaluronic-acid
set,93028,cosrx-advanced-snail-96-mucin-power-essence-100ml,pa_ingredient,,snail-mucin
set,93026,aplb-kojic-acid-vitamin-c-body-lotion-300ml,pa_ingredient,,vitamin-c
set,93022,some-by-mi-retinol-intense-trial-kit,pa_ingredient,,retinol
set,93020,isntree-chestnut-aha-8-clear-essence-100ml,pa_ingredient,,aha
set,93018,beauty-of-joseon-revive-serum-ginseng-snail-mucin-60ml,pa_ingredient,,ginseng|snail-mucin
set,93016,some-by-mi-aha-bha-pha-30-days-miracle-serum-50ml,pa_ingredient,,bha|aha
set,93002,the-ordinary-multi-peptide-serum-for-hair-density-60ml,pa_ingredient,,peptide
set,92998,some-by-mi-aha-bha-pha-30-days-miracle-serum-light-50ml,pa_ingredient,,bha|aha
set,92994,some-by-mi-yuja-niacin-brightening-toner-150ml,pa_ingredient,,niacinamide
set,92984,skin1004-madagascar-centella-tone-brightening-capsule-ampoule-50ml,pa_ingredient,,centella
set,92972,ksecret-seoul-1988-cream-retinal-liposome-1-fermented-rice-50ml,pa_ingredient,,retinol
set,92954,some-by-mi-yuja-niacin-anti-blemish-starter-kit,pa_ingredient,,niacinamide
set,92952,isntree-green-tea-fresh-serum-50ml,pa_ingredient,,tea-tree
set,92950,heimish-marine-care-algaepeptide-eye-cream-30ml,pa_ingredient,,peptide
set,92948,cos-de-baha-h-hyaluronic-acid-serum-30ml,pa_ingredient,,hyaluronic-acid
set,92944,cos-de-baha-azelaic-acid-10-serum-az-30ml,pa_ingredient,,azelaic-acid
set,92942,skin1004-madagascar-centella-tea-trica-b5-cream-75ml,pa_ingredient,,centella
set,92934,purito-wonder-releaf-centella-serum-unscented-15ml-mini,pa_ingredient,,centella
set,92924,bonajour-green-tea-water-toner-205ml,pa_ingredient,,tea-tree
set,92922,bonajour-propolis-energy-toner-205ml,pa_ingredient,,propolis
set,92918,maryampmay-white-collagen-cleansing-foam-150ml,pa_ingredient,,collagen
set,92914,numbuzin-no-2-rose-pdrn-collagen-2x-plumping-serum-30ml,pa_ingredient,,collagen
set,92910,anua-retinol-0-3-niacin-renewing-serum-30m,pa_ingredient,,niacinamide|retinol
set,92908,cos-de-baha-aha-bha-clarifying-toner-200ml-gs,pa_ingredient,,bha|aha
set,92906,isntree-green-tea-fresh-toner-200ml,pa_ingredient,,tea-tree
set,92904,skin1004-madagascar-centella-ampoule-foam-cleanser-125ml,pa_ingredient,,centella
set,92902,purito-seoul-wonder-releaf-centella-serum-60ml,pa_ingredient,,centella
set,92900,skin1004-madagascar-centella-asiatica-sooting-cream-75ml,pa_ingredient,,centella
set,92896,some-by-mi-aha-bha-pha-30-days-miracle-ac-sos-kit,pa_ingredient,,bha|aha
set,92886,some-by-mi-aha-bha-pha-14-days-super-miracle-spot-all-kill-cream-30ml,pa_ingredient,,bha|aha
set,92884,skin1004-madagascar-centella-ampoule-30ml,pa_ingredient,,centella
set,92882,cos-de-baha-salicylic-acid-bha-2-liquid-with-niacinamide-2-120ml-s2,pa_ingredient,,niacinamide|bha
set,92878,skin1004-madagascar-centella-ampoule-foam-20ml-mini,pa_ingredient,,centella
set,92876,cos-de-baha-m-a-peptide-cream-45ml,pa_ingredient,,peptide
set,92870,cos-de-baha-vitamin-b5-4-hyaluronic-acid-serum-30ml-hp,pa_ingredient,,hyaluronic-acid
set,92866,im-from-mugwort-cream-50ml,pa_ingredient,,mugwort
set,92860,skin1004-madagascar-centella-tea-trica-bha-foam-125ml,pa_ingredient,,bha|centella
set,92856,some-by-mi-propolis-b5-glow-barrier-calming-oil-to-foam-120ml,pa_ingredient,,propolis
set,92854,medicube-collagen-jelly-cream-110ml,pa_ingredient,,collagen
set,92848,the-face-shop-rice-water-bright-cleansing-light-oil-150ml,pa_ingredient,,rice
set,92846,isntree-green-tea-fresh-cleanser-120ml,pa_ingredient,,tea-tree
set,92838,cos-de-baha-10-niacinamide-booster-serum-with-1-zinc-30ml-n,pa_ingredient,,niacinamide
set,92822,the-ordinary-retinol-0-2-in-squalane-30ml,pa_ingredient,,retinol
set,92816,cos-de-baha-m-a-peptide-serum-30ml,pa_ingredient,,peptide
set,92814,cos-de-baha-arbutin-5niacinamide-5-serum-30ml-an,pa_ingredient,,niacinamide
set,92808,3w-clinic-collagen-amp-luxury-gold-revitalizing-comfort-gold-essence-150ml,pa_ingredient,,collagen
set,92804,the-ordinary-retinol-1-in-squalane-30ml,pa_ingredient,,retinol
set,91693,isntree-hyaluronic-acid-aqua-gel-cream-100ml,pa_ingredient,,hyaluronic-acid
set,75839,beaute-glutathione-skin1004-centella-brightening-combo-2pcs,pa_ingredient,,centella
set,75611,wishcare-aha-bha-body-lotion-200ml,pa_ingredient,,bha|aha
set,75607,wishcare-niacinamide-oil-balance-fluid-sunscreen-spf-50-pa,pa_ingredient,,niacinamide
set,75605,wishcare-ceramide-lip-balm-natural-with-spf-50-pa,pa_ingredient,,ceramide
set,75603,wishcare-vitamin-c-pure-glow-milk-sunscreen-ultra-light-spf-50-pa-50g,pa_ingredient,,vitamin-c
set,75597,wishcare-super-bright-vitamin-c16-serum-30ml,pa_ingredient,,vitamin-c
set,75595,wishcare-multi-peptide-anti-hairfall-shampoo-250ml,pa_ingredient,,peptide
set,75593,wishcare-2-salicylic-acid-face-wash-100ml,pa_ingredient,,bha
set,75591,wishcare-collagen-retinol-body-lotion-200ml,pa_ingredient,,retinol|collagen
set,75589,wishcare-multi-peptide-anti-hairfall-conditioner-200ml,pa_ingredient,,peptide
set,75583,wishcare-aha-bha-anti-dandruff-shampoo-250ml,pa_ingredient,,bha|aha
set,75565,wskinlab-stop-aging-peptide-cream-50ml,pa_ingredient,,peptide
set,75563,wskinlab-stop-aging-peptide-essence-100ml,pa_ingredient,,peptide
set,75561,wskinlab-stop-aging-peptide-toner-250ml,pa_ingredient,,peptide
set,75557,wskinlab-stop-aging-peptide-sheet-mask-22ml,pa_ingredient,,peptide
set,75533,vaseline-blue-blue-seal-nourishing-skin-vitamin-e-petroleum-jelly-100ml,pa_ingredient,,vitamin-e
set,75465,the-yeon-vita7-c-nergy-vitamin-cream-100ml,pa_ingredient,,vitamin-c
set,75445,the-derma-co-10-niacinamide-face-serum-for-acne-marks-30ml,pa_ingredient,,niacinamide
set,75443,the-derma-co-2-salicylic-acid-face-serum-30ml,pa_ingredient,,bha
set,75439,the-derma-co-0-3-retinol-face-serum-for-spotless-skin-30ml,pa_ingredient,,retinol
set,75437,the-derma-co-1-salicylic-acid-gel-face-wash-100ml,pa_ingredient,,bha
set,75435,the-derma-co-1-salicylic-acid-foaming-daily-face-wash-for-acne-100ml,pa_ingredient,,bha
set,75433,the-derma-co-1-hyaluronic-sunscreen-spf50-pa-50g,pa_ingredient,,hyaluronic-acid
set,75429,the-derma-co-1-hyaluronic-tinted-sunscreen-gel-for-broad-spectrum-protection-50g-30-09-2026,pa_ingredient,,hyaluronic-acid
set,75427,the-derma-co-oil-free-daily-face-moisturizer-with-hyaluronic-acid-100g,pa_ingredient,,hyaluronic-acid
set,75425,the-derma-co-5-vitamin-c-oil-free-daily-face-moisturizer-for-radiance-100g,pa_ingredient,,vitamin-c
set,75423,the-derma-co-pore-minimizing-face-serum-with-4-niacinamide-5-pha-and-p-refinyl-30ml,pa_ingredient,,niacinamide
set,75421,the-derma-co-0-1-retinol-serum-for-spotless-skin-30ml,pa_ingredient,,retinol
set,75417,the-derma-co-1-kojic-acid-lip-balm-with-alpha-arbutin-hyaluronic-acid-4g,pa_ingredient,,hyaluronic-acid
set,75415,the-derma-co-1-ceramide-complex-lip-balm-for-dry-lips-with-spf-30,pa_ingredient,,ceramide
set,75413,the-derma-co-hair-growth-serum-with-20-actives-peptide-stem-cell-30ml,pa_ingredient,,peptide
set,75411,the-derma-co-1-salicylic-acid-oil-free-daily-face-moisturizer-50g,pa_ingredient,,bha
set,75409,the-derma-co-4-urea-deep-moisturizing-cream-with-lactic-acid-100g,pa_ingredient,,aha
set,75407,the-derma-co-1-hyaluronic-quick-absorbing-sunscreen-spray-with-hyaluronic-acid-vitamin-e-100ml,pa_ingredient,,vitamin-e|hyaluronic-acid
set,75403,the-derma-co-1-hyaluronic-long-lasting-sunscreen-50g,pa_ingredient,,hyaluronic-acid
set,75401,the-derma-co-5-niacinamide-daily-face-serum-30ml,pa_ingredient,,niacinamide
set,75399,the-derma-co-5-nia-ceramide-mattifying-moisturizer-100g,pa_ingredient,,ceramide
set,75397,the-derma-co-5-nia-ceramide-daily-hydrating-moisturizer-for-normal-to-combination-skin-100g,pa_ingredient,,ceramide
set,75395,the-derma-co-7-glycolic-acid-hydrating-toner-150ml,pa_ingredient,,aha
set,75391,the-derma-co-2-niacinamide-oily-skin-cleanser-125ml,pa_ingredient,,niacinamide
set,75389,the-derma-co-2-niacinamide-gentle-face-cleanser-125ml,pa_ingredient,,niacinamide
set,75387,the-derma-co-snail-peptide-96-under-eye-repair-cream-15g,pa_ingredient,,peptide
set,75383,the-derma-co-3-aha-bha-foaming-face-wash-100ml,pa_ingredient,,bha|aha
set,75379,the-derma-co-peptide-stem-cell-hair-fall-control-shampoo-200ml,pa_ingredient,,peptide
set,75369,the-derma-co-2-vitamin-c-gel-daily-face-wash-80ml,pa_ingredient,,vitamin-c
set,75367,the-derma-co-5-vitamin-c-daily-face-serum-30ml,pa_ingredient,,vitamin-c
set,75363,the-derma-co-1-salicylic-acid-daily-exfoliating-body-wash-250ml,pa_ingredient,,bha
set,75339,tiam-vita-a-bakuchiol-firming-eye-cream,pa_ingredient,,bakuchiol
set,75311,swiss-beauty-natural-makeup-fixer-aloe-vera-with-vitamin-e-70ml,pa_ingredient,,vitamin-e
set,75249,skino-niacinamide-ultra-light-glow-toner-100ml,pa_ingredient,,niacinamide
set,75247,skino-vitamin-c-oil-control-facewash-lemon-110ml,pa_ingredient,,vitamin-c
set,75247,skino-vitamin-c-oil-control-facewash-lemon-110ml,pa_skin_type,,oily
set,75245,skino-tea-tree-toner-with-light-aha-bha-pha-100ml,pa_ingredient,,tea-tree
set,75237,skino-ultimate-glow-vitamin-e-nourishing-body-lotion-220ml,pa_ingredient,,vitamin-e
set,75227,skino-daily-gel-moisturizer-with-niacinamide-green-tea-70ml,pa_ingredient,,niacinamide|tea-tree
set,75225,skino-refresh-your-skin-tea-tree-soothing-shower-gel-220ml,pa_ingredient,,tea-tree
set,75213,skin-cafe-hydrating-hyaluronic-acid-face-wash-with-seaweed-extract-dry-sensitive-skin-140ml,pa_ingredient,,hyaluronic-acid
set,75209,skin-cafe-100-natural-essential-oil-rosemary-10ml,pa_ingredient,,rosemary
set,75197,skin-cafe-soft-lips-lip-balm-vitamin-e-smoothie,pa_ingredient,,vitamin-e
set,75193,skin-cafe-all-day-moisturizer-with-niacinamide-50g,pa_ingredient,,niacinamide
set,75191,skin-cafe-soothing-aloe-vera-facewash-with-salicylic-acid-140ml,pa_ingredient,,bha
set,75187,simple-10-vitamin-cef-booster-serum-30ml,pa_ingredient,,vitamin-c
set,75169,seravix-anti-aging-brightening-body-lotion-with-collagen-alpha-arbutin-240ml,pa_ingredient,,collagen
set,75165,seravix-2-salicylic-acid-acne-control-cleanser-240ml,pa_ingredient,,bha
set,75163,seravix-2-salicylic-acid-acne-control-cleanser-90ml,pa_ingredient,,bha
set,75155,skin1004-hyalu-cica-first-ampoule-100ml,pa_ingredient,,centella
set,75153,skin1004-centella-hyalu-cica-brightening-toner-30ml,pa_ingredient,,centella
set,75151,sadoer-green-tea-oil-control-facial-mask-25g,pa_ingredient,,tea-tree
set,75151,sadoer-green-tea-oil-control-facial-mask-25g,pa_skin_type,,oily
set,75137,sadoer-hyaluronic-acid-hydration-eye-mask-7-5g,pa_ingredient,,hyaluronic-acid
set,75123,sadoer-green-tea-hydrating-beauty-mask,pa_ingredient,,tea-tree
set,75105,melano-cc-vitamin-c-brightening-lotion-rich-170ml,pa_ingredient,,vitamin-c
set,74987,palmers-coconut-oil-formula-with-vitamin-e-coconut-oil-shampoo-400ml,pa_ingredient,,vitamin-e
set,74929,nivea-cocoa-butter-body-lotion-vitamin-e-for-dry-skin-625ml,pa_ingredient,,vitamin-e
set,74929,nivea-cocoa-butter-body-lotion-vitamin-e-for-dry-skin-625ml,pa_skin_type,,dry
set,74913,nature-beauty-tea-tree-face-wash-100ml,pa_ingredient,,tea-tree
set,74907,nature-beauty-salicylic-acid-2-face-serum-30ml,pa_ingredient,,bha
set,74887,minimalist-2-salicylic-acid-serum-30ml,pa_ingredient,,bha
set,74885,minimalist-vitamin-c-10-face-serum-30ml,pa_ingredient,,vitamin-c
set,74883,minimalist-vitamin-c-e-ferulic-16-face-serum-20ml,pa_ingredient,,vitamin-c
set,74881,minimalist-multi-peptides-10-face-serum-30ml,pa_ingredient,,peptide
set,74877,minimalist-niacinamide-5-face-serum-30ml,pa_ingredient,,niacinamide
set,74875,minimalist-l-ascorbic-acid-8-lip-treatment-balm-12g,pa_ingredient,,vitamin-c
set,74861,minimalist-0-6-retinol-face-serum-30ml,pa_ingredient,,retinol
set,74816,mamaearth-rosemary-hair-growth-oil-150ml,pa_ingredient,,rosemary
set,74814,mamaearth-vitamin-c-foaming-facewash-150ml,pa_ingredient,,vitamin-c
set,74796,mamaearth-vitamin-c-face-scrub-100g,pa_ingredient,,vitamin-c
set,74794,mamaearth-tea-tree-oil-free-face-moisturizer-80g,pa_ingredient,,tea-tree
set,74790,mamaearth-vitamin-c-daily-glow-face-wash-100ml,pa_ingredient,,vitamin-c
set,74784,mamaearth-vitamin-c-oil-free-face-moisturizer-80g,pa_ingredient,,vitamin-c
set,74747,laxzin-anti-hair-loss-shampoo-with-vitamin-e-biotin-400ml,pa_ingredient,,vitamin-e
set,74743,laxzin-multi-peptide-hair-serum-30ml,pa_ingredient,,peptide
set,74735,lavino-neem-purifying-face-wash-with-0-5-salicylic-acid-100ml,pa_ingredient,,bha
set,74733,lavino-brightening-moisturizer-with-alpha-arbutin-vitamin-e-50ml,pa_ingredient,,vitamin-e
set,74731,lavino-vitamin-c-face-wash-with-tangerine-extract,pa_ingredient,,vitamin-c
set,74640,kose-cosmeport-softymo-hyaluronic-acid-cleansing-foam-150g,pa_ingredient,,hyaluronic-acid
set,74615,jumiso-waterfull-hyaluronic-acid-cooling-sun-stick-18g,pa_ingredient,,hyaluronic-acid
set,74613,jigott-collagen-uv-sun-block-spf50-pa,pa_ingredient,,collagen
set,74609,isntree-mugwort-calming-deep-cleansing-oil-200ml,pa_ingredient,,mugwort
set,74522,im-from-ginseng-serum-30ml,pa_ingredient,,ginseng
set,74484,good-molecules-niacinamide-brightening-toner-30ml,pa_ingredient,,niacinamide
set,74474,gfors-salicylic-acid-deep-cleansing-foam-150ml,pa_ingredient,,bha
set,74462,fayankou-vitamin-c-eye-mask-7-9g,pa_ingredient,,vitamin-c
set,74382,dot-and-key-retinol-ceramide-night-repair-cream-15ml,pa_ingredient,,retinol|ceramide
set,74380,dot-and-key-cica-calming-mattifying-sunscreen-spf-50-pa-with-niacinamide-50g,pa_ingredient,,niacinamide|centella
set,74378,dot-and-key-cica-calming-mattifying-sunscreen-spf-50-pa-with-niacinamide-80g,pa_ingredient,,niacinamide|centella
set,74374,dhc-slow-release-special-vitamin-c-supplement-tablet-60-days,pa_ingredient,,vitamin-c
set,74372,deconstruct-lightweight-gel-water-resistant-sunscreen-for-oily-skin-spf-55-and-pa-50g,pa_skin_type,,oily
set,74370,deconstruct-fluid-brightening-sunscreen-for-dry-skin-spf-50-50g,pa_skin_type,,dry
set,74368,deconstruct-oil-free-moisturizer-for-oily-skin-50g,pa_skin_type,,oily
set,74365,daiso-deep-c-collagen-moisture-gel-cream-40g,pa_ingredient,,collagen
set,74363,daiso-deep-h-hyaluronic-acid-moisture-gel-cream-40g,pa_ingredient,,hyaluronic-acid
set,74361,daiso-cica-lotion-d-120ml,pa_ingredient,,centella
set,74355,daiso-hyaluronic-acid-supplement-15-days-30-tablet,pa_ingredient,,hyaluronic-acid
set,74347,dabo-hyaluronic-sheet-mask-23g,pa_ingredient,,hyaluronic-acid
set,74345,dabo-collagen-sheet-mask-23g,pa_ingredient,,collagen
set,74343,dabo-green-tea-sheet-mask-23g,pa_ingredient,,tea-tree
set,74337,dabo-tea-tree-sheet-mask-23g,pa_ingredient,,tea-tree
set,74325,coxir-brown-rice-niacinamide-peeling-mist-80ml,pa_ingredient,,niacinamide
set,74323,coxir-green-tea-ph-clear-foam-cleanser-150ml,pa_ingredient,,tea-tree
set,74308,skincare-combo-01-skin1004-madagascar-centella-tone-brightening-capsule-ampoule-30ml-dot-key-72-hr-hydrating-gel-moisturizer-probiotics-15ml-mary-may-tranexamic-glutathione-eye-cream-12g,pa_ingredient,,centella
set,74300,combo-dabo-all-in-one-snail-96-mucin-essence-100ml-dabo-all-in-one-black-snail-repair-cream-50ml,pa_ingredient,,snail-mucin
set,74271,carenel-hyaluvita-b5-cica-serum-30ml,pa_ingredient,,centella
set,74269,carenel-cicavita-b5-tranexamic-acid-toner-155ml,pa_ingredient,,centella
set,74259,acne-combo-carenel-niacinamide-10-zinc-1-serum-30ml-carenel-cicavita-b5-salicylic-acid-gentle-cleanser-150ml,pa_ingredient,,niacinamide|bha|centella
set,74255,carenel-peptide-max-rescue-eye-cream-25ml,pa_ingredient,,peptide
set,74253,cosrx-full-fit-propolis-lip-sleeping-mask-20g-exp16-04-2026,pa_ingredient,,propolis
set,74239,retina-oroclin-acne-clearing-gel-with-salicylic-acid-20g,pa_ingredient,,bha
set,74235,boots-vitamin-c-brightening-sheer-sunscreen-spf50-pa,pa_ingredient,,vitamin-c
set,74213,bellflower-bifida-galactomyces-first-serum-30ml,pa_ingredient,,bifida
set,74207,beauty-of-joseon-light-on-serum-centella-vita-c-30ml,pa_ingredient,,centella
set,74114,bioaqua-freshen-orange-vitamin-c-brighten-facial-mask-25g,pa_ingredient,,vitamin-c
set,74112,bioaqua-green-tea-moisturizing-facial-mask-25g,pa_ingredient,,tea-tree
set,74094,avene-cicalfate-plus-repairing-protective-cream-40ml,pa_ingredient,,centella
set,74080,innsaei-salicylic-acid-acne-solution-cleansing-foam-150ml,pa_ingredient,,bha
set,74076,innsaei-hyaluronic-sunscreen-50ml,pa_ingredient,,hyaluronic-acid
set,74072,innsaei-niacinamide-body-lotion-with-vitamin-e-300ml,pa_ingredient,,vitamin-e|niacinamide
set,74068,aqualogica-radiance-squishy-shower-gel-with-watermelon-niacinamide-for-radiant-skin-250ml,pa_ingredient,,niacinamide
set,74066,aqualogica-radiance-smoothie-face-wash-with-watermelon-niacinamide-for-clear-oil-free-skin-100ml,pa_ingredient,,niacinamide
set,74064,aqualogica-glow-smoothie-face-wash-with-papaya-vitamin-c-for-glowing-skin-100ml,pa_ingredient,,vitamin-c
set,63977,neogen-cica-repair-snail-cream-50ml,pa_ingredient,,centella
set,63957,bellflower-retinol-cream-for-wrinkle-care-30ml,pa_ingredient,,retinol
set,63947,isntree-hyaluronic-acid-natural-sun-cream-50ml,pa_ingredient,,hyaluronic-acid
set,63937,dr-ceuracle-royal-vita-propolis-33-capsule-eye-cream-20ml,pa_ingredient,,propolis
set,63931,bonajour-tea-tree-scalp-refreshing-shampoo-320ml,pa_ingredient,,tea-tree
set,63927,bonajour-green-tea-water-bomb-cream-20ml-mini,pa_ingredient,,tea-tree
set,63925,iunik-centella-mini-set,pa_ingredient,,centella
set,63923,cosrx-lip-sleep-special-propolis-20g,pa_ingredient,,propolis
set,63921,some-by-mi-aha-bha-pha-calming-body-lotion-200ml,pa_ingredient,,bha|aha
set,63919,some-by-mi-aha-bha-pha-calming-truecica-micellar-cleansing-water-300ml,pa_ingredient,,bha|aha|centella
set,63913,the-inkey-list-retinol-30-ml,pa_ingredient,,retinol
set,63907,the-inkey-list-niacinamide-30ml,pa_ingredient,,niacinamide
set,63893,the-inkey-list-retinol-eye-cream-15-ml,pa_ingredient,,retinol
set,63891,the-inkey-list-hyaluronic-acid-30-ml,pa_ingredient,,hyaluronic-acid
set,63889,the-inkey-list-lactic-acid-30-ml,pa_ingredient,,aha
set,63887,the-inkey-list-peptide-moisturizer-50-ml,pa_ingredient,,peptide
set,63879,the-inkey-list-15-vitamin-c-and-egf-30-ml,pa_ingredient,,vitamin-c|egf
set,63877,the-inkey-list-glycolic-acid-toner-100-ml,pa_ingredient,,aha
set,63875,the-inkey-list-vitamin-c-30ml,pa_ingredient,,vitamin-c
set,63873,the-inkey-list-collagen-booster-30ml,pa_ingredient,,collagen
set,63855,panoxyl-acne-foaming-wash-benzoyl-peroxide-10-156-g,pa_skin_type,,oily
set,63805,rated-green-cold-brew-rosemary-balancing-scalp-pack-50ml,pa_ingredient,,rosemary
set,63799,rated-green-cold-brew-rosemary-balancing-scalp-pack-200ml,pa_ingredient,,rosemary
set,63787,la-roche-posay-effaclar-duo-anti-imperfections-for-oily-acne-prone-skin-40ml,pa_skin_type,,oily
set,63785,isntree-chestnut-bha-2-clear-liquid-100ml,pa_ingredient,,bha
set,63781,isntree-hyaluronic-acid-water-essence-15ml,pa_ingredient,,hyaluronic-acid
set,63779,innisfree-true-mild-cica-sunscreen-spf50-pa-35ml-physical-sunscreen,pa_ingredient,,centella
set,63779,innisfree-true-mild-cica-sunscreen-spf50-pa-35ml-physical-sunscreen,pa_skin_type,,oily
set,63775,heimish-matcha-biome-amino-acne-cleansing-foam-150ml,pa_skin_type,,oily
set,63773,some-by-mi-truecica-aqua-calming-suncream-50ml-50pa,pa_ingredient,,centella
set,63761,the-ordinary-salicylic-acid-2-masque-50ml,pa_ingredient,,bha
set,63759,the-ordinary-ascorbic-acid-8-alpha-arbutin-2-30ml,pa_ingredient,,vitamin-c
set,63757,the-ordinary-granactive-retinoid-2-in-squalane-30ml,pa_ingredient,,retinol
set,63755,the-ordinary-multi-peptide-ha-serum-30ml,pa_ingredient,,hyaluronic-acid|peptide
set,63753,the-ordinary-multi-peptide-eye-serum-15ml,pa_ingredient,,peptide
set,63749,isntree-tw-real-bifida-ampoule-50ml,pa_ingredient,,bifida
set,63747,im-from-mugwort-essence-160mlheimish-green-foam-cleanser-30ml,pa_ingredient,,mugwort
set,63745,the-ordinary-mandelic-acid-10-ha-30ml,pa_ingredient,,hyaluronic-acid|aha
set,63735,the-ordinary-granactive-retinoid-2-emulsion-30ml,pa_ingredient,,retinol
set,63733,the-ordinary-lactic-acid-10-ha-30ml,pa_ingredient,,hyaluronic-acid|aha
set,63731,the-ordinary-glycolic-acid-7-toning-solution-240ml,pa_ingredient,,aha
set,63727,the-ordinary-natural-moisturizing-factors-ha-30ml,pa_ingredient,,hyaluronic-acid
set,63725,the-ordinary-natural-moisturizing-factors-ha-100ml,pa_ingredient,,hyaluronic-acid
set,63723,the-ordinary-buffet-copper-peptides-1-30ml,pa_ingredient,,peptide
set,63719,the-ordinary-ascorbyl-tetraisopalmitate-solution-20-in-vitamin-f-30ml,pa_ingredient,,vitamin-c
set,63717,the-ordinary-granactive-retinoid-5-in-squalane-30ml,pa_ingredient,,retinol
set,63689,neutrogena-rapid-wrinkle-repair-retinol-regenerating-cream-48g,pa_ingredient,,retinol
set,63675,bonajour-eggplant-bha-daily-toner-205ml,pa_ingredient,,bha
set,63673,isntree-green-tea-fresh-emulsion-120ml,pa_ingredient,,tea-tree
set,63669,some-by-mi-propolis-b5-glow-barrier-calming-cream-60ml,pa_ingredient,,propolis
set,63667,im-from-mugwort-spot-gel-15ml-im-from-fig-boosting-essence-30ml-free,pa_ingredient,,mugwort
set,63665,by-wishtrend-vitamin-a-mazing-bakuchiol-night-cream-30ml,pa_ingredient,,bakuchiol
set,63657,cerave-skin-renewing-vitamin-c-serum-30ml,pa_ingredient,,vitamin-c
set,63647,heimish-matcha-biome-intensive-repair-cream-50ml,pa_skin_type,,oily
set,63641,innisfree-green-active-ceramide-barrier-cream-50ml,pa_ingredient,,ceramide
set,63637,kaine-rosemary-relief-gel-cleanser-150ml,pa_ingredient,,rosemary
set,63631,kaine-chaga-collagen-charging-serum-30ml,pa_ingredient,,collagen
set,63629,neogen-dermalogy-real-niacinamide-15-serum-30ml,pa_ingredient,,niacinamide
set,63619,heimish-matcha-biome-oil-free-calming-gel-moisturizer-100ml,pa_skin_type,,oily
set,63607,some-by-mi-yuja-niacin-dark-spot-correcting-stick-10g,pa_ingredient,,niacinamide
set,63603,the-ordinary-salicylic-acid-2-solution-30ml,pa_ingredient,,bha
set,63591,cos-de-baha-niacinamide-facial-toner-hydrating-pore-minimizing-200ml-nt,pa_ingredient,,niacinamide
set,63579,bonajour-peptide-water-cream-100ml,pa_ingredient,,peptide
set,63577,beauty-of-joseon-ginseng-essence-water-mini-deluxe-40ml,pa_ingredient,,ginseng
set,63573,bonajour-ac-control-green-tea-lotion-150ml,pa_ingredient,,tea-tree
set,63561,heimish-moringa-ceramide-pressed-setting-powder-5g,pa_ingredient,,ceramide
set,63555,haruharu-wonder-black-rice-hyaluronic-toner-150ml,pa_ingredient,,hyaluronic-acid
set,63553,haruharu-wonder-black-rice-serum-30ml,pa_ingredient,,rice
set,63533,mixsoon-centella-asiatica-toner-150ml,pa_ingredient,,centella
set,63509,tocobo-collagen-brightening-eye-gel-cream-30ml,pa_ingredient,,collagen
set,63505,the-ordinary-lactic-acid-5-ha-30ml,pa_ingredient,,hyaluronic-acid|aha
set,63483,isntree-hyaluronic-acid-water-sleeping-mask-100ml,pa_ingredient,,hyaluronic-acid
set,63475,beauty-of-joseon-calming-serum-green-tea-panthenol-10ml-mini,pa_ingredient,,tea-tree
set,63465,heimish-marine-care-retinol-eye-serum-30ml,pa_ingredient,,retinol
set,63457,cerave-renewing-sa-cleanser-for-normal-skin-473ml,pa_skin_type,,normal
set,63453,purito-wonder-releaf-centella-toner-unscented-30ml-mini,pa_ingredient,,centella
set,63447,bonajour-extreme-cica-serum-cica-cream-50ml,pa_ingredient,,centella
set,63445,skin-1004-madagascar-centella-asiatica-100-ampoule-100ml,pa_ingredient,,centella
set,63443,skin1004-madagascar-centella-hyalu-cica-blue-serum-50ml,pa_ingredient,,centella
set,63439,differin-gel-acne-treatment-45g,pa_skin_type,,oily
set,63371,numbuzin-no-4-collagen-73-pudding-serum-50ml,pa_ingredient,,collagen
set,63359,beauty-of-joseon-ginseng-moist-sun-serum-50ml,pa_ingredient,,ginseng
set,63357,benton-goodbye-redness-centella-cica-gel-100ml,pa_ingredient,,centella
set,63355,benton-goodbye-redness-centella-powder-wash-80g,pa_ingredient,,centella
set,63337,3w-clinic-vitamin-c-foam-cleansing-100-ml,pa_ingredient,,vitamin-c
set,63335,3w-clinic-collagen-retinol-ball-eye-serum-30ml,pa_ingredient,,retinol|collagen
set,63331,numbuzin-no-2-cica-ceramide-repair-cream-60ml,pa_ingredient,,ceramide|centella
set,63329,3w-clinic-collagen-luxury-24k-gold-anti-wrinkle-ampoule-55ml,pa_ingredient,,collagen
set,63321,numbuzin-no-8-fine-cica-serum-50ml,pa_ingredient,,centella
set,63317,skin1004-madagascar-centella-hyalu-cica-water-fit-sun-serum-50ml,pa_ingredient,,centella
set,63293,isntree-hyper-niacinamide-20-serum-20ml,pa_ingredient,,niacinamide
set,63291,isntree-hyper-vitamin-c-23-serum-20ml,pa_ingredient,,vitamin-c
set,63289,isntree-hyaluronic-acid-daily-sun-gel-50ml,pa_ingredient,,hyaluronic-acid
set,63277,numbuzin-no-5-daily-multi-vitamin-cream-60ml,pa_ingredient,,vitamin-c
set,63273,nineless-a-control-10-azelaic-acid-serum-30ml,pa_ingredient,,azelaic-acid
set,63271,nineless-b-boost-10-niacinamide-serum-30ml,pa_ingredient,,niacinamide
set,63267,torriden-dive-in-low-molecule-hyaluronic-acid-soothing-cream-100ml,pa_ingredient,,hyaluronic-acid
set,63263,3w-clinic-snail-peptide-ball-eye-serum-30ml,pa_ingredient,,peptide
set,63259,torriden-dive-in-low-molecule-hyaluronic-acid-serum-50ml,pa_ingredient,,hyaluronic-acid
set,63257,illiyoon-ceramide-ato-soothing-gel-175ml,pa_ingredient,,ceramide
set,63247,la-roche-posay-cicaplast-baume-b5-spf50-40ml,pa_ingredient,,centella
set,63243,la-roche-posay-pure-niacinamide-10-serum-30ml,pa_ingredient,,niacinamide
set,63241,la-roche-posay-retinol-b3-pure-retinol-serum-30ml,pa_ingredient,,retinol
set,63239,la-roche-posay-pure-vitamin-c-10-serum-30ml,pa_ingredient,,vitamin-c
set,63237,la-roche-posay-effaclar-mat-mattifying-moisturizer-for-oily-skin-40ml,pa_skin_type,,oily
set,63235,la-roche-posay-cicaplast-gel-b5-40ml,pa_ingredient,,centella
set,63223,cosrx-balancium-comfort-cool-ceramide-soothing-gel-cream-85ml,pa_ingredient,,ceramide
set,63217,heimish-moringa-ceramide-collagen-enriched-moisturizer-120ml,pa_ingredient,,collagen|ceramide
set,63215,heimish-moringa-creamide-hyaluronic-hydrating-cream-50ml,pa_ingredient,,hyaluronic-acid
set,63213,heimish-moringa-ceramide-hyaluronic-acid-hydrating-watery-sunscreen-50ml,pa_ingredient,,hyaluronic-acid|ceramide
set,63201,rovectin-aqua-hydration-hyaluronic-essence-100ml,pa_ingredient,,hyaluronic-acid
set,63197,rovectin-cica-care-clearing-ampoule-30ml,pa_ingredient,,centella
set,63183,rovectin-skin-essentials-cica-care-purifying-toner-260ml,pa_ingredient,,centella
set,63177,isntree-hyper-acid4-aha-bha-lha-30-serum-20ml,pa_ingredient,,bha|aha
set,63175,cosrx-the-hyaluronic-acid-3-serum-20ml,pa_ingredient,,hyaluronic-acid
set,63171,b-lab-cica-barrier-5-5-gel-cleanser-120ml,pa_ingredient,,centella
set,63169,b-lab-cica-barrier-5-5-cleansing-oil-balm-100ml,pa_ingredient,,centella
set,63163,jumiso-deluxe-snail-mucin-95-peptide-facial-essence-5ml-mini,pa_ingredient,,snail-mucin|peptide
set,63143,round-lab-mugwort-calming-cleanser-150ml,pa_ingredient,,mugwort
set,63141,round-lab-mugwort-calming-cream-80ml,pa_ingredient,,mugwort
set,63107,cnp-laboratory-propolis-energy-active-ample-15ml,pa_ingredient,,propolis
set,63095,haruharu-wonder-black-rice-bakuchiol-eye-cream-20ml,pa_ingredient,,bakuchiol
set,63091,torriden-solid-in-ceramide-lip-essence-11ml,pa_ingredient,,ceramide
set,63085,3w-clinic-intensive-green-tea-sunblock-cream-spf-50pa-70ml,pa_ingredient,,tea-tree
set,63079,kaine-rosemary-aha-night-serum-30ml,pa_ingredient,,rosemary|aha
set,63075,haruharu-wonder-black-rice-hyaluronic-toner-for-sensitive-300ml,pa_ingredient,,hyaluronic-acid
set,63075,haruharu-wonder-black-rice-hyaluronic-toner-for-sensitive-300ml,pa_skin_type,,sensitive
set,63073,kaine-rosemary-relief-gel-cleanser-mini-30ml,pa_ingredient,,rosemary
set,63043,mielle-rosemary-mint-strengthening-leave-in-conditioner-355ml,pa_ingredient,,rosemary
set,63041,mielle-rosemary-mint-strengthening-shampoo-355ml,pa_ingredient,,rosemary
set,63037,haruharu-wonder-centella-phyto-5-peptide-concentrate-cream-30ml,pa_ingredient,,centella|peptide
set,63033,marymay-calendula-peptide-ageless-sleeping-mask-110g,pa_ingredient,,peptide
set,63021,mielle-rosemary-mint-strengthening-hair-masque-340g,pa_ingredient,,rosemary
set,63019,paulas-choice-weightless-body-treatment-with-2-bha-210ml,pa_ingredient,,bha
set,63017,ordinary-aha-30-bha-2-peeling-solution-15ml,pa_ingredient,,bha|aha
set,63009,heimish-marine-care-retinol-for-face-serum-50ml,pa_ingredient,,retinol
set,62983,hada-labo-gokujyun-premium-hyaluronic-acid-lotion-170ml,pa_ingredient,,hyaluronic-acid
set,62981,isntree-hyaluronic-acid-watery-sun-gel-mini-10ml,pa_ingredient,,hyaluronic-acid
set,62975,biore-skin-care-facial-wash-rich-moisture-for-dry-skin-130g,pa_skin_type,,dry
set,62959,hada-labo-gokujyun-hyaluronic-acid-foaming-facewash160ml,pa_ingredient,,hyaluronic-acid
set,62957,hadalabo-gokujyun-hydrataning-hyaluronic-cleansing-foam-100gm,pa_ingredient,,hyaluronic-acid
set,62943,innisfree-retinol-cica-repair-ampoule-7ml-mini,pa_ingredient,,retinol|centella
set,62941,innisfree-retinol-cica-barrier-defense-cream-10ml-mini,pa_ingredient,,retinol|centella
set,62931,benton-vitamin-c-serum-30ml,pa_ingredient,,vitamin-c
set,62905,abib-jericho-rose-bifida-serum-firming-drop-50ml,pa_ingredient,,bifida
set,62903,nine-less-a-control-heartleaf-bha-cleanser-120ml,pa_ingredient,,bha
set,62901,nineless-a-control-azelaic-acid-toner-150ml,pa_ingredient,,azelaic-acid
set,62893,round-lab-mugwort-calming-toner-300ml,pa_ingredient,,mugwort
set,62887,torriden-dive-in-low-molecular-hyaluronic-acid-cleansing-foam-150ml,pa_ingredient,,hyaluronic-acid
set,62885,torriden-dive-in-low-molecular-hyaluronic-acid-cream-80ml,pa_ingredient,,hyaluronic-acid
set,62883,torriden-solid-in-ceramide-cream-70ml,pa_ingredient,,ceramide
set,62881,torriden-solid-in-ceramide-all-day-essence-100ml,pa_ingredient,,ceramide
set,62879,torriden-balanceful-cica-cream-80ml,pa_ingredient,,centella
set,62877,torriden-cellmazing-low-molecular-collagen-firming-cream-60ml,pa_ingredient,,collagen
set,62867,pyunkang-yul-intensive-ceramide-lotion-500ml,pa_ingredient,,ceramide
set,62839,farm-stay-collagen-hyaluronic-acid-all-in-one-ampoule-250ml,pa_ingredient,,hyaluronic-acid|collagen
set,62833,farm-stay-hyaluronic-acid-super-aqua-cream-100ml,pa_ingredient,,hyaluronic-acid
set,62831,farm-stay-collagen-water-full-moist-cream-100g,pa_ingredient,,collagen
set,62829,farm-stay-green-tea-seed-brightening-water-cream-100g,pa_ingredient,,tea-tree
set,62809,im-from-mugwort-gel-cleanser-150ml,pa_ingredient,,mugwort
set,62797,skin-1004-madagascar-centella-toning-toner-210ml,pa_ingredient,,centella
set,62759,some-by-mi-aha-bha-pha-30-days-miracle-toner-30-ml-mini,pa_ingredient,,bha|aha
set,62731,mary-may-hyaluronic-panthenol-hydra-mask-30ea,pa_ingredient,,hyaluronic-acid
set,62706,skin1004-madagascar-centella-poremizing-deep-cleansing-foam-125ml,pa_ingredient,,centella
set,62702,the-face-shop-rice-ceramide-moisturizing-emulsion-150ml,pa_ingredient,,ceramide
set,62684,laneige-water-bank-blue-hyaluronic-cleansing-oil-mini-25ml,pa_ingredient,,hyaluronic-acid
set,62662,medicube-age-r-collagen-booster-gel-100ml,pa_ingredient,,collagen
set,62656,medicube-triple-collagen-cream-4-0-50ml,pa_ingredient,,collagen
set,62654,medicube-collagen-glow-booster-serum-15ml,pa_ingredient,,collagen
set,62652,purito-seoul-timeless-bloom-bakuchiol-serum-30ml,pa_ingredient,,bakuchiol
set,62650,vt-cosmetics-cica-reedle-shot-300-essence-50ml,pa_ingredient,,centella
set,62642,mielle-organics-rosemary-mint-light-scalp-hair-strengthening-oil-59ml,pa_ingredient,,rosemary
set,62638,paulas-choice-6-mandelic-acid-2-lactic-acid-liquid-exfoliant-88ml,pa_ingredient,,aha
set,62636,paulas-choice-6-mandelic-acid-2-lactic-acid-liquid-exfoliant-30ml,pa_ingredient,,aha
set,62634,paulas-choice-clinical-niacinamide-20-treatment-20ml,pa_ingredient,,niacinamide
set,62632,paulas-choice-pro-collagen-multi-peptide-booster-20ml,pa_ingredient,,collagen|peptide
set,62606,care-nel-anti-melasma-cica-cream-40ml,pa_ingredient,,centella
set,62604,bellflower-centella-leaf-light-sunscreen-spf50-pa-50ml,pa_ingredient,,centella
set,62602,bellflower-red-ginseng-66-serum-30ml,pa_ingredient,,ginseng
set,62600,bellflower-aha-bha-pha-serum-30ml,pa_ingredient,,hyaluronic-acid|bha|aha
set,62598,bellflower-propolis-76-serum-30ml,pa_ingredient,,propolis
set,62594,bellflower-madecassoside-cream-for-calming-30ml,pa_ingredient,,centella
set,62592,bonajour-eggplant-bha-water-cream-50ml,pa_ingredient,,bha
set,62578,nineless-a-control-azelaic-acid-cream-50ml,pa_ingredient,,azelaic-acid
set,62570,mixsoon-centella-cleansing-foam-mini-20ml,pa_ingredient,,centella
set,62568,mixsoon-soondy-centella-asiatica-essence-100ml,pa_ingredient,,centella
set,62566,mixsoon-centella-sun-cream-50g-spf-50-pa-50g,pa_ingredient,,centella
set,62560,biodance-bio-collagen-real-deep-mask-sheet-34g-1pc,pa_ingredient,,collagen
set,62556,purito-seoul-wonder-releaf-centella-daily-sun-lotion-60ml,pa_ingredient,,centella
set,62540,heimish-rx-aha-bha-enzyme-scrub-130ml,pa_ingredient,,bha|aha
set,62538,heimish-rx-aha-bha-peeling-serum-35ml,pa_ingredient,,bha|aha
set,62530,heimish-rx-retinol-bakuchiol-eye-cream-30ml,pa_ingredient,,retinol|bakuchiol
set,62528,heimish-rx-retinol-bakuchiol-hydrogel-eye-patch-60ml,pa_ingredient,,retinol|bakuchiol
set,62526,heimish-rx-retinol-bakuchiol-booster-oil-35ml,pa_ingredient,,retinol|bakuchiol
set,62524,heimish-rx-hyaluronic-acid-2-hydrating-serum-35ml,pa_ingredient,,hyaluronic-acid
set,62520,heimish-rx-hyaluronic-acid-rich-whipped-cream-50ml,pa_ingredient,,hyaluronic-acid
set,62516,aplb-glutathione-niacinamide-body-wash-300ml,pa_ingredient,,niacinamide
set,62514,aplb-glutathione-niacinamide-mist-essence-105ml,pa_ingredient,,niacinamide
set,62512,aplb-glutathione-niacinamide-eye-cream-20ml,pa_ingredient,,niacinamide
set,62510,aplb-glutathione-niacinamide-sheet-mask-25ml,pa_ingredient,,niacinamide
set,62508,aplb-glutathione-niacinamide-beauty-tablet-500mg-x-30-tablets,pa_ingredient,,niacinamide
set,62506,aplb-glutathione-niacinamide-cleansing-oil-105ml,pa_ingredient,,niacinamide
set,62504,aplb-glutathione-niacinamide-cleansing-balm-80ml,pa_ingredient,,niacinamide
set,62502,aplb-glutathione-niacinamide-cleansing-water-160ml,pa_ingredient,,niacinamide
set,62500,aplb-retinol-vitamin-c-vitamin-e-ampoule-serum-40ml,pa_ingredient,,vitamin-c|vitamin-e|retinol
set,62498,aplb-retinol-vitamin-c-vitamin-e-facial-toner-160ml,pa_ingredient,,vitamin-c|vitamin-e|retinol
set,62496,aplb-retinol-vitamin-c-vitamin-e-mist-essence-105ml,pa_ingredient,,vitamin-c|vitamin-e|retinol
set,62494,aplb-retinol-vitamin-c-vitamin-e-sunscreen-40ml,pa_ingredient,,vitamin-c|vitamin-e|retinol
set,62492,aplb-collagen-egf-peptide-ampoule-serum-40ml,pa_ingredient,,collagen|egf|peptide
set,62490,aplb-collagen-egf-peptide-facial-cream-55ml,pa_ingredient,,collagen|egf|peptide
set,62488,aplb-collagen-egf-peptide-facial-toner-160ml,pa_ingredient,,collagen|egf|peptide
set,62486,aplb-collagen-egf-peptide-mist-essence-105ml,pa_ingredient,,collagen|egf|peptide
set,62484,aplb-collagen-egf-peptide-sunscreen-40ml,pa_ingredient,,collagen|egf|peptide
set,62482,aplb-bakuchiol-propolis-ampoule-serum-40ml,pa_ingredient,,bakuchiol|propolis
set,62480,aplb-bakuchiol-propolis-facial-cream-55ml,pa_ingredient,,bakuchiol|propolis
set,62478,izeze-hyper-csa-cica-cleanser-150ml,pa_ingredient,,centella
set,62476,izeze-hyper-cma-cica-toner-150ml,pa_ingredient,,centella
set,62472,izeze-hyper-caa-cica-serum-30ml,pa_ingredient,,centella
set,62464,izeze-hyper-cga-cica-cream-50ml,pa_ingredient,,centella
set,62450,medicube-triple-collagen-serum-4-0-55ml,pa_ingredient,,collagen
set,62446,medicube-deep-vita-a-retinol-serum-30ml,pa_ingredient,,retinol
set,62444,some-by-mi-yuja-niacin-brightening-all-in-one-cleanser-100ml,pa_ingredient,,niacinamide
set,62420,iunik-centella-green-fresh-cleansing-oil-200ml,pa_ingredient,,centella
set,62408,aplb-hyaluronic-acid-ceramide-ha-b5-ampoule-serum-40ml,pa_ingredient,,hyaluronic-acid|ceramide
set,62406,aplb-hyaluronic-acid-ceramide-ha-b5-facial-cream-55ml,pa_ingredient,,hyaluronic-acid|ceramide
set,62404,aplb-hyaluronic-acid-ceramide-ha-b5-facial-toner-160ml,pa_ingredient,,hyaluronic-acid|ceramide
set,62388,aplb-zinc-niacinamide-facial-cream-55ml,pa_ingredient,,niacinamide
set,62386,aplb-collagen-peptide-beauty-tablet-500mg-x-30-tablets,pa_ingredient,,collagen|peptide
set,62384,aplb-snail-mucin-ginseng-facial-cream-55ml,pa_ingredient,,ginseng|snail-mucin
set,62382,aplb-panthenol-retinol-ampoule-serum-40ml,pa_ingredient,,retinol
set,62380,aplb-panthenol-retinol-facial-cream-55ml,pa_ingredient,,retinol
set,62376,cos-de-baha-vitamin-c-facial-serum-with-msm-vm-30ml,pa_ingredient,,vitamin-c
set,62366,medicube-pdrn-pink-cica-soothing-toner-250ml,pa_ingredient,,centella
set,62364,medicube-pdrn-pink-collagen-gel-mask-1ea,pa_ingredient,,collagen
set,62358,aplb-pdrn-vitamin-c-facial-cream-55ml,pa_ingredient,,vitamin-c
set,62352,skin1004-madagascar-centella-air-fit-suncreen-plus-spf-50-pa-50ml,pa_ingredient,,centella
set,62350,skin1004-madagascar-centella-tea-trica-soothing-sun-milk-50ml,pa_ingredient,,centella
set,62338,dr-althea-gentle-vitamin-c-serum-30ml,pa_ingredient,,vitamin-c
set,62334,aplb-retinol-vitamin-c-vitamin-e-sheet-mask-25ml,pa_ingredient,,vitamin-c|vitamin-e|retinol
set,62332,aplb-collagen-egf-peptide-sheet-mask-25ml,pa_ingredient,,collagen|egf|peptide
set,62330,aplb-aha-bha-pha-centella-ampoule-serum-40ml,pa_ingredient,,bha|aha|centella
set,62328,aplb-aha-bha-pha-centella-facial-cream-55ml,pa_ingredient,,bha|aha|centella
set,62326,aplb-aha-bha-pha-centella-facial-toner-160ml,pa_ingredient,,bha|aha|centella
set,62324,aplb-kojic-acid-vitamin-c-ampoule-serum-40ml,pa_ingredient,,vitamin-c
set,62322,aplb-kojic-acid-vitamin-c-facial-cream-55ml,pa_ingredient,,vitamin-c
set,62316,ksecret-seoul1988-essence-snail-mucin-97-rice-100ml,pa_ingredient,,snail-mucin
set,62302,im-from-black-rice-toner-30ml-mini,pa_ingredient,,rice
set,62292,eqqualberry-collagen-pore-tight-up-hydrogel-mask-30g,pa_ingredient,,collagen
set,62290,eqqualberry-collagen-glow-up-hydrogel-mask-30g,pa_ingredient,,collagen
set,62286,some-by-mi-galactomyces-glutathione-glow-milky-toner-200ml,pa_ingredient,,bifida
set,62280,medicube-pdrn-pink-collagen-capsule-cream-55g,pa_ingredient,,collagen
set,62278,skin1004-madagascar-centella-travel-kit-3020303030ml,pa_ingredient,,centella
set,62276,ksecret-collagen-vita-secret-multi-balm-11g,pa_ingredient,,collagen
set,62274,ksecret-collagen-boosting-secret-sleeping-mask-60ml,pa_ingredient,,collagen
set,62272,ksecret-advanced-regenerating-eye-gel-patches-retinol-102g,pa_ingredient,,retinol
set,62270,skin-1004-madagascar-centella-ampoule-kit,pa_ingredient,,centella
set,62268,skin1004-madagascar-centella-hyalu-cica-water-fit-sun-serum-50ml-11,pa_ingredient,,centella
set,62246,arencia-rice-mucin-cleanser-120g,pa_ingredient,,snail-mucin
set,62242,ksecret-extra-illuminating-eye-gel-patches-vitamin-c-102g,pa_ingredient,,vitamin-c
set,62238,frankly-aha-8-05-toner-100-ml,pa_ingredient,,aha
set,62232,frankly-niacinamide-15-zinc-beads-serum-30ml,pa_ingredient,,niacinamide
set,62228,eqqualberry-bakuchiol-plumping-capsule-cream-50ml,pa_ingredient,,bakuchiol
set,62226,skin1004-madagascar-centella-niacinamide-10-boosting-shot-ampoule-30ml,pa_ingredient,,niacinamide|centella
set,62218,april-skin-artemisia-rice-essence-toner-200ml,pa_ingredient,,mugwort
set,62214,cos-de-baha-10-caffeine-10-niacinamide-cn-serum30ml,pa_ingredient,,niacinamide
set,62208,cos-de-baha-azelaic-acid-15-msm-1-az15-serum-30ml,pa_ingredient,,azelaic-acid
set,62206,cos-de-baha-azelaic-acid-5-niacinamide-2-facial-toner-at-200ml,pa_ingredient,,niacinamide|azelaic-acid
set,62204,cos-de-baha-azelaic-acid-20-cream-az20-50ml,pa_ingredient,,azelaic-acid
set,62202,cos-de-baha-bakuchiol-2-retinol-0-15-serum-l1-30ml,pa_ingredient,,retinol|bakuchiol
set,62200,cos-de-baha-centella-facial-toner-ct-200ml,pa_ingredient,,centella
set,62198,cos-de-baha-ceramide-1-gel-cream-c1-45ml,pa_ingredient,,ceramide
set,62194,marymay-lemon-niacinamide-glow-wash-off-pack-30g,pa_ingredient,,niacinamide
set,62192,marymay-vegan-cica-teatree-soothing-wash-off-pack-30g,pa_ingredient,,centella
set,62190,cos-de-baha-hg-hyaluronic-acid-niacinamide-gel-cream-120ml,pa_ingredient,,hyaluronic-acid|niacinamide
set,62188,aplb-liposome-retinol-lx-serum-40ml,pa_ingredient,,retinol
set,62186,aplb-liposome-retinol-lx-cream-55ml,pa_ingredient,,retinol
set,62182,some-by-mi-galactomyces-glutathione-brightening-cream-40ml,pa_ingredient,,bifida
set,62180,celimax-the-vita-a-retinal-shot-tightening-booster-15ml,pa_ingredient,,retinol
set,62174,april-skin-txa-niacinamide-toning-shot-99-milky-toner-150ml,pa_ingredient,,niacinamide
set,62170,jumiso-niacinamide-20-serum-40ml,pa_ingredient,,niacinamide
set,62168,jumiso-niacinamide-10-serum-40ml,pa_ingredient,,niacinamide
set,62166,medicube-pdrn-pink-niacineamide-whip-cleanser-120g,pa_ingredient,,niacinamide
set,62164,medicube-pdrn-pink-peptide-eye-cream-30ml,pa_ingredient,,peptide
set,62162,medicube-pdrn-pink-niacinamaide-milky-toner-150ml,pa_ingredient,,niacinamide
set,62160,marymay-retinol-0-1-bakuchiol-cica-serum-80ml,pa_ingredient,,retinol|bakuchiol|centella
set,62158,marymay-rice-niacin-10-triple-vitamin-serum-80ml,pa_ingredient,,niacinamide
set,62138,eqqualberry-collagen-glow-up-gel-toner-pads-60pads,pa_ingredient,,collagen
set,62136,eqqualberry-collagen-pore-tight-up-gel-toner-pads-60pads,pa_ingredient,,collagen
set,62128,fully-rice-ceramide-essence-toner-250ml,pa_ingredient,,ceramide
set,62126,fully-rice-ceramide-capsule-cream-90ml,pa_ingredient,,ceramide
set,62122,haruharu-wonder-black-rice-hyaluronic-toner-free-of-alcohol-fragrance-mini-30ml,pa_ingredient,,hyaluronic-acid
set,62120,haruharu-wonder-black-rice-hyaluronic-toner-mini-30ml,pa_ingredient,,hyaluronic-acid
set,62116,haruharu-wonder-black-rice-5-ceramide-barrier-moisturizing-cream-50ml,pa_ingredient,,ceramide
set,62114,haruharu-wonder-black-rice-night-knight-retinol-serum-20ml,pa_ingredient,,retinol
set,62108,purito-wonder-releaf-centella-bb-cream-spf30-pa-13-neutral-ivory-30ml,pa_ingredient,,centella
set,62106,purito-wonder-releaf-centella-bb-cream-spf30-pa-27-sand-beige-30ml,pa_ingredient,,centella
set,62104,purito-wonder-releaf-centella-bb-cream-spf30-pa-23-natural-beige-30ml,pa_ingredient,,centella
set,62102,purito-wonder-releaf-centella-bb-cream-spf30-pa-21-light-beige-30ml,pa_ingredient,,centella
set,62100,purito-wonder-releaf-centella-bb-cream-spf30-pa-15-rose-ivory-30ml,pa_ingredient,,centella
set,62098,ksecret-seoul-1988-capsule-cream-niacinamide-5-yuja-50ml,pa_ingredient,,niacinamide
set,62096,ksecret-seoul-1988-glow-serum-niacinamide-15-yuja,pa_ingredient,,niacinamide
set,62094,ksecret-seoul-1988-boosting-ball-collagen-100-35mg-x-7-capsules,pa_ingredient,,collagen
set,62084,numbuzin-no-4-ceramide-aha-glazed-skin-prep-serum-30ml,pa_ingredient,,aha|ceramide
set,62082,nine-less-molecule-clear-5-glycolic-acid-serum-30ml,pa_ingredient,,aha
set,62080,nine-less-molecule-clear-5-lactic-acid-serum-30ml,pa_ingredient,,aha
set,62078,nine-less-molecule-clear-5-mandelic-acid-serum-30m,pa_ingredient,,aha
set,62076,nine-less-molecule-clear-salicylic-acid-serum-30ml,pa_ingredient,,bha
set,62074,aplb-azelaic-acid-peptide-ampoule-serum-40ml,pa_ingredient,,azelaic-acid|peptide
set,62072,aplb-azelaic-acid-peptide-facial-cream-55ml,pa_ingredient,,azelaic-acid|peptide
set,62066,purito-wonder-releaf-centella-cream-unscented-15ml-mini,pa_ingredient,,centella
set,62064,purito-seoul-wonder-releaf-centella-spot-patch-51patches,pa_ingredient,,centella
set,62052,healthy-place-double-toning-white-glutathione-collagen-stick-14-stick,pa_ingredient,,collagen
set,62048,healthy-place-low-molecular-pomegranate-collagen-14-stick,pa_ingredient,,collagen
set,62046,cosrx-peptide-132-ultra-perfect-hair-bonding-shampoo-200ml,pa_ingredient,,peptide
set,62044,cosrx-peptide-132-ultra-perfect-hair-bonding-treatment-120ml,pa_ingredient,,peptide
set,62042,cosrx-peptide-132-ultra-perfect-hair-bonding-oil-serum-28ml,pa_ingredient,,peptide
set,62040,lion-pair-medicated-acne-care-cream-14g,pa_skin_type,,oily
set,62032,seoul-1988-boosting-serum-collagen-complex-7-red-ginseng-30ml,pa_ingredient,,ginseng|collagen
set,62028,medicube-kojic-acid-turmeric-niacinamide-serum-30ml,pa_ingredient,,niacinamide
set,62000,skin1004-madagascar-centella-cream-30ml,pa_ingredient,,centella
set,61998,skin1004-madagascar-centella-tea-trica-spot-cream-20ml,pa_ingredient,,centella
set,61994,marymay-houttuynia-cordata-tea-tree-cleansing-foam-150ml,pa_ingredient,,tea-tree
set,61992,ksecret-seoul-1988-advanced-shot-retinal-liposome-12-black-rice-15ml,pa_ingredient,,retinol
set,61986,bad-skin-artemisia-relief-moisture-cream-100-ml,pa_ingredient,,mugwort
set,61984,bad-skin-artemisia-paste-form-cleanser-100ml,pa_ingredient,,mugwort
set,61982,bad-skin-collagen-bomb-hydrating-ampoule-400-ml,pa_ingredient,,collagen
set,61980,bad-skin-collagen-bomb-hydrating-ampoule-100ml,pa_ingredient,,collagen
set,61978,bad-skin-collagen-bomb-anti-wrinkle-eye-cream-90ml,pa_ingredient,,collagen
set,61976,bad-skin-hyaluronic-spa-toner-500ml,pa_ingredient,,hyaluronic-acid
set,61974,bad-skin-hyaluronic-spa-toner-100ml,pa_ingredient,,hyaluronic-acid
set,61972,bad-skin-collagen-bomb-hylifting-cream-100-ml,pa_ingredient,,collagen
set,61970,bad-skin-hyaluronic-soothing-cream-100ml,pa_ingredient,,hyaluronic-acid
set,61968,bad-skin-milk-peel-aha-night-serum-50ml,pa_ingredient,,aha
set,61960,p-calm-cicalacto-exosome-45-sleeping-mask-50g,pa_ingredient,,centella
set,61954,skin1004-madagascar-centella-quick-calming-pad-2-pads,pa_ingredient,,centella
set,61952,purito-seoul-azelaic-acid-10-kojic-azulene-serum-30ml,pa_ingredient,,azelaic-acid
set,61950,purito-seoul-txa-6-niacinamide-10-retinal-serum-30ml,pa_ingredient,,niacinamide|retinol
set,61946,anua-peach-niacin-spread-cleansing-foam-150ml,pa_ingredient,,niacinamide
set,61944,anua-azelaic-acid-3-cica-skin-clarifying-toner-250ml,pa_ingredient,,azelaic-acid|centella
set,61942,anua-pdrn-100-hyaluronic-acid-booster-toner-250ml,pa_ingredient,,hyaluronic-acid
set,61934,cosrx-the-ceramide-skin-barrier-moisturizer-80ml,pa_ingredient,,ceramide
set,61932,bringgreen-tea-tree-cica-soothing-toner-250ml,pa_ingredient,,tea-tree|centella
set,61928,iunik-centella-relief-sorbet-cream-50ml,pa_ingredient,,centella
set,61926,skin1004-madagascar-centella-hyalu-cica-water-fit-sun-serum-spf50-pa-100ml,pa_ingredient,,centella
set,61924,aplb-tranexamic-acid-niacinamide-body-lotion-300ml,pa_ingredient,,niacinamide
set,61920,aplb-salicylic-acid-bha-arbutin-ampoule-serum-40ml,pa_ingredient,,bha
set,61918,aplb-salicylic-acid-bha-arbutin-facial-cream-55ml,pa_ingredient,,bha
set,61894,celimax-oil-control-mattifying-sun-stick-19g,pa_skin_type,,oily
set,61882,anua-8-hyaluronic-acid-moisturizing-gentle-gel-cleanser-150ml,pa_ingredient,,hyaluronic-acid
set,61862,arencia-vitamin-c-booster-shot-30ml,pa_ingredient,,vitamin-c
set,61858,anua-pdrn-hyaluronic-acid-100-moisturizing-cream-60ml,pa_ingredient,,hyaluronic-acid
set,61856,medicube-hyaluronic-moisturizing-capsule-cream-55g,pa_ingredient,,hyaluronic-acid
set,61842,garnier-ultimate-blends-curl-restoring-cocoa-butter-hair-food-vitamin-cef-multi-use-mask-400ml,pa_ingredient,,vitamin-c
set,61840,garnier-ultimate-blends-plumping-watermelon-hair-food-vitamin-c-e-f-multi-use-mask-400ml,pa_ingredient,,vitamin-c
set,61834,cetaphil-ceramide-serum-30ml,pa_ingredient,,ceramide
set,61826,loreal-elvive-hydra-hyaluronic-8-sceond-wonder-water-lamellar-conditioner-200ml,pa_ingredient,,hyaluronic-acid
set,61824,loreal-elvive-hydra-hyaluronic-moisture-wrapping-mask-300ml,pa_ingredient,,hyaluronic-acid
set,61822,loreal-elvive-hydra-hyaluronic-moisture-plump-hair-serum-150ml,pa_ingredient,,hyaluronic-acid
set,61814,eqqualberry-nad-peptide-boosting-serum-30ml,pa_ingredient,,peptide
set,61786,cnp-laboratory-propolis-treatment-ampule-essence-50-ml,pa_ingredient,,propolis
set,61765,aplb-glutathione-niacinamide-beauty-tablet-30-pcs,pa_ingredient,,niacinamide
set,61752,k-secret-seoul-1988-sun-pine-tree-ceramide-50-ml,pa_ingredient,,ceramide
set,61750,k-secret-seoul-1988-essence-snail-mucin-97-rice-100-ml,pa_ingredient,,snail-mucin
set,61740,neutrogena-intense-repair-cica-emulsion-88-ml,pa_ingredient,,centella
set,61737,the-saem-care-plus-artemisia-steam-cream-100ml,pa_ingredient,,mugwort
set,61709,tonymoly-the-green-tea-truebiome-watery-all-in-one-for-men-150-ml-ship,pa_ingredient,,tea-tree
set,61702,kerasys-red-propolis-root-care-shampoo-1l,pa_ingredient,,propolis
set,61696,mediflower-the-collagen-wrinkle-eye-cream-40-ml,pa_ingredient,,collagen
set,61682,some-by-mi-yuja-niacin-anti-blemish-serum-50-ml,pa_ingredient,,niacinamide
set,61678,some-by-mi-yuja-niacin-anti-blemish-cream-60-g,pa_ingredient,,niacinamide
set,61670,dabo-first-solution-mask-pack-23-g-red-ginseng,pa_ingredient,,ginseng
set,61666,k-secret-seoul-1988-cleansing-oil-pine-cica-1-probiotics-200-ml,pa_ingredient,,centella
set,61658,skin1004-madagascar-centella-hyalu-cica-water-fit-sun-serum-spf-50-pa-1-5-ml,pa_ingredient,,centella
set,61640,carenel-niacinamide-zinc-serum-30-ml,pa_ingredient,,niacinamide
set,61632,mini-combo-dabo-black-snail-cream-cosrx-advanced-snail-96-essence,pa_ingredient,,snail-mucin
set,61629,eqqualberry-serum-30-ml-bakuchiol-plumping,pa_ingredient,,bakuchiol
set,61556,skin1004-madagascar-centella-hyalu-cica-water-fit-sun-serum-spf-50-pa-50-ml,pa_ingredient,,centella
set,61543,kerasys-propolis-damage-reapair-shampoo-1-l,pa_ingredient,,propolis
set,61533,tonymoly-bio-ex-cell-peptide-eye-solution-30-ml,pa_ingredient,,peptide
set,61531,tonymoly-red-retinol-wrinkle-focus-eye-cream-30-ml,pa_ingredient,,retinol
set,61529,happy-bath-canola-flower-vitamin-e-body-wash-750-g,pa_ingredient,,vitamin-e
set,61525,happy-bath-tangerine-vitamin-c-body-wash-750-g,pa_ingredient,,vitamin-c
set,61497,dabo-fresh-cica-foam-cleanser-100-ml,pa_ingredient,,centella
set,61493,dabo-green-tea-vital-rich-healthy-foam-cleanser-100-ml,pa_ingredient,,tea-tree
set,61485,kerasys-green-propolis-scalp-cleansing-shampoo-1-l,pa_ingredient,,propolis
set,61463,dabo-collagen-lifting-toner-8-ml,pa_ingredient,,collagen
set,61453,holika-holika-good-cear-super-ceramide-lip-oil-balm-10-g,pa_ingredient,,ceramide
set,61449,laneige-water-bank-blue-hyaluronic-moisture-cream-10-ml,pa_ingredient,,hyaluronic-acid
set,61437,laneige-water-bank-blue-hyaluronic-gel-cream-10-ml,pa_ingredient,,hyaluronic-acid
set,61395,laneige-water-bank-blue-hyaluronic-serum-10-ml,pa_ingredient,,hyaluronic-acid
set,61315,dabo-3-in-1-collagen-lifting-eye-cream-30-ml,pa_ingredient,,collagen
set,61248,the-face-shop-rice-water-bright-rice-bran-foaming-cleanser-dragons-150-ml,pa_ingredient,,rice
set,61198,korean-red-ginseng-gold-capsules-120caps-red-boxed,pa_ingredient,,ginseng
set,61151,medi-peel-peptide-9-aqua-essence-toner-250-ml,pa_ingredient,,peptide
set,61133,cosrx-propolis-synergy-toner-50-ml,pa_ingredient,,propolis
set,61076,innisfree-energy-mask-green-tea,pa_ingredient,,tea-tree
set,61066,the-saem-care-plus-baobab-collagen-cream-100ml,pa_ingredient,,collagen
set,61064,korean-red-ginseng-tea-3g-50-pcs-box,pa_ingredient,,ginseng
set,61048,korea-red-ginseng-aqua-wrinkle-whitening-cream-50-ml,pa_ingredient,,ginseng
set,61036,3w-clinic-green-tea-cleansing-foam-100-ml,pa_ingredient,,tea-tree
set,61034,3w-clinic-collagen-eye-cream-40-ml,pa_ingredient,,collagen
set,61032,3w-clinic-collagen-cleansing-foam-100-ml,pa_ingredient,,collagen
set,61014,lebelage-collagen-greentea-moisture-skin-30-ml,pa_ingredient,,collagen
set,61009,medipeel-peptide-9-volume-bio-tox-ampoule-pro-100ml,pa_ingredient,,peptide
set,60996,3w-clinic-collagen-luxury-gold-revitalizing-comfort-gold-cream-100ml,pa_ingredient,,collagen
set,60986,the-face-shop-rice-water-bright-cleansing-oil-150-ml-light,pa_ingredient,,rice
set,60972,missha-premium-cica-aloe-soothing-gel-300-ml-tube,pa_ingredient,,centella
set,60938,cos-de-baha-arbutin-niacinamide-serum-an-30-ml,pa_ingredient,,niacinamide
set,60925,skin1004-madagascar-centella-tea-trica-b5-cream-1-5-ml,pa_ingredient,,centella
set,60909,aplb-retinol-vitamin-c-vitamin-e-beauty-tablet-30-pcs,pa_ingredient,,vitamin-c|vitamin-e|retinol
set,60887,mise-en-scene-scalp-care-green-cica-shampoo-680-ml,pa_ingredient,,centella
set,60884,6-years-red-ginseng-extract-250-g,pa_ingredient,,ginseng
set,60880,cosrx-propolis-synergy-toner-150-ml,pa_ingredient,,propolis
set,60874,k-secret-seoul-1988-cleansing-foam-pine-cica-1-probiotics-150-ml,pa_ingredient,,centella
set,60863,aplb-retinol-vitamin-c-vitamin-e-body-lotion-300-ml,pa_ingredient,,vitamin-c|vitamin-e|retinol
set,60858,carenel-anti-melasma-cica-treatment-toner-155-ml,pa_ingredient,,centella
set,60856,carenel-anti-melasma-cica-intensive-serum-30-ml,pa_ingredient,,centella
set,60837,carenel-anti-melasma-cica-3-step-treatment-set,pa_ingredient,,centella
set,60811,sensitive-skin-care-combo-s-o-s-recovery-cica-cream-nature-skin-salicylic-acid-green-tomato-ampoule,pa_ingredient,,bha|centella
set,60809,glass-skin-combo-cosrx-snail-96-essence-30-ml-axis-y-dark-spot-serum-5-ml,pa_ingredient,,snail-mucin
set,60805,acne-combo-cosrx-salicylic-acid-cleanser-50ml-axis-y-dark-spot-serum-5ml,pa_ingredient,,bha
set,60803,glass-skin-magical-combo-cosrx-snail-96-essence-92-cream-100ml-axis-y-glow-serum-50ml,pa_ingredient,,snail-mucin
set,60795,dabo-pink-collagen-pdrn-cream-serum-toner-combo,pa_ingredient,,collagen
set,60785,medicube-txa-niacinamide-capsule-cream-55-g,pa_ingredient,,niacinamide
set,60779,dr-gilla-revitaluxe-hydration-enhancer-egf-mask-25,pa_ingredient,,egf
set,60778,dr-gilla-revitaluxe-hydration-enhancer-ceramide-collagen-mask-25-ml,pa_ingredient,,collagen|ceramide
set,60776,dr-gilla-hyaluronice-acid-deep-ceramide-collagen-mask-24-ml,pa_ingredient,,hyaluronic-acid|collagen|ceramide
set,60768,purito-txa-6-niacinamide-10-retinal-serum-30-ml,pa_ingredient,,niacinamide|retinol
set,60760,dabo-t-tree-cica-complete-acne-solution-combo-ship,pa_ingredient,,centella
set,60695,phytotree-phyto-solution-9-niacin-ampoule-30-ml,pa_ingredient,,niacinamide
set,60691,dabo-green-tomato-retinol-500-iu-youth-serum-30-ml,pa_ingredient,,retinol
set,60689,dabo-green-tomato-retinol-revive-toner-150-ml,pa_ingredient,,retinol
set,60685,holidays-premium-quality-collagen-white-tablet-60-g,pa_ingredient,,collagen
set,60659,lebelage-collagen-no-sebum-foundation-spf50-pa-15-ml,pa_ingredient,,collagen
set,60647,lebelage-collagen-no-sebum-foundation-spf-50-pa-100-ml-21,pa_ingredient,,collagen
set,60645,lebelage-collagen-no-sebum-foundation-spf-50-pa-100-ml-23,pa_ingredient,,collagen
set,60633,enguun-mask-pack-sheet-mask-collagen,pa_ingredient,,collagen
set,60629,enguun-mask-pack-sheet-mask-hyaluronic-acid,pa_ingredient,,hyaluronic-acid
set,60627,enguun-mask-pack-sheet-mask-vitamin-c,pa_ingredient,,vitamin-c
set,60619,nature-republic-real-nature-mask-sheet-23-ml-green-tea,pa_ingredient,,tea-tree
set,60588,kolon-pharmaceutical-premium-low-molecular-fish-collagen-60-g-2g-x-30-packets,pa_ingredient,,collagen
set,60580,dabo-skin-relief-hand-cream-collagen-75-ml,pa_ingredient,,collagen
set,60566,south-korean-kanghwa-korean-red-ginseng-extract-gold-capsules-108-g,pa_ingredient,,ginseng
set,60546,elastine-the-protein-repair-with-collagen-volume-care-shampoo-855-ml,pa_ingredient,,collagen
set,60514,young-plan-low-molecular-fish-collagen-brightening-60-g-2-g-x-30-packets,pa_ingredient,,collagen
set,60506,dabo-hyaluronic8-quenching-solution-ampoule-80-ml,pa_ingredient,,hyaluronic-acid
set,60504,dabo-panthenol-10-cicalming-solution-ampoule-80-ml,pa_ingredient,,centella
set,60502,dabo-t-tree-cica-clear-toner-210-ml,pa_ingredient,,centella
set,60500,kerasys-hair-clinic-tea-tree-oil-shampoo-1l,pa_ingredient,,tea-tree
set,60498,dabo-glow-tok-collagen-tone-up-sun-serum-spf-50-30-ml,pa_ingredient,,collagen
set,60462,dabo-pink-collagen-pdrn-revital-toner-150-ml,pa_ingredient,,collagen
set,60448,carenel-ceramide-vita-b5-double-barrier-cream-50-ml,pa_ingredient,,ceramide
set,60444,illiyoon-hyaluronic-moisture-cream-100ml,pa_ingredient,,hyaluronic-acid
set,60440,ryo-cica-hair-loss-care-shampoo-543-ml,pa_ingredient,,centella
set,60412,dabo-t-tree-cica-calming-ampoule-28-ml,pa_ingredient,,centella
set,60410,illiyoon-upgrade-ceramide-ato-trial-kit,pa_ingredient,,ceramide
set,60404,carenel-txa-5-niacinamide-10-dark-spot-glow-serum-30-ml,pa_ingredient,,niacinamide
set,60402,dabo-natural-rich-foam-cleanser-collagen-60-ml,pa_ingredient,,collagen
set,60388,lipvive-sugar-balm-propolis-moisture-4-8-g,pa_ingredient,,propolis
set,60368,axis-y-vegan-collagen-eye-serum-10-ml,pa_ingredient,,collagen
set,60364,dabo-tea-tree-nature-collection-foam-cleansing-150ml,pa_ingredient,,tea-tree
set,60356,illiyoon-ceramide-ato-lotion-350-ml,pa_ingredient,,ceramide
set,60352,dabo-medi-cica-scrub-whip-foam-150-ml,pa_ingredient,,centella
set,60338,dabo-green-tomato-retinol-airy-cream-60-ml,pa_ingredient,,retinol
set,60324,dabo-t-tree-cica-clear-toner-125-ml,pa_ingredient,,centella
set,60310,dabo-t-tree-cica-calming-ampoule-50-ml,pa_ingredient,,centella
set,60304,dabo-collagen-lifting-emulsion-8-ml,pa_ingredient,,collagen
set,60298,illiyoon-ceramide-ato-lotion-128-ml,pa_ingredient,,ceramide
set,60296,dabo-cica-calming-biome-5d-deep-cica-aux-super-10-hyalurin-calming-cream-50-ml,pa_ingredient,,centella
set,60294,aplb-retinol-vitamin-c-vitamin-e-facial-cream-55-ml,pa_ingredient,,vitamin-c|vitamin-e|retinol
set,60292,dabo-collagen-waterful-energy-soothing-gel-300-ml,pa_ingredient,,collagen
set,60282,dabo-bha-perfect-oil-cleanser-200-ml,pa_ingredient,,bha
set,60276,dabo-pink-collagen-pdrn-glow-capsule-serum-55-ml,pa_ingredient,,collagen
set,60252,dabo-all-in-one-snail-96-mucin-essence-100-ml,pa_ingredient,,snail-mucin
set,60240,dabo-pink-collagen-pdrn-hydra-capsule-cream-55-ml,pa_ingredient,,collagen
set,60236,dabo-deep-cica-daily-uv-shield-safe-sun-stick-spf-50-pa-22-g,pa_ingredient,,centella
set,60234,dabo-t-tree-cica-relief-moisturizer-cream-50-ml,pa_ingredient,,centella
set,60228,dabo-t-tree-cica-acne-cleansing-foam-120-ml,pa_ingredient,,centella
set,60218,illiyoon-ceramide-ato-lotion-50-ml,pa_ingredient,,ceramide
set,60206,carenel-cicavita-b5-salicylic-acid-gentle-cleanser-150-ml,pa_ingredient,,bha|centella
set,60204,illiyoon-ceramide-ato-soothing-gel-30-ml,pa_ingredient,,ceramide
set,60198,dabo-centella-mild-calming-sun-cream-spf-50-pa-50-ml,pa_ingredient,,centella
set,60194,dabo-phyto-cica-b5-o2-deep-cleanser-200-ml,pa_ingredient,,centella
set,60192,dabo-natural-rich-foam-cleanser-collagen-180-ml,pa_ingredient,,collagen
set,60188,dabo-7-in-1-multi-cica-foam-cleanser-180-ml,pa_ingredient,,centella
set,60186,dabo-first-solution-mask-pack-sheet-mask-green-tea,pa_ingredient,,tea-tree
set,60170,nature-skin-salicylic-acid-exfoliating-gentle-cleanser-152-ml,pa_ingredient,,bha
set,60168,nature-skin-cica-calming-tone-up-sun-cream-spf50-pa,pa_ingredient,,centella
set,60160,dabo-natural-rich-foam-cleanser-collagen-20-ml,pa_ingredient,,collagen
set,60150,dabo-all-in-one-collagen-lifting-tone-up-cream-50-ml,pa_ingredient,,collagen
set,60142,dabo-first-solution-mask-pack-sheet-mask-tea-tree,pa_ingredient,,tea-tree
set,60138,dabo-natural-rich-foam-cleanser-green-tea-180-ml,pa_ingredient,,tea-tree
set,60127,dabo-vita-radian-c-biome-3x-vitamin-aux-super-collagen-brightening-eye-cream-40-ml,pa_ingredient,,collagen
set,60121,the-ordinary-alpha-arbutin-2-ha-30-ml,pa_ingredient,,hyaluronic-acid
set,60107,illiyoon-illiyoon-cica-acne-clear-body-wash-6-ml,pa_ingredient,,centella
set,60099,dabo-30-days-hyaluronic-acid-8-soothing-cream-100-ml,pa_ingredient,,hyaluronic-acid
set,60095,skin1004-madagascar-centella-tea-trica-soothing-sun-milk-spf50-pa-1-5-ml,pa_ingredient,,centella
set,60093,nature-skin-jeju-green-tea-cica-hydrating-facial-foam-152-ml,pa_ingredient,,tea-tree|centella
set,60091,illiyoon-ceramide-ato-lotion-5-ml,pa_ingredient,,ceramide
set,60089,dabo-first-solution-mask-pack-sheet-mask-collagen,pa_ingredient,,collagen
set,60087,dabo-first-solution-mask-pack-sheet-mask-hyaluronic,pa_ingredient,,hyaluronic-acid
set,60067,dabo-10-second-pdrn-bubble-collagen-mask-90ml,pa_ingredient,,collagen
set,60065,dabo-10-second-pdrn-bubble-cica-mask-95ml,pa_ingredient,,centella
set,60063,dabo-cica-chilling-ampoule-pad-60-pcs-140ml,pa_ingredient,,centella
set,60057,on-the-body-rice-therapy-artemisia-ph-balance-cleanser-150ml,pa_ingredient,,mugwort
set,60055,dabo-aloe-cica-mild-peeling-to-foam-120ml,pa_ingredient,,centella
set,60051,purito-azelaic-acid-10-kojic-tea-tree-serum-30ml,pa_ingredient,,tea-tree|azelaic-acid
set,60049,dabo-pink-collagen-pdrn-brightening-uv-sunscreen-spf-50-50ml,pa_ingredient,,collagen
set,60026,beginner-friendly-rice-centella-brightening-combo-3pcs,pa_ingredient,,centella
set,60020,anua-niacinamide-10-txa-4-serum-10ml-mini,pa_ingredient,,niacinamide
set,60013,anua-azelaic-acid-10-hyaluron-redness-soothing-serum-10ml-mini,pa_ingredient,,azelaic-acid
set,59933,anua-7-rice-ceramide-hydrating-barrier-serum-50ml,pa_ingredient,,ceramide
set,59929,anua-azelaic-acid-10-hyaluron-redness-soothing-serum-30ml,pa_ingredient,,azelaic-acid
set,59897,aplb-glutathione-niacinamide-body-lotion-300ml-copy,pa_ingredient,,niacinamide
set,59894,aplb-glutathione-niacinamide-body-lotion-300ml,pa_ingredient,,niacinamide
set,59884,aplb-glutathione-niacinamide-facial-cleanser-80ml,pa_ingredient,,niacinamide
set,59881,aplb-glutathione-niacinamide-facial-toner-160ml,pa_ingredient,,niacinamide
set,59878,aplb-glutathione-niacinamide-sunscreen-40ml,pa_ingredient,,niacinamide
set,59832,numbuzin-no-2-rose-pdrn-collagen-plumping-serum-30ml,pa_ingredient,,collagen
set,59827,numbuzin-no-3-blue-bio-retinol-pore-refining-serum-30ml,pa_ingredient,,retinol
set,59732,dr-althea-0-1-gentle-retinol-serum-30ml,pa_ingredient,,retinol
set,59708,anua-heartleaf-centella-red-spot-cream-30g,pa_ingredient,,centella
set,59683,anua-3-ceramide-panthenol-moisture-barrier-cream-100ml,pa_ingredient,,ceramide
set,59677,anua-retinol-0-3-niacin-renewing-serum-30ml,pa_ingredient,,niacinamide|retinol
set,59664,derma-factory-niacinamide-20-serum-30ml,pa_ingredient,,niacinamide
set,59639,skin1004-madagascar-centella-air-fit-suncream-light-spf30-pa-50ml,pa_ingredient,,centella
set,59635,skin1004-madagascar-centella-tea-trica-relief-ampoule-30ml,pa_ingredient,,centella
set,59631,skin1004-madagascar-centella-travel-kit-5-items,pa_ingredient,,centella
set,59629,skin1004-madagascar-centella-probio-cica-bakuchiol-eye-cream-20ml,pa_ingredient,,bakuchiol|centella
set,59625,skin1004-madagascar-centella-probio-cica-intensive-ampoule-30ml,pa_ingredient,,centella
set,59622,skin1004-madagascar-centella-probio-cica-intensive-ampoule-95ml,pa_ingredient,,centella
set,59611,skin1004-madagascar-centella-probio-cica-enrich-cream-15ml,pa_ingredient,,centella
set,59608,skin1004-madagascar-centella-soothing-cream-30ml,pa_ingredient,,centella
set,59604,skin1004-madagascar-centella-retinol-0-2-boosting-shot-ampoule-30ml,pa_ingredient,,retinol|centella
set,59601,skin1004-madagascar-centella-poremizing-light-gel-cream-75ml,pa_ingredient,,centella
set,59599,skin1004-madagascar-centella-poremizing-fresh-ampoule-30ml,pa_ingredient,,centella
set,59596,skin1004-madagascar-centella-poremizing-fresh-ampoule-50ml,pa_ingredient,,centella
set,59590,skin1004-madagascar-centella-poremizing-clear-toner-210ml,pa_ingredient,,centella
set,59586,skin1004-madagascar-centella-tone-brightening-tone-up-sunscreen-spf50-pa-50ml,pa_ingredient,,centella
set,59582,skin1004-madagascar-centella-tone-brightening-capsule-cream-75ml,pa_ingredient,,centella
set,59578,the-ordinary-ascorbyl-glucoside-solution-12-30ml,pa_ingredient,,vitamin-c
set,59572,skin1004-madagascar-centella-hyalu-cica-silky-fit-sun-stick-7g,pa_ingredient,,centella
set,59569,the-ordinary-vitamin-c-suspension-23-ha-spheres-2-30ml,pa_ingredient,,vitamin-c|hyaluronic-acid
set,59566,the-ordinary-glycolic-acid-7-exfoliating-toner-100ml,pa_ingredient,,aha
set,59562,the-ordinary-azelaic-acid-suspension-10-30ml,pa_ingredient,,azelaic-acid
set,59557,skin1004-centella-hyalu-cica-water-fit-sun-serum-15ml,pa_ingredient,,centella
set,59553,skin1004-centella-hyalu-cica-water-fit-sun-serum-100ml,pa_ingredient,,centella
set,59548,ksecret-seoul-1988-sun-pine-tree-ceramide-50ml,pa_ingredient,,ceramide
set,59545,seoul-1988-cream-retinal-liposome-1-fermented-rice-50ml,pa_ingredient,,retinol
set,59538,ksecret-seoul-1988-essence-snail-mucin-97-rice-100ml-copy,pa_ingredient,,snail-mucin
set,59534,ksecret-seoul-1988-essence-snail-mucin-97-rice-100ml,pa_ingredient,,snail-mucin
set,59530,im-from-black-rice-toner-150ml,pa_ingredient,,rice
set,59519,eqqualberry-bakuchiol-plumping-serum-30ml,pa_ingredient,,bakuchiol
set,59515,haruharu-wonder-black-rice-hyaluronic-cream-unscented-50ml,pa_ingredient,,hyaluronic-acid
set,59507,haruharu-wonder-black-rice-10-hyaluronic-cream-50ml,pa_ingredient,,hyaluronic-acid
set,59504,haruharu-wonder-centella-4-txa-dark-spot-go-away-serum-30ml,pa_ingredient,,centella
set,59498,aplb-pdrn-vitamin-c-ampoule-serum-40ml,pa_ingredient,,vitamin-c
set,59488,innisfree-olive-vitamin-e-real-cleansing-foam-150g,pa_ingredient,,vitamin-e
set,59484,ksecret-seoul-1988-cleansing-foam-pine-cica-1-probiotics-150-ml,pa_ingredient,,centella
set,59479,ksecret-seoul-1988-cleansing-oil-pine-cica-1-probiotics-200-ml,pa_ingredient,,centella
set,59468,aromatica-rosemary-scalp-scrub-165g,pa_ingredient,,rosemary
set,59464,aromatica-rosemary-root-enhancer-100ml,pa_ingredient,,rosemary
set,59450,numbuzin-no-9-nad-retinol-volumetox-eye-cream-10ml,pa_ingredient,,retinol
set,59416,dr-althea-green-tea-fresh-sunscreen-45ml,pa_ingredient,,tea-tree
set,59409,aprilskin-txa-niacinamide-toning-shot-99-serum-30ml,pa_ingredient,,niacinamide
set,59406,april-skin-txa-niacinamide-99-milky-toner-150ml,pa_ingredient,,niacinamide
set,59385,iunik-centella-bubble-cleansing-foam-150ml,pa_ingredient,,centella
set,59381,celimax-the-vita-a-retinol-shot-tightening-serum-30ml,pa_ingredient,,retinol
set,59265,k-secret-seoul-1988-eye-cream-retinal-liposome-4-fermented-bean-30ml,pa_ingredient,,retinol
set,59261,k-secret-seoul-1988-serum-retinal-liposome-2-black-ginseng-30ml,pa_ingredient,,retinol|ginseng
set,59251,aplb-tranexamic-acid-niacinamide-ampoule-serum-40ml,pa_ingredient,,niacinamide
set,59247,aplb-glutathione-niacinamide-ampoule-serum-40ml,pa_ingredient,,niacinamide
set,59241,aplb-glutathione-niacinamide-facial-cream-55ml-2,pa_ingredient,,niacinamide
set,59235,aplb-retinol-vitamin-c-vitamin-e-beauty-tablet-500mg-x-30-tablets,pa_ingredient,,vitamin-c|vitamin-e|retinol
set,59223,aplb-collagen-egf-peptide-e-beauty-tablet,pa_ingredient,,collagen|egf|peptide
set,59216,purito-timeless-bloom-bakuchiol-serum-30-ml,pa_ingredient,,bakuchiol
set,59211,medicube-txa-niacinamide-15-serum-30ml,pa_ingredient,,niacinamide
set,59204,aplb-glutathione-niacinamide-facial-cream-55ml,pa_ingredient,,niacinamide
set,59168,beauty-of-joseon-green-plum-refreshing-toner-aha-bha-150-ml,pa_ingredient,,bha|aha
set,59134,skin1004-madagascar-centella-soothing-cream-75ml,pa_ingredient,,centella
set,59104,anua-8-hyaluronic-acid-hydrating-gentle-foaming-cleanser-150ml,pa_ingredient,,hyaluronic-acid
set,59029,medicube-collagen-night-wrapping-mask-75ml,pa_ingredient,,collagen
set,59024,medicube-collagen-jelly-cream-50ml,pa_ingredient,,collagen
set,59014,medicube-pdrn-pink-peptide-serum-30ml,pa_ingredient,,peptide
set,58706,purito-wonder-releaf-centella-serum-unscented-60ml,pa_ingredient,,centella
set,58663,makeup-revolution-10-niacinamide-and-1-zinc-blemish-pore-serum,pa_ingredient,,niacinamide
set,58654,anua-pdrn-hyaluronic-acid-capsule-100-serum-30-ml,pa_ingredient,,hyaluronic-acid
set,58632,iunik-centella-calming-daily-sunscreen-60ml,pa_ingredient,,centella
set,58597,the-face-shop-rice-ceramide-moisturizing-toner-150ml,pa_ingredient,,ceramide
set,58436,melano-cc-vitamin-c-whitening-lotion-170ml,pa_ingredient,,vitamin-c
set,58363,illiyoon-ceramide-ato-concentrate-cream-30ml,pa_ingredient,,ceramide
set,58311,purito-timeless-bloom-retinol-spot-cream-30ml,pa_ingredient,,retinol
set,58212,skin1004-madagascar-centella-tone-brightening-capsule-ampoule-30ml,pa_ingredient,,centella
set,58206,cosrx-vitamin-e-vitalizing-sunscreen-spf-50-pa-50ml,pa_ingredient,,vitamin-e
set,58198,cosrx-salicylic-acid-daily-gentle-cleanser-50ml,pa_ingredient,,bha
set,58190,skin1004-madagascar-centella-poremizing-quick-clay-stick-mask-27g,pa_ingredient,,centella
set,58156,skin1004-madagascar-centella-tone-brightening-boosting-toner-210ml,pa_ingredient,,centella
set,58153,skin1004-madagascar-centella-tea-trica-purifying-toner-210ml,pa_ingredient,,centella
set,58148,skin1004-madagascar-centella-tea-trica-bha-foam-cleanser-125ml,pa_ingredient,,bha|centella
set,58144,skin1004-madagascar-centella-tone-brightening-cleansing-gel-foam-125ml,pa_ingredient,,centella
set,58136,la-roche-posay-cicaplast-baume-b5-40ml,pa_ingredient,,centella
set,58117,anua-bha-2-gentle-exfoliating-toner-150ml,pa_ingredient,,bha
set,58113,la-roche-posay-cicaplast-baume-b5-100ml,pa_ingredient,,centella
set,58068,marymay-cica-teatree-soothing-wash-off-pack-125g,pa_ingredient,,centella
set,58065,marymay-rose-hyaluronic-hydra-wash-off-pack-125g,pa_ingredient,,hyaluronic-acid
set,58048,marymay-blackberry-complex-glow-washoff-pack-125g,pa_ingredient,,collagen
set,58045,marymay-vegan-peptide-bakuchiol-sun-stick-spf50-pa-18g,pa_ingredient,,bakuchiol|peptide
set,58042,mary-may-niacinamide-chaenomeles-sinensis-serum-30ml,pa_ingredient,,niacinamide
set,58039,mary-may-lemon-niacinamide-glow-wash-off-pack-125g,pa_ingredient,,niacinamide
set,58036,marymay-collagen-peptide-vital-mask-30pcs,pa_ingredient,,collagen|peptide
set,58030,mary-may-6-peptide-complex-serum-30ml,pa_ingredient,,peptide
set,58014,mary-may-niacinanide-vitamin-c-brightening-mask-30ea,pa_ingredient,,vitamin-c|niacinamide
set,57938,skin1004-madagascar-centella-ampoule-20ml,pa_ingredient,,centella
set,57934,skin1004-madagascar-centella-hyalu-cica-silky-fit-sun-stick-20g,pa_ingredient,,centella
set,57931,skin1004-madagascar-centella-probio-cica-enrich-cream-50ml,pa_ingredient,,centella
set,57928,skin1004-madagascar-centella-ampoule-foam-125ml,pa_ingredient,,centella
set,57875,melano-cc-intensive-anti-spot-essence-vitamin-c-serum-20ml,pa_ingredient,,vitamin-c
set,57702,cosrx-advanced-snail-92-all-in-one-cream-50g,pa_ingredient,,snail-mucin
set,57666,cosrx-pure-fit-cica-cleanser-50ml,pa_ingredient,,centella
set,57655,cosrx-advanced-snail-mucin-gel-cleanser-50ml,pa_ingredient,,snail-mucin
set,57606,the-ordinary-hyaluronic-acid-2-b5-30ml,pa_ingredient,,hyaluronic-acid
set,57594,the-ordinary-retinol-0-5-in-squalane-30ml,pa_ingredient,,retinol
set,57545,skin1004-madagascar-centella-ampoule-55ml,pa_ingredient,,centella
set,57477,illiyoon-ceramide-ato-concentrate-cream-200ml,pa_ingredient,,ceramide
set,57150,anua-niacinamide-10-txa-4-serum-30ml,pa_ingredient,,niacinamide
set,57130,dr-althea-vitamin-c-boosting-serum-30ml,pa_ingredient,,vitamin-c
set,57127,anua-peach-70-niacinamide-serum-30ml,pa_ingredient,,niacinamide
set,57118,anua-peach-77-niacin-conditioning-milk-150ml,pa_ingredient,,niacinamide
set,57100,anua-peach-77-niacin-essence-toner-250ml,pa_ingredient,,niacinamide
set,57109,skin1004-centella-hyalu-cica-water-fit-sun-serum-50ml,pa_ingredient,,centella
set,57102,anua-peach-77-niacin-enriched-cream-50ml,pa_ingredient,,niacinamide
set,57059,differin-adapalene-gel-0-1-acne-treatment-15g,pa_ingredient,,retinol
set,56982,skin1004-madagascar-centella-tea-trica-relief-ampoule-100ml,pa_ingredient,,centella
set,56975,skin1004-madagascar-centella-tone-brightening-capsule-ampoule-100ml,pa_ingredient,,centella
set,56964,jumiso-snail-mucin-88-peptide-facial-cream-100ml,pa_ingredient,,snail-mucin|peptide
set,56630,jumiso-snail-mucin-95-peptide-essence-mini-5ml,pa_ingredient,,snail-mucin|peptide
set,56469,cosrx-low-ph-niacinamide-micellar-cleansing-water-400ml,pa_ingredient,,niacinamide
set,56312,haruharu-wonder-black-rice-hyaluronic-toner-for-sensitive-skin-150ml,pa_ingredient,,hyaluronic-acid
set,56312,haruharu-wonder-black-rice-hyaluronic-toner-for-sensitive-skin-150ml,pa_skin_type,,sensitive
set,56291,tiam-vita-a-bakuchiol-youth-serum-40ml,pa_ingredient,,bakuchiol
set,56271,some-by-mi-retinol-intense-trial-kit-set,pa_ingredient,,retinol
set,56238,jumiso-snail-mucin-95-peptide-essence-140ml,pa_ingredient,,snail-mucin|peptide
set,56208,numbuzin-no-5-vitamin-concentrated-serum-30ml,pa_ingredient,,vitamin-c
set,56194,numbuzin-no-5-vitamin-niacinamide-concentrated-pad-70-pads,pa_ingredient,,niacinamide
set,56187,mielle-rosemary-mint-scalp-hair-strengthening-oil-59ml,pa_ingredient,,rosemary
set,56117,skin1004-madagascar-centella-light-cleansing-oil-30ml,pa_ingredient,,centella
set,56112,skin1004-madagascar-centella-light-cleansing-oil-200ml,pa_ingredient,,centella
set,55820,skin1004-madagascar-centella-hyalu-cica-blue-serum-30ml,pa_ingredient,,centella
set,55815,skin1004-madagascar-centella-poremizing-fresh-ampoule-100ml,pa_ingredient,,centella
set,55812,skin1004-madagascar-centella-probio-cica-intensive-ampoule-50ml,pa_ingredient,,centella
set,55808,skin1004-madagascar-centella-toner-210ml,pa_ingredient,,centella
set,55804,skin1004-madagascar-centella-ampoule-100ml,pa_ingredient,,centella
set,53361,aromatica-rosemary-scalp-scaling-shampoo-400ml,pa_ingredient,,rosemary
set,53350,aromatica-rosemary-scalp-scaling-shampoo-180ml,pa_ingredient,,rosemary
set,53315,cosrx-the-6-peptide-skin-booster-serum-150ml,pa_ingredient,,peptide
set,52458,some-by-mi-retinol-intense-reactivating-serum-30ml,pa_ingredient,,retinol
set,52334,the-ordinary-multi-peptide-hair-serum-for-hair-density-60ml,pa_ingredient,,peptide
set,52034,kaine-vegan-collagen-youth-cream,pa_ingredient,,collagen
set,51966,laneige-water-bank-blue-hyaluronic-essential-kit-5-pcs,pa_ingredient,,hyaluronic-acid
set,51902,cos-de-baha-l1-bakuchiol-retinol-serum-30ml,pa_ingredient,,retinol|bakuchiol
set,51898,cos-de-baha-a5-azelaic-acid-5-serum-30-ml,pa_ingredient,,azelaic-acid
set,51757,beauty-of-joseon-ginseng-cleansing-oil-210ml,pa_ingredient,,ginseng
set,51708,buy-the-niacinamide-15-serum,pa_ingredient,,niacinamide
set,51704,cosrx-the-retinol-0-1-cream,pa_ingredient,,retinol
set,51700,cosrx-retinol-0-5-oil-20ml,pa_ingredient,,retinol
set,51695,cosrx-the-vitamin-c-13-serum-20-ml,pa_ingredient,,vitamin-c
set,51687,isntree-hyaluronic-acid-airy-sun-stick-spf-50-pa-0-77-oz,pa_ingredient,,hyaluronic-acid
set,51683,isntree-hyaluronic-acid-moist-cream-100ml-3-38-fl-oz,pa_ingredient,,hyaluronic-acid
set,51669,isntree-hyper-retinol-ex-1-0-serum-20ml,pa_ingredient,,retinol
set,51496,benton-tea-tree-cleansing-water-200ml,pa_ingredient,,tea-tree
set,51446,some-by-mi-propolis-b5-glow-barrier-calming-serum-50-ml,pa_ingredient,,propolis
set,51441,some-by-mi-propolis-b5-glow-barrier-calming-toner-150-ml,pa_ingredient,,propolis
set,51440,some-by-mi-propolis-b5-glow-barrier-calming-starter-kit-4pcs,pa_ingredient,,propolis
set,51305,innisfree-retinol-cica-repair-ampoule-30ml,pa_ingredient,,retinol|centella
set,51300,beaute-melasma-x-vita-collagen-tone-up-sun-cream-spf50-pa-45ml,pa_ingredient,,collagen
set,51158,beauty-of-joseon-matte-sun-stick-mugwortcamelia18g-0-63fl-oz,pa_ingredient,,mugwort
set,51079,dabo-gold-my-jin-korea-red-ginseng-aqua-wrinkle-whitening-cream,pa_ingredient,,ginseng
set,51076,dabo-gold-myjin-korean-red-ginseng-essence,pa_ingredient,,ginseng
set,51074,gold-my-jin-korea-red-ginseng-foam-cleansing-130ml,pa_ingredient,,ginseng
set,51060,rovectin-skin-essentials-cica-care-clearing-ampoule-30ml,pa_ingredient,,centella
set,51059,innisfree-green-tea-seed-eye-face-ball-10ml,pa_ingredient,,tea-tree
set,51055,rovectin-cica-care-face-balm-soothing-and-skin-repairing-cica-cream-for-acne-prone-and-sensitive-skin-with-calamine-and-madecassoside-1-4-fl-oz,pa_ingredient,,centella
set,50878,purito-seoul-wonder-releaf-centella-eye-cream-unscented,pa_ingredient,,centella
set,50830,cosrx-the-vitamin-c-23-serum-20ml,pa_ingredient,,vitamin-c
set,50673,the-ordinary-glycolic-acid-7-exfoliating-toner-240ml,pa_ingredient,,aha
set,50625,carenel-anti-melasma-cica-cream-40ml,pa_ingredient,,centella
set,50616,innisfree-volcanic-pore-bha-cleansing-foam-150m,pa_ingredient,,bha
set,50578,cosrx-full-fit-propolis-synergy-toner-150-ml,pa_ingredient,,propolis
set,50574,cosrx-refresh-aha-bha-vitamin-c-daily-toner-150-ml,pa_ingredient,,vitamin-c|bha|aha
set,50566,cosrx-advanced-snail-mucin-96-power-essence-30ml,pa_ingredient,,snail-mucin
set,50561,cosrx-bha-blackhead-power-liquid-50ml,pa_ingredient,,bha
set,50557,cosrx-aha-bha-clarifying-treatment-toner-50ml,pa_ingredient,,bha|aha
set,50552,neogen-dermalogy-cica-repair-snail-cream-50g,pa_ingredient,,centella
set,50548,neogen-cica-repair-snail-essence-100ml,pa_ingredient,,centella
set,50540,cosrx-balancium-comfort-ceramide-cream-mist-120m,pa_ingredient,,ceramide
set,50535,missha-time-revolution-artemisia-treatment-ampoule-50ml,pa_ingredient,,mugwort
set,50531,beauty-of-joseon-ginseng-essence-water-40ml,pa_ingredient,,ginseng
set,50510,iunik-centella-mini-gift-set-3pcs,pa_ingredient,,centella
set,50505,iunik-centella-calming-vegan-moisture-spf-50-pa,pa_ingredient,,centella
set,43923,cosrx-pure-fit-cica-smoothing-cleansing-balm-120ml,pa_ingredient,,centella
set,43862,cosrx-cica-7-relief-kit-3-step-2,pa_ingredient,,centella
set,43836,axis-y-mugwort-pore-clarifying-wash-off-pack-100ml,pa_ingredient,,mugwort
set,43824,cos-de-baha-salicylic-acid-bha-4-serum-s4-30ml,pa_ingredient,,bha
set,43820,cos-de-baha-salicylic-acid-bha-2-liquid-s2-120ml,pa_ingredient,,bha
set,43816,cos-de-baha-retinol-2-5-serum-rs-30ml,pa_ingredient,,retinol
set,43813,cos-de-baha-pt-m-a-peptide-facial-toner-pt-200ml,pa_ingredient,,peptide
set,43810,cos-de-baha-niacinamide-5-arbutin-5-serum-an-30ml,pa_ingredient,,niacinamide
set,43807,cos-de-baha-niacinamide-20-zinc-4-serum-nz-30ml,pa_ingredient,,niacinamide
set,43801,cos-de-baha-niacinamide-10-serum-n-30ml,pa_ingredient,,niacinamide
set,43797,cos-de-baha-m-a-peptide-cream-pc-45ml,pa_ingredient,,peptide
set,43794,cos-de-baha-m-a-peptide-serum-p-60ml,pa_ingredient,,peptide
set,43791,cos-de-baha-m-a-peptide-serum-p-30ml,pa_ingredient,,peptide
set,43783,cos-de-baha-hyaluronic-acid-serum-hs-60ml,pa_ingredient,,hyaluronic-acid
set,43780,cos-de-baha-hyaluronic-acid-serum-h-30ml,pa_ingredient,,hyaluronic-acid
set,43777,cos-de-baha-hyaluronic-acid-b5-serum-hp-30ml,pa_ingredient,,hyaluronic-acid
set,43774,cos-de-baha-glycolic-acid-10-aha-serum-g-30ml,pa_ingredient,,hyaluronic-acid|aha
set,43771,cos-de-baha-centella-gel-cream-cg-45ml,pa_ingredient,,centella
set,43768,cos-de-baha-centella-asiatica-recovery-serum-ch-30ml,pa_ingredient,,centella
set,43754,cos-de-baha-aha-bha-facial-toner-gs-200ml,pa_ingredient,,bha|aha
set,43745,by-wishtrend-mandelic-acid-5-skin-prep-water-120ml,pa_ingredient,,aha
set,43722,beaute-melasma-x-collagen-wrinkle-eye-cream-40ml,pa_ingredient,,collagen
set,43719,beaute-melasma-x-aha-bha-brightening-foam-cleansing-160ml,pa_ingredient,,bha|aha
set,43716,beaute-melasma-x-24-gold-egf-repair-ampoule-30ml,pa_ingredient,,egf
set,43712,beaute-melasma-x-hyaluronic-water-drop-cream-80ml,pa_ingredient,,hyaluronic-acid
set,43612,cos-de-baha-snail-mucin-hyaluronic-acid-serum-sh-120ml,pa_ingredient,,hyaluronic-acid|snail-mucin
set,43290,3w-clinic-herbal-greenteabeauty-soap-120g,pa_ingredient,,tea-tree
set,43252,3w-clinic-collagen-beauty-soap-120g,pa_ingredient,,collagen
set,43232,3w-clinic-hyaluronic-eye-cream-40ml,pa_ingredient,,hyaluronic-acid
set,41744,some-by-mi-truecica-aqua-calming-sunscream-spf-50-pa-50ml,pa_ingredient,,centella
set,39947,some-by-mi-retinol-intense-advanced-triple-action-eye-cream-30ml,pa_ingredient,,retinol
set,39879,some-by-mi-propolis-b5-glow-barrier-calming-mask-100g,pa_ingredient,,propolis
set,38326,some-by-mi-yuja-niacin-30-days-brightening-starter-kit-4pcs,pa_ingredient,,niacinamide
set,38065,palmers-cocoa-butter-formula-with-vitamin-e-bust-cream-125ml,pa_ingredient,,vitamin-e
set,37980,beauty-formulas-vitamin-e-hair-removal-wax-strips-for-legs-body-20pc,pa_ingredient,,vitamin-e
set,37718,palmers-cocoa-butter-with-vitamin-e-moisturizer-200ge,pa_ingredient,,vitamin-e
set,37483,the-body-shop-tea-tree-targeted-gel-5-x-2-5ml,pa_ingredient,,tea-tree
set,37480,the-body-shop-tea-tree-iconic-oil-collections-3-peice-3x-10ml,pa_ingredient,,tea-tree
set,37471,the-body-shop-tea-tree-night-lotion-30ml,pa_ingredient,,tea-tree
set,37468,the-body-shop-tea-tree-anti-imperfection-solution-50-ml,pa_ingredient,,tea-tree
set,37465,the-body-shop-tea-tree-oil-20ml,pa_ingredient,,tea-tree
set,37462,the-body-shop-vitamin-c-glow-boosting-moisturiser-50ml,pa_ingredient,,vitamin-c
set,37459,the-body-shop-vitamin-e-nourishing-night-cream-72h-50ml,pa_ingredient,,vitamin-e
set,37455,the-body-shop-seaweed-oil-control-gel-cream-50ml,pa_skin_type,,oily
set,37427,veet-hair-removal-cream-silk-and-fresh-for-sensitive-100ml,pa_skin_type,,sensitive
set,37420,veet-hair-removal-cream-silk-for-sensitive-skin-100ge,pa_skin_type,,sensitive
set,37414,the-body-shop-vitamin-e-gel-moisture-cream-50ml,pa_ingredient,,vitamin-e
set,37384,the-body-shop-vitamin-e-cream-cleanser-250ml,pa_ingredient,,vitamin-e
set,37375,the-body-shop-tea-tree-skin-clearing-facial-wash-250ml,pa_ingredient,,tea-tree
set,37372,the-body-shop-tea-tree-mattifying-lotion-50ml,pa_ingredient,,tea-tree
set,37363,the-body-shop-vitamin-c-facial-cleansing-polish-125ml,pa_ingredient,,vitamin-c
set,37356,the-body-shop-vitamin-e-gentle-facial-wash-125ml,pa_ingredient,,vitamin-e
set,37172,eucerin-dermo-purifyer-oil-control-scrub-100ml,pa_skin_type,,oily
set,37138,eucerin-anti-age-hyaluron-filler-vitamin-c-booster-8ml,pa_ingredient,,vitamin-c
set,37130,eucerin-hyaluron-filler-vitamin-c-booster-3x8ml,pa_ingredient,,vitamin-c
set,37105,eucerin-oil-control-sun-gel-cream-dry-touch-spf-50-50ml,pa_skin_type,,oily
set,37091,xpel-tea-tree-foaming-face-wash-200ml,pa_ingredient,,tea-tree
set,37085,xpel-tea-tree-oil-10ml,pa_ingredient,,tea-tree
set,36950,the-body-shop-tea-tree-flawless-bb-cream-03-dark,pa_ingredient,,tea-tree
set,36947,the-body-shop-tea-tree-flawless-bb-cream-02-medium,pa_ingredient,,tea-tree
set,36944,the-body-shop-tea-tree-flawless-bb-cream-01-light,pa_ingredient,,tea-tree
set,36649,neutrogena-hydro-boost-gel-cream-for-dry-skin-50ml,pa_skin_type,,dry
set,36439,cerave-hydrating-hyaluronic-acid-serum-30ml,pa_ingredient,,hyaluronic-acid
set,36356,stives-blackhead-clearing-green-tea-scrub-170ge,pa_ingredient,,tea-tree
set,36223,bioderma-photoderm-max-spf-50-cream-40ml,pa_skin_type,,sensitive
set,35045,boots-vitamin-c-brightening-eye-gel-15ml,pa_ingredient,,vitamin-c
set,31868,cos-de-baha-aha-serum-30ml-n30,pa_ingredient,,bifida
set,27228,the-inkey-list-lactic-acid-serum-30ml,pa_ingredient,,aha
set,27212,the-inkey-list-salicylic-acid-cleanser-150ml,pa_ingredient,,bha
set,27211,purito-centella-unscented-serum-60ml-3,pa_ingredient,,centella
set,27207,benton-goodbye-redness-centella-spot-cream-15ml,pa_ingredient,,centella
set,27205,benton-tea-tree-serum-30ml,pa_ingredient,,tea-tree
set,27175,some-by-mi-charcoal-bha-pore-clay-bubble-mask-50ml,pa_ingredient,,bha
set,27167,3w-clinic-green-tea-foam-cleansing-100ml-3,pa_ingredient,,tea-tree
set,27072,dabo-collagen-lifting-eye-cream-for-face-30ml,pa_ingredient,,collagen
set,27069,dabo-s-o-s-recovery-cica-cream-50ml,pa_ingredient,,centella
set,27055,the-face-shop-herbday-365-cleansing-foam-aloe-green-tea-170ml,pa_ingredient,,tea-tree
set,27021,some-by-mi-snail-truecica-miracle-all-in-one-set-4pcs,pa_ingredient,,centella
set,26973,farm-stay-cica-farm-nature-solution-cleansing-foam-180ml,pa_ingredient,,centella
set,26972,paulas-choice-skin-perfecting-2-bha-liquid-exfoliant-30ml,pa_ingredient,,bha
set,26933,cosrx-pure-fit-cica-serum-30ml,pa_ingredient,,centella
set,26751,cos-de-baha-ma-peptide-cream-pc-45ml,pa_ingredient,,peptide
set,26750,cos-de-baha-aha-serum-60ml-n60,pa_ingredient,,hyaluronic-acid|aha
set,26749,cos-de-baha-centella-asiatica-facial-serum-ch-30ml,pa_ingredient,,centella
set,26660,cos-de-baha-azelaic-acid-10-serum-30ml-3,pa_ingredient,,azelaic-acid
set,26655,cos-de-baha-niacinamide-10-zinc-pca-1-serum-30ml,pa_ingredient,,niacinamide
set,26540,im-from-rice-cream-50g,pa_ingredient,,rice
set,26350,some-by-mi-red-teatree-madecassoside-cream-60g,pa_ingredient,,centella
set,26267,the-body-shop-vitamin-e-night-nourishing-cream-50ml,pa_ingredient,,vitamin-e
set,26169,cerave-resurfacing-retinol-serum-30ml,pa_ingredient,,retinol
set,26132,cerave-sa-smoothing-cream-with-salicylic-acid-340gm,pa_ingredient,,bha
set,4379,benton-deep-green-tea-cleansing-foam-120g,pa_ingredient,,tea-tree
set,4351,cosrx-pure-fit-cica-cleanser-150ml,pa_ingredient,,centella
set,4329,cosrx-full-fit-propolis-honey-overnight-mask-60ml,pa_ingredient,,propolis
set,4326,cosrx-full-fit-propolis-light-cream-65-ml,pa_ingredient,,propolis
set,4322,benton-aloe-propolis-soothing-gel-100ml,pa_ingredient,,propolis
set,4321,beauty-of-joseon-centella-asiatica-calming-mask-1pcs,pa_ingredient,,centella
set,4318,beauty-of-joseon-calming-serum-green-teapanthenol-30ml,pa_ingredient,,tea-tree
set,4289,isntree-hyaluronic-acid-toner-plus-200ml,pa_ingredient,,hyaluronic-acid
set,4287,some-by-mi-cica-peptide-anti-hair-loss-derma-scalp-tonic-150ml,pa_ingredient,,centella|peptide
set,4286,some-by-mi-cica-peptide-anti-hair-loss-derma-scalp-treatment-50ml,pa_ingredient,,centella|peptide
set,4285,some-by-mi-cica-peptide-anti-hair-loss-derma-scalp-shampoo-285ml,pa_ingredient,,centella|peptide
set,4284,mi-some-by-mi-yuja-niacin-brightening-moisture-gel-cream-100ml,pa_ingredient,,niacinamide
set,4261,cosrx-cica-7-relief-kit-3-step,pa_ingredient,,centella
set,4260,cosrx-honey-glow-kit-propolis-trial-kit-3-step,pa_ingredient,,propolis
set,4188,beauty-of-joseon-bubble-toner-green-plum-aha-150ml,pa_ingredient,,aha
set,4186,beauty-of-joseon-ginseng-essence-water-150ml,pa_ingredient,,ginseng
set,4176,nacific-pink-aha-bha-4pcs-kit,pa_ingredient,,bha|aha
set,4149,cosrx-advanced-snail-mucin-gel-cleanser-150ml,pa_ingredient,,snail-mucin
set,4139,nella-ferment-underarm-whitening-cream-50ml,pa_ingredient,,tea-tree
set,4134,iunik-vitamin-hyaluronic-acid-vitalizing-toner-200ml,pa_ingredient,,hyaluronic-acid
set,4096,iunik-tea-tree-relief-toner-200ml,pa_ingredient,,tea-tree
set,4095,iunik-tea-tree-relief-serum-50ml,pa_ingredient,,tea-tree
set,4092,iunik-centella-calming-gel-cream-60ml,pa_ingredient,,centella
set,4091,iunik-propolis-vitamin-synergy-serum-50ml,pa_ingredient,,propolis
set,4089,ryo-hair-loss-care-shampoo-for-oily-scalp-400ml,pa_skin_type,,oily
set,4088,jumiso-super-soothing-cica-aloe-facial-serum-30ml,pa_ingredient,,centella
set,4069,isntree-real-mugwort-clay-mask-100ml,pa_ingredient,,mugwort
set,4064,innisfree-the-green-tea-seed-cream-50ml,pa_ingredient,,hyaluronic-acid|tea-tree
set,4063,innisfree-the-green-tea-seed-deep-cream-50ml,pa_ingredient,,tea-tree
set,4006,neogen-real-cica-micellar-cleansing-oil-300ml,pa_ingredient,,centella
set,3961,neogen-real-cica-micellar-cleansing-foam,pa_ingredient,,centella
set,3954,neogen-dermalogy-real-fresh-foam-green-tea-160g,pa_ingredient,,tea-tree
set,3915,im-from-ginseng-eye-cream-30g,pa_ingredient,,ginseng
set,3912,im-from-mugwort-mask-110g,pa_ingredient,,mugwort
set,3878,im-from-mugwort-sheet-mask-23ml,pa_ingredient,,mugwort
set,3821,dear-klairs-freshly-juiced-vitamin-e-mask-15ml,pa_ingredient,,vitamin-e
set,3757,cosrx-green-tea-aqua-soothing-gel-cream-50ml,pa_ingredient,,tea-tree
set,3749,im-from-mugwort-essence-160ml,pa_ingredient,,mugwort
set,3746,some-by-mi-aha-bha-pha-30-days-cleansing-bar,pa_ingredient,,bha|aha
set,3745,some-by-mi-red-teatree-cicassoside-final-solution-toner-150ml,pa_ingredient,,centella
set,3712,some-by-mi-red-teatree-cicassoside-final-solution-serum-50ml,pa_ingredient,,centella
set,3710,dabo-natural-rich-massage-cream-green-tea-200ml,pa_ingredient,,tea-tree
set,3707,beauty-of-joseon-repair-serum-ginsengsnail-mucin-30ml,pa_ingredient,,ginseng|snail-mucin
set,3706,3w-clinic-collagen-luxury-gold-premium-eye-cream-40ml,pa_ingredient,,collagen
set,3702,some-by-mi-aha-bha-pha-30-days-miracle-clear-body-cleanser-400g,pa_ingredient,,bha|aha
set,3699,some-by-mi-galactomyces-pure-vitamin-c-glow-toner-200ml,pa_ingredient,,vitamin-c|bifida
set,3674,jumiso-have-a-good-cream-snail-centella,pa_ingredient,,centella
set,3608,some-by-mi-bye-bye-blackhead-green-tea-tox-bubble-cleanser-120g,pa_ingredient,,tea-tree
set,3603,the-faceshop-rice-water-bright-cleansing-cream200ml,pa_ingredient,,rice
set,3527,some-by-mi-aha-bha-pha-30-days-starter-kit-4pcs,pa_ingredient,,bha|aha
set,3407,laneige-cica-sleeping-mask-60ml,pa_ingredient,,centella
set,3361,coreana-orthia-gold-ginseng-premium-snail-cream,pa_ingredient,,ginseng
set,3321,skinfood-tea-tree-clearing-toner-150ml,pa_ingredient,,tea-tree
set,3273,by-wishtrend-polyphenols-in-propolis-15-ampoule-30ml,pa_ingredient,,propolis
set,3218,jnh-ultimate-vitamin-c-cream-25g,pa_ingredient,,vitamin-c
set,3186,some-by-mi-snail-truecica-repair-starter-kit-4pcs,pa_ingredient,,centella
set,3135,coxir-tea-tree-pore-sebum-toner-150ml,pa_ingredient,,tea-tree
set,3134,coxir-ultra-hyaluronic-toner-150ml,pa_ingredient,,hyaluronic-acid
set,3133,coxir-ultra-hyaluronic-cream-50ml,pa_ingredient,,hyaluronic-acid
set,3107,coxir-ultra-hyaluronic-ampoule-50ml,pa_ingredient,,hyaluronic-acid
set,3106,coxir-ultra-hyaluronic-cleansing-oil-150ml,pa_ingredient,,hyaluronic-acid
set,3102,coxir-black-snail-collagen-serum-50ml,pa_ingredient,,collagen
set,2972,purito-pure-vitamin-c-serum-60ml,pa_ingredient,,vitamin-c
set,2966,purito-centella-unscented-serum-15ml,pa_ingredient,,centella
set,2961,purito-centella-green-level-calming-toner-200ml,pa_ingredient,,centella
set,2737,cosrx-advanced-snail-peptide-eye-cream-25ml,pa_ingredient,,peptide
set,2728,im-from-rice-toner-150ml,pa_ingredient,,rice
set,2617,some-by-mi-snail-truecica-miracle-repair-low-ph-gel-cleanser-100ml,pa_ingredient,,centella
set,2616,some-by-mi-yuja-niacin-brightening-sleeping-mask-60g,pa_ingredient,,niacinamide
set,2597,some-by-mi-galactomyces-pure-vitamin-c-glow-serum-30ml,pa_ingredient,,vitamin-c|bifida
set,2594,cosrx-galactomyces-95-tone-balancing-essence-100ml,pa_ingredient,,bifida
set,2592,cosrx-aha-bha-clarifying-treatment-toner-150ml,pa_ingredient,,bha|aha
set,2591,cosrx-advanced-snail-mucin-96-power-essence-100ml,pa_ingredient,,snail-mucin
set,2587,some-by-mi-aha-bha-pha-30-days-cream-60gm,pa_ingredient,,bha|aha
set,2584,some-by-mi-snail-truecica-miracle-repair-serum-50ml,pa_ingredient,,centella
set,2583,some-by-mi-yuja-niacin-blemish-care-serum-50ml,pa_ingredient,,niacinamide
set,27208,isntree-hyaluronic-acid-watery-sun-gel-80ml,pa_ingredient,,hyaluronic-acid
set,27068,dabo-uv-protection-collagen-lifting-sun-cream-spf50-pa-70ml,pa_ingredient,,collagen
set,26654,cos-de-baha-vitamin-c-15-serum-30ml,pa_ingredient,,vitamin-c
set,26620,farm-stay-i-am-real-fruit-banana-hand-cream,pa_ingredient,,hyaluronic-acid|collagen
set,26541,im-from-rice-serum-30ml,pa_ingredient,,rice
set,4291,beauty-of-joseon-glow-serum-propolis-niacinamide-30ml,pa_ingredient,,niacinamide|propolis
set,4264,cosrx-hyaluronic-acid-hydra-power-essence-100ml,pa_ingredient,,hyaluronic-acid
set,4263,cosrx-hyaluronic-acid-intensive-cream-100gm,pa_ingredient,,hyaluronic-acid
set,4262,cosrx-centella-blemish-cream-30gm,pa_ingredient,,centella
set,4259,cosrx-aha-7-whitehead-power-liquid-100ml,pa_ingredient,,aha
set,4226,paxmoly-99-deep-marine-collagen-soothing-gel-30g,pa_ingredient,,collagen
set,4225,3w-clinic-collagen-and-luxury-revitalizing-comfort-24k-gold-essence-150ml,pa_ingredient,,collagen
set,4223,cosrx-balancium-comfort-ceramide-cream-80g,pa_ingredient,,ceramide
set,4138,purito-centella-unscented-toner-200ml,pa_ingredient,,centella
set,4137,purito-centella-unscented-recovery-cream-50ml,pa_ingredient,,centella
set,4010,im-from-rice-toner-30g,pa_ingredient,,rice
set,3819,tiam-hyaluronic-water-plumping-serum-40ml,pa_ingredient,,hyaluronic-acid
set,3768,purito-dermide-cica-barrier-sleeping-pack-80ml,pa_ingredient,,centella
set,3703,3w-clinic-3w-clinic-collagen-whitening-cream-60ml,pa_ingredient,,collagen
set,3700,cosrx-advanced-snail-92-all-in-one-cream100g,pa_ingredient,,snail-mucin
set,3673,jumiso-yes-i-am-toner-aha-5-150ml,pa_ingredient,,aha
set,3669,korean-red-ginseng-tea-100-bags,pa_ingredient,,ginseng
set,3607,some-by-mi-snail-truecica-miracle-repair-cream-60g,pa_ingredient,,centella
set,3497,3w-clinic-collagen-and-luxury-gold-cream-100ml,pa_ingredient,,collagen
set,3272,by-wishtrend-mandelic-acid-5-skin-prep-water-150ml,pa_ingredient,,aha
set,3217,the-face-shop-rice-water-bright-light-cleansing-oil-150ml-2,pa_ingredient,,rice
set,3188,the-face-shop-rice-water-bright-light-cleansing-oil-150ml,pa_ingredient,,rice
set,3184,tiam-ac-fighting-aha-bha-pha-toner-180ml,pa_ingredient,,bha|aha
set,3138,coxir-black-snail-collagen-eye-cream-30ml,pa_ingredient,,collagen
set,3100,nacific-phyto-niacin-whitening-toner-150ml,pa_ingredient,,niacinamide
set,3065,nacific-phyto-niacin-whitening-essence-50ml,pa_ingredient,,niacinamide
set,2963,purito-centella-green-level-recovery-cream-50ml,pa_ingredient,,centella
set,2962,purito-centella-green-level-eye-cream-30ml,pa_ingredient,,centella
set,2913,innisfree-green-tea-sleeping-mask-80ml,pa_ingredient,,tea-tree
set,2886,innisfree-my-real-squeeze-mask-ginseng-20ml,pa_ingredient,,ginseng
set,2884,innisfree-the-green-tea-seed-eye-cream-30ml,pa_ingredient,,tea-tree
set,2856,innisfree-my-real-squeeze-mask-tea-tree-20ml,pa_ingredient,,tea-tree
set,2854,innisfree-bija-cica-gel-ex-40ml,pa_ingredient,,centella
set,2851,innisfree-green-tea-cleansing-oil-150ml,pa_ingredient,,tea-tree
set,2782,innisfree-green-tea-amino-hydrating-cleansing-foam-150ml,pa_ingredient,,tea-tree
set,2781,the-faceshop-rice-water-bright-foaming-cleanser-150ml,pa_ingredient,,rice
set,2779,innisfree-the-green-tea-seed-serum-80ml,pa_ingredient,,tea-tree
set,2739,coxir-black-snail-collagen-cream-50ml,pa_ingredient,,collagen
set,2627,some-by-mi-truecica-mineral-calming-tone-up-suncream-50ml,pa_ingredient,,centella
set,2619,some-by-mi-pure-vitamin-c-v10-cleansing-soap-100g,pa_ingredient,,vitamin-c
set,2615,some-by-mi-snail-truecica-miracle-repair-toner-135ml,pa_ingredient,,centella
set,2598,some-by-mi-ahabhapha-30-days-miracle-acne-clear-foam-100ml,pa_ingredient,,bha|aha
set,2593,cosrx-centella-water-alcohol-free-toner,pa_ingredient,,centella
set,2589,some-by-mi-yuja-niacin-30-days-brightening-toner,pa_ingredient,,niacinamide
set,2585,cosrx-bha-blackhead-power-liquid-100ml,pa_ingredient,,bha
set,23486,cerave-skin-renewing-retinol-serum-30ml,pa_ingredient,,retinol
set,23083,the-ordinary-aha-30bha-2-peeling-solution-30ml,pa_ingredient,,bha|aha
set,26355,some-by-mi-aha-bha-pha-30-days-miracle-cleansing-bar,pa_ingredient,,bha|aha
